StartDate,EndDate,Status,Progress,Duration (in seconds),Finished,RecordedDate,ResponseId,DistributionChannel,UserLanguage,"Prolific ID ","Consent ","Age ","Gender ",OMSI,Gen_1,Gen_2,Gen_3,Gen_4,Gen_5,Gen_6,Gen_7,Gen_8,Gen_9,Gen_10,Gen_11,Gen_12,Gen_13,Gen_14,Gen_15,Gen_16,Gen_17,Gen_18,Gen_19,Gen_20,Gen_21,Gen_22,Gen_23,Gen_24,Gen_25,Gen_26,Gen_27,Gen_28,Gen_29,Gen_30,Gen_31,Gen_32,Gen_33,Gen_34,Gen_35,Gen_36,Emotion,PROLIFIC_PID,Vignette,VigNro
Start Date,End Date,Response Type,Progress,Duration (in seconds),Finished,Recorded Date,Response ID,Distribution Channel,User Language,"What is your prolific ID?
Please note that this response should auto-fill with the correct ID",Do you consent to participating?,"What is your age? (e.g., 99)",What is your gender?,"In terms of your musical interest and expertise, which title best describes you?","Imagine yourself in the following scenario and then rate how you would respond to the following statements in that experience:

 
[Field-Vignette] - Listening to music was a good way of entertaining myself","Imagine yourself in the following scenario and then rate how you would respond to the following statements in that experience:

 
[Field-Vignette] - I was having a good time listening to the music","Imagine yourself in the following scenario and then rate how you would respond to the following statements in that experience:

 
[Field-Vignette] - I used the music to have a good time","Imagine yourself in the following scenario and then rate how you would respond to the following statements in that experience:

 
[Field-Vignette] - The music helped me break away from the situation","Imagine yourself in the following scenario and then rate how you would respond to the following statements in that experience:

 
[Field-Vignette] - Music acted as a mental shield against my distressing thoughts","Imagine yourself in the following scenario and then rate how you would respond to the following statements in that experience:

 
[Field-Vignette] - I wanted the music to help me forget what I was doing","Imagine yourself in the following scenario and then rate how you would respond to the following statements in that experience:

 
[Field-Vignette] - The music made me feel calm or relaxed","Imagine yourself in the following scenario and then rate how you would respond to the following statements in that experience:

 
[Field-Vignette] - I was using the music to relax","Imagine yourself in the following scenario and then rate how you would respond to the following statements in that experience:

 
[Field-Vignette] - Music provided a relaxing mood","Imagine yourself in the following scenario and then rate how you would respond to the following statements in that experience:

 
[Field-Vignette] - The music was motivating me to do something","Imagine yourself in the following scenario and then rate how you would respond to the following statements in that experience:

 
[Field-Vignette] - The music pumped me up","Imagine yourself in the following scenario and then rate how you would respond to the following statements in that experience:

 
[Field-Vignette] - I used the music to motivate myself","Imagine yourself in the following scenario and then rate how you would respond to the following statements in that experience:

 
[Field-Vignette] - The music helped me concentrate","Imagine yourself in the following scenario and then rate how you would respond to the following statements in that experience:

 
[Field-Vignette] - Music helped me focus on what I was doing","Imagine yourself in the following scenario and then rate how you would respond to the following statements in that experience:

 
[Field-Vignette] - I was more focused while listening to the music","Imagine yourself in the following scenario and then rate how you would respond to the following statements in that experience:

 
[Field-Vignette] - I felt connected to the people I was sharing this musical experience with","Imagine yourself in the following scenario and then rate how you would respond to the following statements in that experience:

 
[Field-Vignette] - I felt a bond with the other people listening to the music","Imagine yourself in the following scenario and then rate how you would respond to the following statements in that experience:

 
[Field-Vignette] - The music made me feel more connected to a group","Imagine yourself in the following scenario and then rate how you would respond to the following statements in that experience:

 
[Field-Vignette] - Listening to music made me feel less lonely","Imagine yourself in the following scenario and then rate how you would respond to the following statements in that experience:

 
[Field-Vignette] - The music helped me feel less lonely","Imagine yourself in the following scenario and then rate how you would respond to the following statements in that experience:

 
[Field-Vignette] - I used the music to keep me company","Imagine yourself in the following scenario and then rate how you would respond to the following statements in that experience:

 
[Field-Vignette] - I found solace in the music","Imagine yourself in the following scenario and then rate how you would respond to the following statements in that experience:

 
[Field-Vignette] - Listening to music comforted me","Imagine yourself in the following scenario and then rate how you would respond to the following statements in that experience:

 
[Field-Vignette] - The music was comforting to me","Imagine yourself in the following scenario and then rate how you would respond to the following statements in that experience:

 
[Field-Vignette] - The music helped me express myself","Imagine yourself in the following scenario and then rate how you would respond to the following statements in that experience:

 
[Field-Vignette] - Listening to music helped me express how I was feeling","Imagine yourself in the following scenario and then rate how you would respond to the following statements in that experience:

 
[Field-Vignette] - I vented my emotions by listening to music that expressed my feelings","Imagine yourself in the following scenario and then rate how you would respond to the following statements in that experience:

 
[Field-Vignette] - The music provided me with a spiritual experience","Imagine yourself in the following scenario and then rate how you would respond to the following statements in that experience:

 
[Field-Vignette] - The music related to my spirituality","Imagine yourself in the following scenario and then rate how you would respond to the following statements in that experience:

 
[Field-Vignette] - I wanted the music to take me somewhere spiritually","Imagine yourself in the following scenario and then rate how you would respond to the following statements in that experience:

 
[Field-Vignette] - Listening to the music stimulated my curiosity","Imagine yourself in the following scenario and then rate how you would respond to the following statements in that experience:

 
[Field-Vignette] - The music sparked my curiosity","Imagine yourself in the following scenario and then rate how you would respond to the following statements in that experience:

 
[Field-Vignette] - I appreciated the beauty of the music","Imagine yourself in the following scenario and then rate how you would respond to the following statements in that experience:

 
[Field-Vignette] - The experience was enhanced by the beauty of the music","Imagine yourself in the following scenario and then rate how you would respond to the following statements in that experience:

 
[Field-Vignette] - I had an unforgettable experience alongside the music","Imagine yourself in the following scenario and then rate how you would respond to the following statements in that experience:

 
[Field-Vignette] - If you see this statement then select strongly disagree","What are the most likely emotion labels you would use to describe your experience in this situation?

[Field-Vignette]",PROLIFIC_PID,Vignette,VigNro
"{""ImportId"":""startDate"",""timeZone"":""America/Denver""}","{""ImportId"":""endDate"",""timeZone"":""America/Denver""}","{""ImportId"":""status""}","{""ImportId"":""progress""}","{""ImportId"":""duration""}","{""ImportId"":""finished""}","{""ImportId"":""recordedDate"",""timeZone"":""America/Denver""}","{""ImportId"":""_recordId""}","{""ImportId"":""distributionChannel""}","{""ImportId"":""userLanguage""}","{""ImportId"":""QID1218656811_TEXT""}","{""ImportId"":""QID1218656807""}","{""ImportId"":""QID1218656808_TEXT""}","{""ImportId"":""QID1218656809""}","{""ImportId"":""QID1218656810""}","{""ImportId"":""QID58_1""}","{""ImportId"":""QID58_2""}","{""ImportId"":""QID58_3""}","{""ImportId"":""QID58_4""}","{""ImportId"":""QID58_5""}","{""ImportId"":""QID58_6""}","{""ImportId"":""QID58_7""}","{""ImportId"":""QID58_8""}","{""ImportId"":""QID58_9""}","{""ImportId"":""QID58_10""}","{""ImportId"":""QID58_11""}","{""ImportId"":""QID58_12""}","{""ImportId"":""QID58_13""}","{""ImportId"":""QID58_14""}","{""ImportId"":""QID58_15""}","{""ImportId"":""QID58_16""}","{""ImportId"":""QID58_17""}","{""ImportId"":""QID58_18""}","{""ImportId"":""QID58_19""}","{""ImportId"":""QID58_20""}","{""ImportId"":""QID58_21""}","{""ImportId"":""QID58_22""}","{""ImportId"":""QID58_23""}","{""ImportId"":""QID58_24""}","{""ImportId"":""QID58_25""}","{""ImportId"":""QID58_26""}","{""ImportId"":""QID58_27""}","{""ImportId"":""QID58_28""}","{""ImportId"":""QID58_29""}","{""ImportId"":""QID58_30""}","{""ImportId"":""QID58_31""}","{""ImportId"":""QID58_32""}","{""ImportId"":""QID58_33""}","{""ImportId"":""QID58_34""}","{""ImportId"":""QID58_35""}","{""ImportId"":""QID58_36""}","{""ImportId"":""QID59""}","{""ImportId"":""PROLIFIC_PID""}","{""ImportId"":""Vignette""}","{""ImportId"":""VigNro""}"
2025-09-09 10:09:36,2025-09-09 10:11:49,IP Address,100,133,True,2025-09-09 10:11:50,R_2JlXO64QKhqf9y5,anonymous,EN,5c7cf2bff2fe9400019295d7,Yes,30,Female,Music-loving nonmusician,Strongly agree (5),Strongly agree (5),Strongly agree (5),3,4,4,4,3,4,4,Strongly agree (5),3,3,4,3,4,4,4,4,Strongly agree (5),Strongly agree (5),4,4,4,Strongly agree (5),4,4,3,Strongly agree (5),Strongly agree (5),4,4,Strongly agree (5),Strongly agree (5),Strongly agree (5),Strongly disagree       (1),"Filled with wonder, amazed,Moved, touched,Enchanted, in awe,Inspired, enthusiastic,Energetic, lively,Joyful, wanting to dance,Powerful, strong,Full of tenderness, warmhearted,Relaxed, peaceful,Nostalgic, sentimental",5c7cf2bff2fe9400019295d7,"Halfway through a concert, you realise you have been fully absorbed in the power and meaning of the music. It feels as if the music has taken you into a transcendent experience, which is exactly what you hoped for before the concert.",10
2025-09-09 10:09:41,2025-09-09 10:13:29,IP Address,100,227,True,2025-09-09 10:13:29,R_8uB2MtVgHmhcVVL,anonymous,EN,677c1d9dfa8c2311e7c89659,Yes,32,Female,Music-loving nonmusician,4,4,4,Strongly agree (5),4,Strongly agree (5),4,2,3,2,Strongly agree (5),3,2,2,Strongly disagree       (1),4,4,4,4,3,4,Strongly agree (5),Strongly agree (5),Strongly agree (5),3,4,4,Strongly disagree       (1),3,Strongly disagree       (1),Strongly agree (5),Strongly agree (5),Strongly agree (5),Strongly agree (5),4,Strongly disagree       (1),"Filled with wonder, amazed,Moved, touched,Enchanted, in awe,Inspired, enthusiastic,Energetic, lively,Powerful, strong,Full of tenderness, warmhearted,Nostalgic, sentimental",677c1d9dfa8c2311e7c89659,"While out for a walk, you hear a busker playing incredible sounding music you have never discovered before. You are not sure what is attracting your interest to the music but you allow yourself to be taken in by the music and its new emotional direction.",11
2025-09-09 10:09:27,2025-09-09 10:15:06,IP Address,100,338,True,2025-09-09 10:15:06,R_2k02uepse3EHY1s,anonymous,EN,5b9d57e5737d030001ad2cbf,Yes,58,Male,Music-loving nonmusician,Strongly agree (5),4,2,Strongly agree (5),4,Strongly agree (5),Strongly agree (5),4,4,2,2,Strongly disagree       (1),2,Strongly agree (5),4,Strongly disagree       (1),4,Strongly disagree       (1),Strongly agree (5),Strongly agree (5),4,Strongly agree (5),4,4,Strongly agree (5),4,4,Strongly disagree       (1),Strongly disagree       (1),Strongly disagree       (1),4,2,Strongly agree (5),4,2,Strongly disagree       (1),"Full of tenderness, warmhearted,Relaxed, peaceful,Melancholic, sad",5b9d57e5737d030001ad2cbf,"As you travel alone for an extended period, you put on your partner’s favourite music. The music makes you feel as if they are there with you.",7
2025-09-09 10:13:10,2025-09-09 10:16:00,IP Address,100,170,True,2025-09-09 10:16:01,R_2TNaApImded3dAR,anonymous,EN,5ee5defbfe74a3000d106f51,Yes,33,Male,Nonmusician,3,3,4,4,4,4,4,3,3,3,3,4,3,4,3,4,3,3,3,3,3,3,4,4,3,3,4,4,3,3,3,4,3,4,3,Strongly disagree       (1),"Filled with wonder, amazed,Energetic, lively,Powerful, strong,Nostalgic, sentimental",5ee5defbfe74a3000d106f51,"While listening to a playlist, you come across a song that deeply resonates with what you are experiencing. It communicated something about yourself that you’ve struggled to explain to others.",9
2025-09-09 10:18:41,2025-09-09 10:22:03,IP Address,100,202,True,2025-09-09 10:22:04,R_2AE7WXw124v39Bo,anonymous,EN,5efb49177e130c0785b93842,Yes,32,Female,Amateur musician,4,4,3,4,4,3,4,Strongly agree (5),Strongly agree (5),4,3,4,Strongly agree (5),Strongly agree (5),4,3,3,4,4,Strongly agree (5),Strongly agree (5),Strongly agree (5),Strongly agree (5),Strongly agree (5),3,Strongly agree (5),Strongly agree (5),3,4,4,3,3,Strongly agree (5),4,3,Strongly disagree       (1),"Powerful, strong,Relaxed, peaceful",5efb49177e130c0785b93842,"You have just been told that you didn’t get the job you applied for. To handle the news, you turn to music to provide a sense of support as you manage your thoughts.",8
2025-09-09 10:28:33,2025-09-09 10:28:51,IP Address,100,17,True,2025-09-09 10:28:52,R_8ZBp6w24H4Q7oZ3,anonymous,EN,572f526c3c27e7000e0b8aaa,No,,,,,,,,,,,,,,,,,,,,,,,,,,,,,,,,,,,,,,,,,572f526c3c27e7000e0b8aaa,"Halfway through a concert, you realise you have been fully absorbed in the power and meaning of the music. It feels as if the music has taken you into a transcendent experience, which is exactly what you hoped for before the concert.",10
2025-09-09 10:28:02,2025-09-09 10:29:41,IP Address,100,98,True,2025-09-09 10:29:41,R_2hxUqDg00begefA,anonymous,EN,58fc6017ee99a700012ce5d8,Yes,42,Male,Amateur musician,4,4,3,3,2,3,3,4,3,3,4,3,4,3,4,3,3,3,3,3,3,4,3,4,4,3,3,3,3,3,3,3,3,3,3,3,"Inspired, enthusiastic,Relaxed, peaceful",58fc6017ee99a700012ce5d8,In order to get ready to exercise you decide to put on music which gives you the right frame of mind.,4
2025-09-09 10:28:18,2025-09-09 10:29:48,IP Address,100,90,True,2025-09-09 10:29:48,R_8Ih3yFNr6DCppA9,anonymous,EN,66cb2e0bd2169db778550269,Yes,25,Male,Amateur musician,4,4,4,3,3,2,4,4,3,3,Strongly agree (5),4,4,4,4,3,3,3,4,2,2,2,Strongly agree (5),Strongly agree (5),4,Strongly agree (5),4,4,3,4,3,4,4,Strongly agree (5),4,Strongly disagree       (1),"Filled with wonder, amazed,Moved, touched",66cb2e0bd2169db778550269,"While with your friends at a cafe, a particular song comes on. You instantly recognise the music from your past, leading to an exchange of stories about your experiences together.",6
2025-09-09 10:27:55,2025-09-09 10:29:49,IP Address,100,113,True,2025-09-09 10:29:49,R_8OcS9ynyeMez6vQ,anonymous,EN,602c0fc2eff74b4748e9b41e,Yes,35,Male,Music-loving nonmusician,Strongly agree (5),4,4,4,Strongly agree (5),2,4,4,Strongly agree (5),4,2,Strongly agree (5),4,4,Strongly agree (5),4,4,4,4,4,4,4,4,4,4,4,Strongly agree (5),4,4,4,4,Strongly agree (5),4,4,Strongly agree (5),Strongly disagree       (1),"Filled with wonder, amazed,Moved, touched,Enchanted, in awe,Inspired, enthusiastic,Powerful, strong,Full of tenderness, warmhearted,Relaxed, peaceful,Melancholic, sad,Nostalgic, sentimental",602c0fc2eff74b4748e9b41e,"As you sit outside on your lunch break, you hear amazing music drifting in from a nearby building. While admiring the graceful nature of the music itself, you notice how it intensifies your lunch break into a unique and lasting experience.",12
2025-09-09 10:27:51,2025-09-09 10:30:00,IP Address,100,128,True,2025-09-09 10:30:00,R_2yYKF7zLQHJWXv3,anonymous,EN,672f488089b8f59064c010fc,Yes,38,Male,Music-loving nonmusician,Strongly agree (5),Strongly agree (5),Strongly agree (5),Strongly agree (5),Strongly agree (5),Strongly agree (5),Strongly agree (5),Strongly agree (5),Strongly agree (5),Strongly agree (5),Strongly agree (5),Strongly agree (5),Strongly agree (5),4,Strongly agree (5),Strongly agree (5),Strongly agree (5),Strongly agree (5),Strongly agree (5),Strongly agree (5),Strongly agree (5),Strongly agree (5),Strongly agree (5),Strongly agree (5),Strongly agree (5),Strongly agree (5),4,Strongly agree (5),3,Strongly agree (5),Strongly agree (5),4,Strongly agree (5),Strongly agree (5),Strongly agree (5),Strongly disagree       (1),"Filled with wonder, amazed,Moved, touched,Inspired, enthusiastic,Energetic, lively,Joyful, wanting to dance,Powerful, strong,Relaxed, peaceful",672f488089b8f59064c010fc,It was pointed out that you missed an important detail in your work which you now have to redo. You put on a music playlist to drown out self-criticism as you fix the mistake.,2
2025-09-09 10:27:59,2025-09-09 10:30:06,IP Address,100,126,True,2025-09-09 10:30:06,R_89cZTqcph3e9Snw,anonymous,EN,5ea00067d330db1ac58c6163,Yes,65,Female,Music-loving nonmusician,4,Strongly agree (5),3,4,4,4,4,Strongly agree (5),Strongly agree (5),3,2,3,4,3,3,3,2,2,4,Strongly agree (5),3,3,Strongly agree (5),4,4,4,3,2,2,2,3,3,Strongly agree (5),4,4,Strongly disagree       (1),"Moved, touched,Joyful, wanting to dance,Relaxed, peaceful,Nostalgic, sentimental",5ea00067d330db1ac58c6163,"While listening to a playlist, you come across a song that deeply resonates with what you are experiencing. It communicated something about yourself that you’ve struggled to explain to others.",9
2025-09-09 10:28:04,2025-09-09 10:30:11,IP Address,100,127,True,2025-09-09 10:30:11,R_8hbXClPpNMdQEJr,anonymous,EN,66c5ee0d624ca2722eebfa1c,Yes,22,Female,Music-loving nonmusician,4,4,Strongly agree (5),4,4,4,4,4,4,4,3,4,2,2,2,4,4,3,4,4,4,3,Strongly agree (5),4,4,4,4,4,4,4,4,4,4,4,3,Strongly disagree       (1),"Filled with wonder, amazed,Moved, touched,Enchanted, in awe,Inspired, enthusiastic,Full of tenderness, warmhearted,Relaxed, peaceful,Nostalgic, sentimental",66c5ee0d624ca2722eebfa1c,"While with your friends at a cafe, a particular song comes on. You instantly recognise the music from your past, leading to an exchange of stories about your experiences together.",6
2025-09-09 10:27:58,2025-09-09 10:30:16,IP Address,100,138,True,2025-09-09 10:30:16,R_8HAZHbjPenVwDNu,anonymous,EN,570157c6917228000d8d4b6a,Yes,33,Male,Amateur musician,Strongly agree (5),Strongly agree (5),Strongly agree (5),Strongly agree (5),Strongly agree (5),3,Strongly agree (5),Strongly agree (5),Strongly agree (5),Strongly agree (5),Strongly agree (5),Strongly agree (5),Strongly agree (5),Strongly agree (5),Strongly agree (5),Strongly agree (5),Strongly agree (5),Strongly agree (5),Strongly agree (5),Strongly agree (5),Strongly agree (5),Strongly agree (5),Strongly agree (5),Strongly agree (5),Strongly agree (5),Strongly agree (5),Strongly agree (5),Strongly disagree       (1),Strongly disagree       (1),Strongly disagree       (1),Strongly agree (5),Strongly agree (5),Strongly agree (5),Strongly agree (5),Strongly agree (5),Strongly disagree       (1),"Filled with wonder, amazed,Moved, touched,Inspired, enthusiastic,Energetic, lively,Joyful, wanting to dance,Powerful, strong,Full of tenderness, warmhearted,Relaxed, peaceful,Nostalgic, sentimental",570157c6917228000d8d4b6a,"Halfway through a concert, you realise you have been fully absorbed in the power and meaning of the music. It feels as if the music has taken you into a transcendent experience, which is exactly what you hoped for before the concert.",10
2025-09-09 10:28:25,2025-09-09 10:30:19,IP Address,100,114,True,2025-09-09 10:30:20,R_8feTh0sWkD8WGCo,anonymous,EN,5abbe13268b65b00018cf94b,Yes,26,Male,Nonmusician,4,4,4,4,4,4,4,4,4,4,4,4,4,4,4,4,4,4,4,4,4,4,4,4,4,4,4,4,4,4,4,4,4,4,4,Strongly disagree       (1),"Powerful, strong",5abbe13268b65b00018cf94b,In order to get ready to exercise you decide to put on music which gives you the right frame of mind.,4
2025-09-09 10:28:17,2025-09-09 10:30:22,IP Address,100,124,True,2025-09-09 10:30:22,R_80GhN3XIH0jFgTv,anonymous,EN,5d34862748bf98000146b64f,Yes,32,Male,Music-loving nonmusician,Strongly agree (5),Strongly agree (5),Strongly agree (5),3,Strongly agree (5),Strongly agree (5),Strongly agree (5),Strongly agree (5),Strongly agree (5),2,3,4,Strongly agree (5),Strongly agree (5),Strongly agree (5),3,3,3,3,3,4,Strongly agree (5),4,Strongly agree (5),2,4,4,2,Strongly disagree       (1),Strongly disagree       (1),3,2,Strongly agree (5),4,Strongly disagree       (1),Strongly disagree       (1),"Relaxed, peaceful,Nostalgic, sentimental",5d34862748bf98000146b64f,"While listening to a playlist, you come across a song that deeply resonates with what you are experiencing. It communicated something about yourself that you’ve struggled to explain to others.",9
2025-09-09 10:28:00,2025-09-09 10:30:22,IP Address,100,142,True,2025-09-09 10:30:23,R_2J4LVOzudCQScdI,anonymous,EN,5b0712a66c2e20000157909c,Yes,36,Male,Music-loving nonmusician,4,4,4,4,3,4,4,4,4,2,2,2,2,2,3,2,2,2,4,4,4,4,4,4,2,3,4,Strongly disagree       (1),Strongly disagree       (1),Strongly disagree       (1),2,2,4,4,2,Strongly disagree       (1),"Full of tenderness, warmhearted,Relaxed, peaceful",5b0712a66c2e20000157909c,"After a long and demanding week, you take time to rest by listening to music. The stress melts away and you start to recover as you listen along.",3
2025-09-09 10:28:00,2025-09-09 10:30:25,IP Address,100,144,True,2025-09-09 10:30:25,R_8DNuTTJP17sIsbf,anonymous,EN,63f87480149da1634d6c4464,Yes,25,Male,Music-loving nonmusician,4,2,4,4,4,4,Strongly agree (5),4,Strongly agree (5),Strongly disagree       (1),2,4,2,3,2,2,2,3,Strongly disagree       (1),Strongly disagree       (1),Strongly disagree       (1),4,4,4,3,3,4,2,3,3,4,2,4,4,2,Strongly disagree       (1),"Tense, uneasy,Melancholic, sad,Indifferent, bored,Agitated, aggressive",63f87480149da1634d6c4464,"You have just been told that you didn’t get the job you applied for. To handle the news, you turn to music to provide a sense of support as you manage your thoughts.",8
2025-09-09 10:28:06,2025-09-09 10:30:27,IP Address,100,140,True,2025-09-09 10:30:29,R_2JxAf5Oe1c1dQyL,anonymous,EN,5a8f01d95292b80001235d34,Yes,54,Female,Amateur musician,3,2,2,3,4,4,3,4,3,2,2,3,2,3,3,Strongly agree (5),Strongly agree (5),4,2,2,Strongly agree (5),2,3,2,2,4,Strongly agree (5),4,3,4,2,2,3,3,Strongly disagree       (1),Strongly disagree       (1),"Melancholic, sad,Nostalgic, sentimental",5a8f01d95292b80001235d34,"As you travel alone for an extended period, you put on your partner’s favourite music. The music makes you feel as if they are there with you.",7
2025-09-09 10:28:13,2025-09-09 10:30:30,IP Address,100,137,True,2025-09-09 10:30:30,R_8Ea9I7tzDJIewPj,anonymous,EN,66b5172c8f0bd3b23ce66c22,Yes,28,Female,Nonmusician,4,4,3,3,2,2,4,4,4,3,3,3,3,3,3,2,2,2,3,3,3,4,4,4,2,2,2,2,2,2,3,3,4,3,3,Strongly disagree       (1),"Relaxed, peaceful",66b5172c8f0bd3b23ce66c22,"As you sit outside on your lunch break, you hear amazing music drifting in from a nearby building. While admiring the graceful nature of the music itself, you notice how it intensifies your lunch break into a unique and lasting experience.",12
2025-09-09 10:28:12,2025-09-09 10:30:31,IP Address,100,139,True,2025-09-09 10:30:32,R_2q3pWsY7CkFPSxY,anonymous,EN,5b14161e30d562000155e871,Yes,29,Male,Music-loving nonmusician,4,Strongly agree (5),4,Strongly agree (5),Strongly agree (5),Strongly agree (5),Strongly agree (5),4,Strongly agree (5),Strongly agree (5),4,Strongly agree (5),3,4,3,Strongly agree (5),Strongly agree (5),Strongly agree (5),4,Strongly agree (5),Strongly agree (5),Strongly agree (5),Strongly agree (5),Strongly agree (5),Strongly agree (5),Strongly agree (5),2,3,Strongly agree (5),4,Strongly agree (5),Strongly agree (5),Strongly agree (5),4,Strongly agree (5),Strongly disagree       (1),"Inspired, enthusiastic",5b14161e30d562000155e871,"As you sit outside on your lunch break, you hear amazing music drifting in from a nearby building. While admiring the graceful nature of the music itself, you notice how it intensifies your lunch break into a unique and lasting experience.",12
2025-09-09 10:28:17,2025-09-09 10:30:31,IP Address,100,134,True,2025-09-09 10:30:32,R_82EZITQJ0tjNRKh,anonymous,EN,5fceb997bc11f516590460ee,Yes,34,Female,Nonmusician,Strongly agree (5),Strongly agree (5),4,3,3,Strongly disagree       (1),4,3,4,Strongly agree (5),Strongly agree (5),Strongly agree (5),Strongly agree (5),Strongly agree (5),Strongly agree (5),Strongly disagree       (1),Strongly disagree       (1),Strongly disagree       (1),Strongly disagree       (1),3,Strongly disagree       (1),4,4,4,Strongly disagree       (1),2,Strongly disagree       (1),Strongly disagree       (1),Strongly disagree       (1),Strongly disagree       (1),Strongly disagree       (1),2,Strongly agree (5),Strongly agree (5),Strongly disagree       (1),Strongly disagree       (1),"Energetic, lively,Powerful, strong",5fceb997bc11f516590460ee,In order to get ready to exercise you decide to put on music which gives you the right frame of mind.,4
2025-09-09 10:27:54,2025-09-09 10:30:43,IP Address,100,168,True,2025-09-09 10:30:43,R_8hHntujaaartFMK,anonymous,EN,66e484aa361904c9801c6837,Yes,63,Female,Music-loving nonmusician,Strongly agree (5),Strongly agree (5),Strongly agree (5),2,2,Strongly disagree       (1),3,3,2,4,4,4,3,Strongly agree (5),Strongly agree (5),Strongly agree (5),4,Strongly agree (5),Strongly agree (5),4,4,2,Strongly agree (5),4,4,Strongly agree (5),4,3,2,2,3,3,4,Strongly agree (5),3,Strongly disagree       (1),"Inspired, enthusiastic,Energetic, lively,Joyful, wanting to dance,Powerful, strong,Nostalgic, sentimental",66e484aa361904c9801c6837,"While with your friends at a cafe, a particular song comes on. You instantly recognise the music from your past, leading to an exchange of stories about your experiences together.",6
2025-09-09 10:28:13,2025-09-09 10:30:44,IP Address,100,151,True,2025-09-09 10:30:44,R_8OIfLoGIIcE60aJ,anonymous,EN,6658b14cfcfccc0b76bb64f7,Yes,30,Male,Music-loving nonmusician,Strongly agree (5),Strongly agree (5),Strongly agree (5),4,4,4,Strongly agree (5),Strongly agree (5),Strongly agree (5),Strongly agree (5),Strongly agree (5),Strongly agree (5),4,4,4,Strongly agree (5),4,Strongly agree (5),4,3,Strongly agree (5),Strongly agree (5),Strongly agree (5),4,Strongly agree (5),Strongly agree (5),2,4,Strongly agree (5),Strongly agree (5),3,Strongly agree (5),Strongly agree (5),Strongly agree (5),3,Strongly disagree       (1),"Filled with wonder, amazed,Moved, touched,Inspired, enthusiastic,Energetic, lively,Joyful, wanting to dance",6658b14cfcfccc0b76bb64f7,"After a long and demanding week, you take time to rest by listening to music. The stress melts away and you start to recover as you listen along.",3
2025-09-09 10:27:53,2025-09-09 10:30:57,IP Address,100,183,True,2025-09-09 10:30:57,R_8jTrPHlDdoO6WVH,anonymous,EN,5bcda2ee6fd72000014996e4,Yes,40,Male,Amateur musician,4,4,4,4,4,4,4,3,4,4,4,4,4,4,4,2,2,2,2,2,2,4,Strongly agree (5),4,4,4,2,2,2,2,2,2,4,4,3,Strongly disagree       (1),"Inspired, enthusiastic,Powerful, strong",5bcda2ee6fd72000014996e4,In order to get ready to exercise you decide to put on music which gives you the right frame of mind.,4
2025-09-09 10:27:55,2025-09-09 10:31:01,IP Address,100,185,True,2025-09-09 10:31:01,R_8BgneZUJwMnNGcu,anonymous,EN,6783ebc2e89b75d66d952f41,Yes,58,Male,Music-loving nonmusician,4,3,3,4,4,3,4,4,4,4,3,3,3,3,4,3,4,4,4,4,3,4,4,4,4,4,3,3,3,2,3,3,3,4,4,Strongly disagree       (1),"Moved, touched,Inspired, enthusiastic,Energetic, lively,Relaxed, peaceful",6783ebc2e89b75d66d952f41,"You have an intricate task that requires your attention. To put your mind to it, you turn on a specific music playlist.",5
2025-09-09 10:28:10,2025-09-09 10:31:08,IP Address,100,177,True,2025-09-09 10:31:08,R_8qr5TLVOtHlDI2R,anonymous,EN,6760580745ecb73102f83f3d,Yes,30,Female,Amateur musician,4,Strongly agree (5),4,4,Strongly agree (5),4,Strongly agree (5),4,4,4,Strongly agree (5),Strongly agree (5),Strongly agree (5),Strongly agree (5),4,3,3,3,4,4,4,4,Strongly agree (5),4,4,4,4,3,2,4,Strongly agree (5),4,4,4,3,Strongly disagree       (1),"Energetic, lively,Tense, uneasy,Agitated, aggressive",6760580745ecb73102f83f3d,It was pointed out that you missed an important detail in your work which you now have to redo. You put on a music playlist to drown out self-criticism as you fix the mistake.,2
2025-09-09 10:28:00,2025-09-09 10:31:09,IP Address,100,188,True,2025-09-09 10:31:09,R_2CDn9gBhcHzdVdA,anonymous,EN,6016f0e16f7aec8af4152aa4,Yes,43,Male,Nonmusician,4,Strongly agree (5),Strongly agree (5),Strongly agree (5),3,4,4,4,3,3,3,4,3,3,3,3,3,3,3,3,4,3,3,3,2,3,3,3,3,2,Strongly agree (5),Strongly agree (5),4,Strongly agree (5),3,Strongly disagree       (1),"Inspired, enthusiastic,Relaxed, peaceful",6016f0e16f7aec8af4152aa4,"As you sit outside on your lunch break, you hear amazing music drifting in from a nearby building. While admiring the graceful nature of the music itself, you notice how it intensifies your lunch break into a unique and lasting experience.",12
2025-09-09 10:28:34,2025-09-09 10:31:17,IP Address,100,162,True,2025-09-09 10:31:17,R_2Qgsm4rXd9qCipk,anonymous,EN,65fc193a88719c667afc4451,Yes,41,Male,Serious amateur musician,Strongly agree (5),Strongly agree (5),Strongly agree (5),Strongly agree (5),Strongly agree (5),4,Strongly agree (5),Strongly agree (5),Strongly agree (5),Strongly agree (5),Strongly agree (5),Strongly agree (5),Strongly agree (5),Strongly agree (5),4,Strongly agree (5),Strongly agree (5),Strongly agree (5),Strongly agree (5),4,Strongly agree (5),Strongly agree (5),Strongly agree (5),4,Strongly agree (5),4,Strongly agree (5),Strongly agree (5),4,Strongly agree (5),Strongly agree (5),Strongly agree (5),4,Strongly agree (5),Strongly agree (5),4,"Moved, touched,Inspired, enthusiastic,Energetic, lively,Relaxed, peaceful",65fc193a88719c667afc4451,"You have just been told that you didn’t get the job you applied for. To handle the news, you turn to music to provide a sense of support as you manage your thoughts.",8
2025-09-09 10:28:16,2025-09-09 10:31:20,IP Address,100,184,True,2025-09-09 10:31:20,R_8ESS9IFtGhRVr7l,anonymous,EN,5af5a5c3226ed5000133d67c,Yes,50,Male,Music-loving nonmusician,Strongly agree (5),Strongly agree (5),Strongly agree (5),Strongly disagree       (1),Strongly disagree       (1),Strongly disagree       (1),3,3,3,Strongly disagree       (1),4,2,Strongly disagree       (1),Strongly disagree       (1),2,Strongly agree (5),Strongly agree (5),Strongly agree (5),2,2,Strongly disagree       (1),2,2,Strongly disagree       (1),3,2,Strongly disagree       (1),Strongly disagree       (1),Strongly disagree       (1),Strongly disagree       (1),3,2,4,4,4,Strongly disagree       (1),"Energetic, lively,Joyful, wanting to dance,Relaxed, peaceful",5af5a5c3226ed5000133d67c,You are attending a celebration where music is the heart of the party. You are able to join in the fun which is aided by the music throughout the event.,1
2025-09-09 10:28:11,2025-09-09 10:31:23,IP Address,100,192,True,2025-09-09 10:31:23,R_28fFIxDLyRTIvYt,anonymous,EN,5ac4b010f69e940001d97645,Yes,46,Female,Nonmusician,Strongly disagree       (1),2,Strongly disagree       (1),2,4,Strongly disagree       (1),4,3,3,3,Strongly disagree       (1),3,3,4,4,Strongly disagree       (1),Strongly disagree       (1),Strongly disagree       (1),2,3,3,4,Strongly agree (5),Strongly agree (5),3,2,2,Strongly disagree       (1),Strongly disagree       (1),Strongly disagree       (1),Strongly disagree       (1),Strongly disagree       (1),2,Strongly disagree       (1),Strongly disagree       (1),Strongly disagree       (1),"Tense, uneasy,Melancholic, sad",5ac4b010f69e940001d97645,It was pointed out that you missed an important detail in your work which you now have to redo. You put on a music playlist to drown out self-criticism as you fix the mistake.,2
2025-09-09 10:28:22,2025-09-09 10:31:33,IP Address,100,191,True,2025-09-09 10:31:33,R_8R4aNTeguS2J0Tr,anonymous,EN,5f3e6a07e06e71069f919082,Yes,34,Male,Music-loving nonmusician,4,4,4,3,2,3,Strongly agree (5),3,4,2,2,2,4,2,3,2,Strongly agree (5),2,2,Strongly disagree       (1),3,4,4,4,2,4,3,3,2,3,4,3,4,Strongly agree (5),3,Strongly disagree       (1),"Moved, touched,Enchanted, in awe,Inspired, enthusiastic,Nostalgic, sentimental",5f3e6a07e06e71069f919082,"While out for a walk, you hear a busker playing incredible sounding music you have never discovered before. You are not sure what is attracting your interest to the music but you allow yourself to be taken in by the music and its new emotional direction.",11
2025-09-09 10:28:03,2025-09-09 10:31:36,IP Address,100,212,True,2025-09-09 10:31:36,R_8O0ReqPNZNkUZTA,anonymous,EN,58954e2dc88c680001dd4b7e,Yes,60,Male,Nonmusician,Strongly agree (5),Strongly agree (5),4,3,4,3,4,4,4,3,4,3,3,4,4,4,4,4,4,4,4,4,4,4,4,3,3,3,3,3,3,3,Strongly agree (5),4,4,Strongly disagree       (1),"Filled with wonder, amazed,Moved, touched,Enchanted, in awe,Energetic, lively,Full of tenderness, warmhearted,Relaxed, peaceful,Melancholic, sad,Nostalgic, sentimental",58954e2dc88c680001dd4b7e,You are attending a celebration where music is the heart of the party. You are able to join in the fun which is aided by the music throughout the event.,1
2025-09-09 10:28:51,2025-09-09 10:31:36,IP Address,100,165,True,2025-09-09 10:31:37,R_20DINHnpezGeE21,anonymous,EN,5cf1824f1ae74d00015fbd39,Yes,50,Male,Music-loving nonmusician,4,Strongly agree (5),4,2,4,4,4,4,Strongly agree (5),4,3,4,3,3,4,Strongly agree (5),4,Strongly agree (5),4,3,3,3,Strongly agree (5),4,4,4,4,4,4,3,4,4,Strongly agree (5),4,4,Strongly disagree       (1),"Inspired, enthusiastic,Relaxed, peaceful,Nostalgic, sentimental",5cf1824f1ae74d00015fbd39,"While with your friends at a cafe, a particular song comes on. You instantly recognise the music from your past, leading to an exchange of stories about your experiences together.",6
2025-09-09 10:29:39,2025-09-09 10:31:42,IP Address,100,123,True,2025-09-09 10:31:42,R_8jZgufejz32Shut,anonymous,EN,614873a43b76bea1f97ee78f,Yes,51,Female,Music-loving nonmusician,4,Strongly agree (5),3,4,4,4,4,4,4,4,4,3,4,4,4,Strongly agree (5),4,Strongly agree (5),Strongly agree (5),4,Strongly agree (5),4,4,Strongly agree (5),4,4,4,4,Strongly agree (5),4,4,4,4,4,Strongly agree (5),Strongly disagree       (1),"Filled with wonder, amazed,Inspired, enthusiastic,Energetic, lively,Joyful, wanting to dance,Powerful, strong,Relaxed, peaceful",614873a43b76bea1f97ee78f,"After a long and demanding week, you take time to rest by listening to music. The stress melts away and you start to recover as you listen along.",3
2025-09-09 10:28:18,2025-09-09 10:31:46,IP Address,100,207,True,2025-09-09 10:31:46,R_81dCO9MUXbZkdbZ,anonymous,EN,6659e2efdb732dbd7f707a98,Yes,20,Male,Serious amateur musician,4,Strongly agree (5),4,Strongly agree (5),4,4,2,2,2,4,4,4,2,Strongly disagree       (1),2,3,2,3,3,2,3,4,2,Strongly agree (5),4,4,3,4,4,Strongly agree (5),3,3,Strongly agree (5),Strongly agree (5),Strongly agree (5),Strongly disagree       (1),"Filled with wonder, amazed,Moved, touched,Enchanted, in awe,Powerful, strong,Full of tenderness, warmhearted,Nostalgic, sentimental",6659e2efdb732dbd7f707a98,"Halfway through a concert, you realise you have been fully absorbed in the power and meaning of the music. It feels as if the music has taken you into a transcendent experience, which is exactly what you hoped for before the concert.",10
2025-09-09 10:29:40,2025-09-09 10:31:51,IP Address,100,131,True,2025-09-09 10:31:52,R_84ovaxAJJ1vfCQx,anonymous,EN,5b4a3ab1bc06c90001f902f4,Yes,42,Female,Nonmusician,3,3,2,4,4,4,4,4,3,2,3,2,3,3,3,2,2,3,4,4,4,4,4,4,3,4,4,3,3,3,3,3,2,2,2,Strongly disagree       (1),"Tense, uneasy,Melancholic, sad",5b4a3ab1bc06c90001f902f4,"You have just been told that you didn’t get the job you applied for. To handle the news, you turn to music to provide a sense of support as you manage your thoughts.",8
2025-09-09 10:31:49,2025-09-09 10:31:57,IP Address,100,8,True,2025-09-09 10:31:57,R_85s9SzxY4rrT9WB,anonymous,EN,671a5785170a0f6380c51f28,No,,,,,,,,,,,,,,,,,,,,,,,,,,,,,,,,,,,,,,,,,671a5785170a0f6380c51f28,"After a long and demanding week, you take time to rest by listening to music. The stress melts away and you start to recover as you listen along.",3
2025-09-09 10:28:37,2025-09-09 10:31:58,IP Address,100,200,True,2025-09-09 10:31:58,R_2E9L19mmFfM9flE,anonymous,EN,5ac22f45436f550001ffbad2,Yes,67,Male,Music-loving nonmusician,4,4,4,4,4,4,4,4,Strongly agree (5),4,Strongly agree (5),Strongly agree (5),4,4,3,4,4,4,4,3,4,4,4,4,4,4,4,4,Strongly agree (5),4,4,4,4,4,4,Strongly disagree       (1),"Inspired, enthusiastic,Joyful, wanting to dance,Powerful, strong,Agitated, aggressive",5ac22f45436f550001ffbad2,It was pointed out that you missed an important detail in your work which you now have to redo. You put on a music playlist to drown out self-criticism as you fix the mistake.,2
2025-09-09 10:29:58,2025-09-09 10:31:59,IP Address,100,120,True,2025-09-09 10:31:59,R_2xAbrWIw2LkPtMu,anonymous,EN,5a6e411fe6cc4a0001b6d24b,Yes,30,Male,Nonmusician,4,3,Strongly agree (5),4,3,4,4,Strongly agree (5),4,Strongly agree (5),4,4,4,4,4,2,4,3,4,Strongly agree (5),4,Strongly agree (5),4,4,4,4,4,2,2,4,4,4,3,4,2,Strongly disagree       (1),"Agitated, aggressive",5a6e411fe6cc4a0001b6d24b,It was pointed out that you missed an important detail in your work which you now have to redo. You put on a music playlist to drown out self-criticism as you fix the mistake.,2
2025-09-09 10:28:11,2025-09-09 10:32:03,IP Address,100,232,True,2025-09-09 10:32:03,R_20o3SBW5HVwbvyP,anonymous,EN,6786682cfe5424ad10237085,Yes,65,Male,Serious amateur musician,Strongly agree (5),Strongly agree (5),2,Strongly agree (5),Strongly agree (5),Strongly agree (5),4,4,4,2,Strongly agree (5),4,Strongly agree (5),Strongly agree (5),4,Strongly disagree       (1),Strongly disagree       (1),Strongly disagree       (1),Strongly agree (5),Strongly agree (5),4,Strongly agree (5),Strongly agree (5),Strongly agree (5),4,Strongly agree (5),Strongly agree (5),Strongly agree (5),Strongly agree (5),Strongly agree (5),Strongly agree (5),4,Strongly agree (5),Strongly agree (5),Strongly agree (5),Strongly disagree       (1),"Moved, touched,Enchanted, in awe,Inspired, enthusiastic,Powerful, strong,Full of tenderness, warmhearted,Tense, uneasy,Melancholic, sad",6786682cfe5424ad10237085,"You have just been told that you didn’t get the job you applied for. To handle the news, you turn to music to provide a sense of support as you manage your thoughts.",8
2025-09-09 10:30:09,2025-09-09 10:32:06,IP Address,100,116,True,2025-09-09 10:32:06,R_8CmvFVVQ0k7GE6w,anonymous,EN,5ecd36302b4d3c05d4cc1ba2,Yes,57,Female,Music-loving nonmusician,4,4,2,3,2,2,Strongly agree (5),4,4,3,2,3,3,4,3,2,4,2,4,4,4,4,4,4,4,4,2,4,4,4,3,2,Strongly agree (5),4,2,Strongly disagree       (1),"Moved, touched,Full of tenderness, warmhearted,Relaxed, peaceful",5ecd36302b4d3c05d4cc1ba2,"As you travel alone for an extended period, you put on your partner’s favourite music. The music makes you feel as if they are there with you.",7
2025-09-09 10:28:57,2025-09-09 10:32:06,IP Address,100,189,True,2025-09-09 10:32:06,R_2G7nUYBh6Afhozi,anonymous,EN,59a7cfeb7ff2320001ec59d9,Yes,56,Female,Nonmusician,4,3,4,3,Strongly disagree       (1),4,3,4,3,4,4,4,4,Strongly agree (5),4,Strongly disagree       (1),Strongly disagree       (1),Strongly disagree       (1),Strongly disagree       (1),Strongly disagree       (1),3,2,3,3,3,4,4,Strongly disagree       (1),2,2,2,3,2,2,2,Strongly disagree       (1),"Inspired, enthusiastic,Energetic, lively,Powerful, strong",59a7cfeb7ff2320001ec59d9,In order to get ready to exercise you decide to put on music which gives you the right frame of mind.,4
2025-09-09 10:28:35,2025-09-09 10:32:06,IP Address,100,211,True,2025-09-09 10:32:07,R_2PnOoqMqUd5ylrt,anonymous,EN,66aba420ff3e6b366e465ffc,Yes,37,Female,Music-loving nonmusician,3,4,4,4,3,3,4,4,4,4,3,3,3,3,3,3,3,3,3,4,3,3,3,4,3,3,3,3,3,3,3,3,3,4,3,Strongly disagree       (1),"Filled with wonder, amazed,Joyful, wanting to dance,Powerful, strong,Full of tenderness, warmhearted,Relaxed, peaceful,None of these",66aba420ff3e6b366e465ffc,"You have an intricate task that requires your attention. To put your mind to it, you turn on a specific music playlist.",5
2025-09-09 10:30:15,2025-09-09 10:32:06,IP Address,100,111,True,2025-09-09 10:32:07,R_8S34eayOS4tTYrG,anonymous,EN,5483702ffdf99b24c654b810,Yes,43,Male,Amateur musician,Strongly agree (5),Strongly agree (5),Strongly agree (5),2,2,2,4,4,4,4,Strongly agree (5),4,3,Strongly agree (5),4,Strongly agree (5),Strongly agree (5),Strongly agree (5),2,2,4,3,Strongly agree (5),4,4,Strongly agree (5),4,2,Strongly disagree       (1),4,4,4,Strongly agree (5),Strongly agree (5),4,Strongly disagree       (1),"Filled with wonder, amazed,Moved, touched,Joyful, wanting to dance",5483702ffdf99b24c654b810,"While with your friends at a cafe, a particular song comes on. You instantly recognise the music from your past, leading to an exchange of stories about your experiences together.",6
2025-09-09 10:29:11,2025-09-09 10:32:07,IP Address,100,176,True,2025-09-09 10:32:07,R_2rSNPDfAfKKKfjQ,anonymous,EN,5d8878251f684d0001737c56,Yes,45,Female,Music-loving nonmusician,Strongly agree (5),Strongly agree (5),Strongly agree (5),4,Strongly agree (5),Strongly agree (5),Strongly agree (5),Strongly agree (5),Strongly agree (5),3,4,4,3,3,3,4,4,4,Strongly agree (5),Strongly agree (5),4,Strongly agree (5),Strongly agree (5),4,Strongly agree (5),Strongly agree (5),4,4,4,3,Strongly agree (5),Strongly agree (5),Strongly agree (5),4,4,Strongly disagree       (1),"Moved, touched,Full of tenderness, warmhearted,Relaxed, peaceful",5d8878251f684d0001737c56,"While out for a walk, you hear a busker playing incredible sounding music you have never discovered before. You are not sure what is attracting your interest to the music but you allow yourself to be taken in by the music and its new emotional direction.",11
2025-09-09 10:30:05,2025-09-09 10:32:08,IP Address,100,123,True,2025-09-09 10:32:08,R_8J4au9XLypu8yKJ,anonymous,EN,67059d99d1093140330a3926,Yes,23,Female,Amateur musician,4,4,4,4,3,4,4,4,4,3,3,4,3,2,3,3,3,3,4,4,2,4,4,4,4,4,4,Strongly disagree       (1),Strongly disagree       (1),Strongly disagree       (1),2,2,4,4,2,Strongly disagree       (1),"Powerful, strong,Relaxed, peaceful,Nostalgic, sentimental",67059d99d1093140330a3926,"While listening to a playlist, you come across a song that deeply resonates with what you are experiencing. It communicated something about yourself that you’ve struggled to explain to others.",9
2025-09-09 10:27:52,2025-09-09 10:32:10,IP Address,100,258,True,2025-09-09 10:32:11,R_2pq9Y5lrhIM6N33,anonymous,EN,582f8bbd4cadc80001b0fbd3,Yes,39,Male,Music-loving nonmusician,Strongly agree (5),Strongly agree (5),Strongly agree (5),Strongly agree (5),Strongly agree (5),Strongly agree (5),Strongly agree (5),Strongly agree (5),Strongly agree (5),4,Strongly agree (5),4,4,Strongly agree (5),4,4,4,4,Strongly agree (5),Strongly agree (5),Strongly agree (5),Strongly agree (5),Strongly agree (5),Strongly agree (5),4,4,4,4,4,4,4,4,Strongly agree (5),4,4,Strongly disagree       (1),"Filled with wonder, amazed,Moved, touched,Relaxed, peaceful,Nostalgic, sentimental",582f8bbd4cadc80001b0fbd3,"After a long and demanding week, you take time to rest by listening to music. The stress melts away and you start to recover as you listen along.",3
2025-09-09 10:28:51,2025-09-09 10:32:11,IP Address,100,200,True,2025-09-09 10:32:11,R_8ZgBaZ4MRohXZ4J,anonymous,EN,5a0c036857cee70001767a58,Yes,55,Female,Nonmusician,2,2,Strongly disagree       (1),4,4,2,4,4,3,3,Strongly disagree       (1),4,3,3,2,Strongly disagree       (1),Strongly disagree       (1),Strongly disagree       (1),2,Strongly disagree       (1),Strongly disagree       (1),4,4,2,2,Strongly disagree       (1),2,Strongly disagree       (1),Strongly disagree       (1),Strongly disagree       (1),Strongly disagree       (1),Strongly disagree       (1),2,Strongly disagree       (1),Strongly disagree       (1),Strongly disagree       (1),"Tense, uneasy",5a0c036857cee70001767a58,It was pointed out that you missed an important detail in your work which you now have to redo. You put on a music playlist to drown out self-criticism as you fix the mistake.,2
2025-09-09 10:28:26,2025-09-09 10:32:11,IP Address,100,224,True,2025-09-09 10:32:12,R_8n7cZMHIEdJWRB5,anonymous,EN,5962a9280b835400010a7617,Yes,51,Male,Music-loving nonmusician,Strongly agree (5),4,4,2,Strongly disagree       (1),2,3,4,4,4,Strongly agree (5),4,4,4,4,3,4,3,3,3,4,3,4,4,3,4,3,2,2,2,2,2,4,4,4,Strongly disagree       (1),"Filled with wonder, amazed,Energetic, lively,Joyful, wanting to dance,Powerful, strong",5962a9280b835400010a7617,"While with your friends at a cafe, a particular song comes on. You instantly recognise the music from your past, leading to an exchange of stories about your experiences together.",6
2025-09-09 10:27:58,2025-09-09 10:32:11,IP Address,100,253,True,2025-09-09 10:32:12,R_2qWNvUu6sgOjOKt,anonymous,EN,5ee0edcb962eba464f486b40,Yes,66,Male,Music-loving nonmusician,4,3,Strongly disagree       (1),3,2,2,4,Strongly agree (5),Strongly agree (5),4,4,4,4,3,4,2,2,3,Strongly disagree       (1),Strongly disagree       (1),Strongly disagree       (1),3,Strongly agree (5),4,2,3,Strongly disagree       (1),Strongly disagree       (1),Strongly disagree       (1),Strongly disagree       (1),2,2,3,4,Strongly disagree       (1),Strongly disagree       (1),"Relaxed, peaceful,Nostalgic, sentimental",5ee0edcb962eba464f486b40,"You have an intricate task that requires your attention. To put your mind to it, you turn on a specific music playlist.",5
2025-09-09 10:28:29,2025-09-09 10:32:16,IP Address,100,226,True,2025-09-09 10:32:16,R_2IZ2WziGEYPuznf,anonymous,EN,5dc71b96d210e45213e92359,Yes,46,Male,Music-loving nonmusician,Strongly agree (5),Strongly agree (5),Strongly agree (5),2,Strongly disagree       (1),2,3,3,3,2,Strongly agree (5),3,3,3,Strongly agree (5),3,4,3,2,2,3,2,3,3,Strongly disagree       (1),2,2,2,2,2,Strongly agree (5),Strongly agree (5),4,4,4,Strongly disagree       (1),"Filled with wonder, amazed,Enchanted, in awe,Energetic, lively",5dc71b96d210e45213e92359,"While out for a walk, you hear a busker playing incredible sounding music you have never discovered before. You are not sure what is attracting your interest to the music but you allow yourself to be taken in by the music and its new emotional direction.",11
2025-09-09 10:28:26,2025-09-09 10:32:17,IP Address,100,230,True,2025-09-09 10:32:17,R_2Pe0wrV11pq1c95,anonymous,EN,65b67ca8930e8f5dbfa8d4e6,Yes,63,Female,Music-loving nonmusician,3,3,3,Strongly agree (5),Strongly agree (5),Strongly agree (5),4,Strongly agree (5),Strongly agree (5),4,3,4,4,4,Strongly agree (5),4,3,3,4,Strongly agree (5),4,Strongly agree (5),Strongly agree (5),Strongly agree (5),Strongly agree (5),4,Strongly agree (5),4,4,4,4,4,Strongly agree (5),4,3,Strongly disagree       (1),"Moved, touched,Enchanted, in awe,Powerful, strong,Melancholic, sad",65b67ca8930e8f5dbfa8d4e6,"While listening to a playlist, you come across a song that deeply resonates with what you are experiencing. It communicated something about yourself that you’ve struggled to explain to others.",9
2025-09-09 10:28:05,2025-09-09 10:32:20,IP Address,100,255,True,2025-09-09 10:32:20,R_822wDZ3ok7DAsrD,anonymous,EN,5d628bb8d293be0017808bf6,Yes,69,Female,Music-loving nonmusician,4,4,3,4,3,2,3,2,4,3,4,3,3,3,4,2,3,2,4,3,4,3,4,4,3,3,2,2,2,2,3,2,4,3,3,Strongly disagree       (1),"Joyful, wanting to dance",5d628bb8d293be0017808bf6,"As you travel alone for an extended period, you put on your partner’s favourite music. The music makes you feel as if they are there with you.",7
2025-09-09 10:28:28,2025-09-09 10:32:23,IP Address,100,234,True,2025-09-09 10:32:23,R_8QTTmq82H8JT7nb,anonymous,EN,5cb4f4ec46ed130001d15b05,Yes,58,Female,Music-loving nonmusician,Strongly agree (5),Strongly agree (5),Strongly agree (5),4,4,4,Strongly agree (5),Strongly agree (5),Strongly agree (5),Strongly agree (5),Strongly agree (5),4,Strongly agree (5),Strongly agree (5),4,4,4,4,4,Strongly agree (5),4,Strongly agree (5),Strongly agree (5),Strongly agree (5),4,Strongly agree (5),4,3,3,3,Strongly agree (5),4,Strongly agree (5),Strongly agree (5),Strongly agree (5),Strongly disagree       (1),"Filled with wonder, amazed,Moved, touched,Inspired, enthusiastic,Relaxed, peaceful,Nostalgic, sentimental",5cb4f4ec46ed130001d15b05,"After a long and demanding week, you take time to rest by listening to music. The stress melts away and you start to recover as you listen along.",3
2025-09-09 10:30:07,2025-09-09 10:32:24,IP Address,100,137,True,2025-09-09 10:32:24,R_8FzZah5170p70Hc,anonymous,EN,6329c13285c93cafdf51ed77,Yes,45,Male,Amateur musician,4,4,Strongly agree (5),2,3,4,4,4,4,3,4,4,4,3,3,3,3,3,4,4,4,3,4,3,2,2,2,3,2,Strongly disagree       (1),4,4,4,4,3,Strongly disagree       (1),"Inspired, enthusiastic,Powerful, strong,Nostalgic, sentimental",6329c13285c93cafdf51ed77,In order to get ready to exercise you decide to put on music which gives you the right frame of mind.,4
2025-09-09 10:30:05,2025-09-09 10:32:37,IP Address,100,151,True,2025-09-09 10:32:37,R_2jNgUaKvBM7G8vW,anonymous,EN,5ea8c40504081a31ebd22b41,Yes,62,Female,Amateur musician,4,4,3,Strongly disagree       (1),Strongly disagree       (1),3,4,2,3,Strongly disagree       (1),3,Strongly disagree       (1),3,2,Strongly disagree       (1),3,Strongly agree (5),4,Strongly agree (5),Strongly agree (5),4,4,4,Strongly agree (5),4,4,Strongly agree (5),2,Strongly disagree       (1),Strongly disagree       (1),2,2,3,4,Strongly disagree       (1),Strongly disagree       (1),"Full of tenderness, warmhearted,Nostalgic, sentimental",5ea8c40504081a31ebd22b41,"As you travel alone for an extended period, you put on your partner’s favourite music. The music makes you feel as if they are there with you.",7
2025-09-09 10:30:33,2025-09-09 10:32:39,IP Address,100,126,True,2025-09-09 10:32:40,R_2yeFrgDZGN2AS3g,anonymous,EN,6697cf02d714e7ee3fdedcec,Yes,41,Male,Music-loving nonmusician,4,4,4,4,3,4,4,4,4,3,4,2,4,4,4,2,2,2,2,2,2,4,4,4,3,4,4,Strongly disagree       (1),Strongly disagree       (1),Strongly disagree       (1),3,3,4,4,2,Strongly disagree       (1),"Moved, touched,Inspired, enthusiastic,Energetic, lively,Relaxed, peaceful,Melancholic, sad",6697cf02d714e7ee3fdedcec,It was pointed out that you missed an important detail in your work which you now have to redo. You put on a music playlist to drown out self-criticism as you fix the mistake.,2
2025-09-09 10:29:03,2025-09-09 10:32:40,IP Address,100,216,True,2025-09-09 10:32:40,R_2y2TkJaOzYxH3QE,anonymous,EN,6765db00a847d25603e7ac52,Yes,50,Female,Music-loving nonmusician,4,Strongly agree (5),4,3,4,3,3,3,4,4,3,3,4,3,3,3,3,3,4,3,3,4,3,4,3,3,3,2,2,2,4,3,4,3,4,Strongly disagree       (1),"Energetic, lively,Joyful, wanting to dance,Relaxed, peaceful,Nostalgic, sentimental",6765db00a847d25603e7ac52,"Halfway through a concert, you realise you have been fully absorbed in the power and meaning of the music. It feels as if the music has taken you into a transcendent experience, which is exactly what you hoped for before the concert.",10
2025-09-09 10:29:24,2025-09-09 10:33:00,IP Address,100,215,True,2025-09-09 10:33:00,R_8g8afMMRAH1X7i4,anonymous,EN,5788c16f275be600013590a8,Yes,49,Female,Music-loving nonmusician,4,3,2,4,4,3,Strongly agree (5),Strongly agree (5),4,2,2,3,3,2,3,4,3,2,Strongly agree (5),Strongly agree (5),Strongly agree (5),2,Strongly agree (5),Strongly agree (5),4,3,4,4,3,Strongly agree (5),2,2,Strongly agree (5),3,2,Strongly disagree       (1),"Moved, touched,Full of tenderness, warmhearted,Nostalgic, sentimental",5788c16f275be600013590a8,"As you travel alone for an extended period, you put on your partner’s favourite music. The music makes you feel as if they are there with you.",7
2025-09-09 10:30:16,2025-09-09 10:33:01,IP Address,100,165,True,2025-09-09 10:33:02,R_8UYnFtEIYnkcp4l,anonymous,EN,6818aa3b091f461c436e4f12,Yes,58,Male,Music-loving nonmusician,Strongly agree (5),Strongly agree (5),Strongly agree (5),4,Strongly disagree       (1),2,4,3,4,3,4,4,3,4,3,Strongly agree (5),4,4,3,2,2,2,4,2,3,3,2,Strongly disagree       (1),Strongly disagree       (1),Strongly disagree       (1),3,3,Strongly agree (5),Strongly agree (5),4,Strongly disagree       (1),"Inspired, enthusiastic,Energetic, lively,Joyful, wanting to dance,Nostalgic, sentimental",6818aa3b091f461c436e4f12,"After a long and demanding week, you take time to rest by listening to music. The stress melts away and you start to recover as you listen along.",3
2025-09-09 10:29:36,2025-09-09 10:33:10,IP Address,100,214,True,2025-09-09 10:33:11,R_8iRtwjPiVKQDzVZ,anonymous,EN,599da21f872eec00019569ff,Yes,33,Male,Music-loving nonmusician,3,4,Strongly agree (5),3,3,2,4,Strongly agree (5),Strongly agree (5),Strongly agree (5),4,Strongly agree (5),Strongly agree (5),Strongly agree (5),Strongly agree (5),2,2,2,3,3,4,4,4,4,3,4,2,2,2,3,4,3,4,4,3,Strongly disagree       (1),"Inspired, enthusiastic,Energetic, lively,Powerful, strong,Relaxed, peaceful",599da21f872eec00019569ff,"You have an intricate task that requires your attention. To put your mind to it, you turn on a specific music playlist.",5
2025-09-09 10:31:03,2025-09-09 10:33:16,IP Address,100,132,True,2025-09-09 10:33:16,R_28wWXWyeK9OJdOF,anonymous,EN,60537fdcda0ac05f1c59c57f,Yes,40,Female,Music-loving nonmusician,4,Strongly agree (5),4,4,4,4,4,4,Strongly agree (5),3,2,3,4,Strongly agree (5),4,2,3,2,2,3,2,4,3,Strongly agree (5),3,2,3,3,2,4,3,Strongly agree (5),Strongly agree (5),Strongly agree (5),3,Strongly disagree       (1),"Filled with wonder, amazed,Enchanted, in awe,Relaxed, peaceful,Nostalgic, sentimental",60537fdcda0ac05f1c59c57f,"As you sit outside on your lunch break, you hear amazing music drifting in from a nearby building. While admiring the graceful nature of the music itself, you notice how it intensifies your lunch break into a unique and lasting experience.",12
2025-09-09 10:30:05,2025-09-09 10:33:20,IP Address,100,194,True,2025-09-09 10:33:20,R_8M6ul1aN6jkMdjH,anonymous,EN,5eddaa6d115bb4ac7e59f153,Yes,33,Female,Music-loving nonmusician,Strongly agree (5),Strongly agree (5),Strongly agree (5),3,3,3,2,2,2,4,Strongly agree (5),4,2,3,4,4,4,Strongly agree (5),3,4,3,4,4,4,4,3,3,3,3,3,3,3,Strongly agree (5),4,4,Strongly disagree       (1),"Inspired, enthusiastic,Energetic, lively,Joyful, wanting to dance,Full of tenderness, warmhearted",5eddaa6d115bb4ac7e59f153,You are attending a celebration where music is the heart of the party. You are able to join in the fun which is aided by the music throughout the event.,1
2025-09-09 10:29:37,2025-09-09 10:33:22,IP Address,100,225,True,2025-09-09 10:33:22,R_8pg9potydqKOZ7o,anonymous,EN,59ce4b5519d3170001b1d4cb,Yes,45,Female,Amateur musician,Strongly agree (5),Strongly agree (5),4,Strongly agree (5),4,4,3,4,4,2,3,2,2,2,2,Strongly disagree       (1),Strongly disagree       (1),Strongly disagree       (1),3,3,4,4,4,4,Strongly disagree       (1),2,3,2,3,3,4,Strongly agree (5),Strongly agree (5),Strongly agree (5),2,Strongly disagree       (1),"Moved, touched,Relaxed, peaceful,Nostalgic, sentimental",59ce4b5519d3170001b1d4cb,"While out for a walk, you hear a busker playing incredible sounding music you have never discovered before. You are not sure what is attracting your interest to the music but you allow yourself to be taken in by the music and its new emotional direction.",11
2025-09-09 10:31:07,2025-09-09 10:33:24,IP Address,100,137,True,2025-09-09 10:33:25,R_8duFnbyrqduv1nU,anonymous,EN,66c8a81f25959e5f183e2bb3,Yes,70,Female,Music-loving nonmusician,Strongly agree (5),Strongly agree (5),Strongly agree (5),Strongly agree (5),Strongly agree (5),Strongly agree (5),Strongly agree (5),Strongly agree (5),Strongly agree (5),Strongly agree (5),4,Strongly agree (5),Strongly agree (5),Strongly agree (5),4,4,4,4,Strongly agree (5),Strongly agree (5),4,Strongly agree (5),Strongly agree (5),Strongly agree (5),4,Strongly agree (5),Strongly agree (5),4,Strongly agree (5),4,3,2,Strongly agree (5),Strongly agree (5),2,Strongly disagree       (1),"Inspired, enthusiastic,Nostalgic, sentimental",66c8a81f25959e5f183e2bb3,"You have just been told that you didn’t get the job you applied for. To handle the news, you turn to music to provide a sense of support as you manage your thoughts.",8
2025-09-09 10:28:17,2025-09-09 10:33:31,IP Address,100,314,True,2025-09-09 10:33:31,R_8mEjrJ41UPrE1da,anonymous,EN,5f3bd727a1276993eee15875,Yes,31,Female,Music-loving nonmusician,4,Strongly agree (5),4,3,4,2,Strongly agree (5),4,4,Strongly agree (5),Strongly agree (5),Strongly agree (5),4,Strongly agree (5),4,4,3,2,3,2,2,4,Strongly agree (5),4,2,4,3,2,3,3,2,4,4,4,3,Strongly disagree       (1),"Inspired, enthusiastic,Energetic, lively,Joyful, wanting to dance,Powerful, strong,Relaxed, peaceful",5f3bd727a1276993eee15875,"You have an intricate task that requires your attention. To put your mind to it, you turn on a specific music playlist.",5
2025-09-09 10:27:53,2025-09-09 10:33:33,IP Address,100,340,True,2025-09-09 10:33:33,R_8pmUPINj8hNBQhX,anonymous,EN,5b0710e7a84dcf0001beee8a,Yes,58,Female,Music-loving nonmusician,Strongly agree (5),Strongly agree (5),Strongly agree (5),2,2,4,2,2,2,2,Strongly agree (5),3,2,2,3,Strongly agree (5),Strongly agree (5),Strongly agree (5),4,4,4,2,2,2,4,3,2,Strongly disagree       (1),Strongly disagree       (1),2,3,3,4,4,4,Strongly disagree       (1),"Inspired, enthusiastic,Energetic, lively,Joyful, wanting to dance",5b0710e7a84dcf0001beee8a,You are attending a celebration where music is the heart of the party. You are able to join in the fun which is aided by the music throughout the event.,1
2025-09-09 10:30:15,2025-09-09 10:33:34,IP Address,100,198,True,2025-09-09 10:33:34,R_82FYB0nW38ivDdX,anonymous,EN,66d5b98153700fd933371467,Yes,`19,Male,Music-loving nonmusician,Strongly agree (5),Strongly agree (5),Strongly disagree       (1),Strongly agree (5),4,Strongly agree (5),4,Strongly agree (5),Strongly agree (5),Strongly agree (5),Strongly agree (5),Strongly agree (5),Strongly agree (5),Strongly agree (5),Strongly agree (5),2,2,2,Strongly agree (5),Strongly agree (5),4,Strongly agree (5),Strongly agree (5),Strongly agree (5),Strongly agree (5),Strongly agree (5),Strongly agree (5),Strongly disagree       (1),Strongly disagree       (1),Strongly disagree       (1),4,4,4,Strongly agree (5),3,Strongly disagree       (1),"Inspired, enthusiastic,Energetic, lively,Joyful, wanting to dance,Full of tenderness, warmhearted,Relaxed, peaceful,Nostalgic, sentimental",66d5b98153700fd933371467,In order to get ready to exercise you decide to put on music which gives you the right frame of mind.,4
2025-09-09 10:29:06,2025-09-09 10:33:38,IP Address,100,272,True,2025-09-09 10:33:39,R_2s1tiwNXRbOKl9W,anonymous,EN,5910b7adcb98ce0001da622c,Yes,34,Male,Music-loving nonmusician,4,4,4,4,4,4,4,4,4,4,4,4,4,4,3,2,4,4,4,4,3,4,4,4,4,4,3,4,4,4,4,4,4,4,4,4,"Inspired, enthusiastic,Powerful, strong,Full of tenderness, warmhearted,Relaxed, peaceful,Nostalgic, sentimental",5910b7adcb98ce0001da622c,"As you sit outside on your lunch break, you hear amazing music drifting in from a nearby building. While admiring the graceful nature of the music itself, you notice how it intensifies your lunch break into a unique and lasting experience.",12
2025-09-09 10:29:54,2025-09-09 10:33:42,IP Address,100,228,True,2025-09-09 10:33:42,R_8XrxoHjHYrIJvzz,anonymous,EN,65bfa0a07056d13e2b2fe555,Yes,30,Female,Serious amateur musician,3,4,3,4,Strongly agree (5),2,Strongly agree (5),Strongly agree (5),4,4,4,4,Strongly agree (5),Strongly agree (5),4,Strongly disagree       (1),2,Strongly disagree       (1),2,2,4,3,Strongly agree (5),Strongly agree (5),3,3,4,2,Strongly disagree       (1),Strongly disagree       (1),2,2,3,3,2,Strongly disagree       (1),"Inspired, enthusiastic,Energetic, lively",65bfa0a07056d13e2b2fe555,It was pointed out that you missed an important detail in your work which you now have to redo. You put on a music playlist to drown out self-criticism as you fix the mistake.,2
2025-09-09 10:30:35,2025-09-09 10:33:43,IP Address,100,187,True,2025-09-09 10:33:43,R_23OTYUsOHlvA7iF,anonymous,EN,5bd249d45c90120001d1043f,Yes,53,Female,Music-loving nonmusician,Strongly agree (5),4,4,4,4,4,3,3,4,2,4,4,4,3,4,4,4,4,4,Strongly agree (5),4,4,4,4,4,4,4,2,3,2,3,3,Strongly agree (5),Strongly agree (5),2,Strongly disagree       (1),"Moved, touched,Full of tenderness, warmhearted,Relaxed, peaceful,Nostalgic, sentimental",5bd249d45c90120001d1043f,"As you travel alone for an extended period, you put on your partner’s favourite music. The music makes you feel as if they are there with you.",7
2025-09-09 10:30:22,2025-09-09 10:33:47,IP Address,100,205,True,2025-09-09 10:33:48,R_8K8dBc0fj3xhEHo,anonymous,EN,584d88ee6a3e990001bf1b67,Yes,46,Female,Amateur musician,4,4,4,Strongly agree (5),4,Strongly agree (5),4,4,4,4,4,4,4,4,4,3,3,3,Strongly agree (5),4,Strongly agree (5),4,4,Strongly agree (5),4,Strongly agree (5),4,3,3,3,3,3,Strongly agree (5),3,3,Strongly disagree       (1),"Tense, uneasy,Melancholic, sad,Agitated, aggressive",584d88ee6a3e990001bf1b67,"You have just been told that you didn’t get the job you applied for. To handle the news, you turn to music to provide a sense of support as you manage your thoughts.",8
2025-09-09 10:30:19,2025-09-09 10:33:48,IP Address,100,208,True,2025-09-09 10:33:49,R_8CT8S24M96K9iGn,anonymous,EN,56ca3e3237d66c000c59a891,Yes,46,Male,Nonmusician,4,Strongly agree (5),4,4,3,4,4,4,3,4,3,4,4,4,Strongly agree (5),Strongly agree (5),4,Strongly agree (5),4,4,4,4,4,Strongly agree (5),4,3,4,4,4,4,4,3,Strongly agree (5),Strongly agree (5),4,Strongly disagree       (1),"Filled with wonder, amazed,Moved, touched,Nostalgic, sentimental",56ca3e3237d66c000c59a891,"As you sit outside on your lunch break, you hear amazing music drifting in from a nearby building. While admiring the graceful nature of the music itself, you notice how it intensifies your lunch break into a unique and lasting experience.",12
2025-09-09 10:30:13,2025-09-09 10:33:49,IP Address,100,216,True,2025-09-09 10:33:49,R_8IdQ1Xsc7dZ5a2B,anonymous,EN,616829767ddec9e42886501d,Yes,39,Prefer not to say,Amateur musician,4,4,4,2,2,2,3,3,3,4,3,3,2,2,3,2,3,2,2,2,3,4,3,4,3,2,2,3,3,3,4,4,Strongly agree (5),4,3,Strongly disagree       (1),"Moved, touched,Enchanted, in awe,Inspired, enthusiastic,Energetic, lively,Joyful, wanting to dance",616829767ddec9e42886501d,"While out for a walk, you hear a busker playing incredible sounding music you have never discovered before. You are not sure what is attracting your interest to the music but you allow yourself to be taken in by the music and its new emotional direction.",11
2025-09-09 10:30:24,2025-09-09 10:33:50,IP Address,100,205,True,2025-09-09 10:33:50,R_8YgOdbyBow7VPso,anonymous,EN,5bdcdbe6ee652a0001eff5f2,Yes,25,Female,Music-loving nonmusician,4,Strongly agree (5),3,Strongly agree (5),Strongly disagree       (1),3,Strongly agree (5),3,4,3,3,3,3,3,3,4,3,3,4,Strongly agree (5),4,4,Strongly agree (5),Strongly agree (5),3,Strongly agree (5),Strongly agree (5),Strongly agree (5),3,3,Strongly agree (5),Strongly agree (5),Strongly agree (5),Strongly agree (5),4,Strongly disagree       (1),"Moved, touched,Powerful, strong,Full of tenderness, warmhearted",5bdcdbe6ee652a0001eff5f2,"While listening to a playlist, you come across a song that deeply resonates with what you are experiencing. It communicated something about yourself that you’ve struggled to explain to others.",9
2025-09-09 10:30:09,2025-09-09 10:33:52,IP Address,100,222,True,2025-09-09 10:33:52,R_2g0Kqi7hyynOGR9,anonymous,EN,5cd310705882710018e544b0,Yes,60,Male,Music-loving nonmusician,3,Strongly agree (5),4,Strongly disagree       (1),4,2,3,3,2,2,2,2,Strongly disagree       (1),Strongly disagree       (1),3,3,3,3,Strongly disagree       (1),2,2,4,3,4,2,2,Strongly disagree       (1),4,4,4,2,3,Strongly agree (5),4,4,Strongly disagree       (1),"Moved, touched,Enchanted, in awe,Inspired, enthusiastic",5cd310705882710018e544b0,"Halfway through a concert, you realise you have been fully absorbed in the power and meaning of the music. It feels as if the music has taken you into a transcendent experience, which is exactly what you hoped for before the concert.",10
2025-09-09 10:30:10,2025-09-09 10:34:15,IP Address,100,245,True,2025-09-09 10:34:15,R_8I0r2L7eePfYEIp,anonymous,EN,60465205820f850f2dc6a810,Yes,29,Male,Music-loving nonmusician,Strongly agree (5),Strongly agree (5),Strongly agree (5),Strongly agree (5),Strongly agree (5),Strongly agree (5),Strongly agree (5),Strongly agree (5),Strongly agree (5),4,Strongly agree (5),4,Strongly agree (5),Strongly agree (5),4,4,4,4,4,4,4,Strongly agree (5),Strongly agree (5),Strongly agree (5),4,4,4,Strongly agree (5),3,Strongly agree (5),4,4,Strongly agree (5),Strongly agree (5),Strongly agree (5),Strongly disagree       (1),"Filled with wonder, amazed,Enchanted, in awe,Relaxed, peaceful",60465205820f850f2dc6a810,"Halfway through a concert, you realise you have been fully absorbed in the power and meaning of the music. It feels as if the music has taken you into a transcendent experience, which is exactly what you hoped for before the concert.",10
2025-09-09 10:30:10,2025-09-09 10:34:22,IP Address,100,252,True,2025-09-09 10:34:23,R_22EmFwNmCqnsTXo,anonymous,EN,66484cfc664a1d8dd22f2fcf,Yes,65,Male,Music-loving nonmusician,4,Strongly agree (5),Strongly agree (5),4,4,4,Strongly agree (5),Strongly agree (5),Strongly agree (5),3,2,3,4,4,Strongly agree (5),3,2,3,3,3,Strongly disagree       (1),3,Strongly agree (5),4,3,4,4,Strongly disagree       (1),Strongly disagree       (1),3,3,3,4,4,3,Strongly disagree       (1),"Inspired, enthusiastic,Full of tenderness, warmhearted,Relaxed, peaceful",66484cfc664a1d8dd22f2fcf,You are attending a celebration where music is the heart of the party. You are able to join in the fun which is aided by the music throughout the event.,1
2025-09-09 10:30:28,2025-09-09 10:34:52,IP Address,100,263,True,2025-09-09 10:34:52,R_2rNNFa0f93MnWcH,anonymous,EN,644805884189b40893adfa53,Yes,56,Female,Music-loving nonmusician,3,4,3,3,4,4,4,4,4,3,3,3,4,4,4,2,2,2,4,4,3,4,4,4,4,3,2,3,4,4,3,3,4,4,3,Strongly disagree       (1),"Moved, touched,Inspired, enthusiastic,Joyful, wanting to dance,Powerful, strong,Full of tenderness, warmhearted,Relaxed, peaceful,Nostalgic, sentimental",644805884189b40893adfa53,"While listening to a playlist, you come across a song that deeply resonates with what you are experiencing. It communicated something about yourself that you’ve struggled to explain to others.",9
2025-09-09 10:29:52,2025-09-09 10:34:52,IP Address,100,300,True,2025-09-09 10:34:52,R_8omqmeT6HHYQ3RL,anonymous,EN,66839058a88759d4987e3e1c,Yes,49,Female,Nonmusician,4,Strongly agree (5),Strongly agree (5),3,2,4,3,4,Strongly agree (5),4,3,3,2,4,3,Strongly agree (5),Strongly agree (5),Strongly agree (5),3,3,3,2,4,4,3,4,4,3,2,2,4,4,3,4,3,Strongly disagree       (1),"Moved, touched,Inspired, enthusiastic,Energetic, lively,Full of tenderness, warmhearted,Relaxed, peaceful,Nostalgic, sentimental",66839058a88759d4987e3e1c,"While with your friends at a cafe, a particular song comes on. You instantly recognise the music from your past, leading to an exchange of stories about your experiences together.",6
2025-09-09 10:30:28,2025-09-09 10:34:51,IP Address,100,263,True,2025-09-09 10:34:53,R_8omkG0TFWsbj9MR,anonymous,EN,5eab170759f5390b776df5a1,Yes,34,Female,Music-loving nonmusician,Strongly agree (5),Strongly agree (5),Strongly agree (5),4,4,Strongly agree (5),Strongly agree (5),3,Strongly agree (5),Strongly agree (5),Strongly agree (5),Strongly agree (5),Strongly agree (5),Strongly agree (5),Strongly agree (5),Strongly agree (5),Strongly agree (5),3,3,3,Strongly agree (5),4,Strongly agree (5),Strongly agree (5),Strongly agree (5),Strongly agree (5),4,Strongly agree (5),Strongly agree (5),Strongly agree (5),Strongly agree (5),Strongly agree (5),Strongly agree (5),Strongly agree (5),3,Strongly disagree       (1),"Inspired, enthusiastic,Energetic, lively,Powerful, strong",5eab170759f5390b776df5a1,In order to get ready to exercise you decide to put on music which gives you the right frame of mind.,4
2025-09-09 10:29:31,2025-09-09 10:34:58,IP Address,100,326,True,2025-09-09 10:34:58,R_8qV6AaOUquF3U9Y,anonymous,EN,572bcdbb34b25a0010ddd977,Yes,50,Male,Music-loving nonmusician,4,3,3,3,4,3,3,4,3,4,4,Strongly agree (5),4,3,3,3,4,3,Strongly agree (5),Strongly agree (5),Strongly agree (5),3,Strongly agree (5),4,4,Strongly agree (5),4,4,Strongly agree (5),4,Strongly agree (5),4,Strongly agree (5),Strongly agree (5),4,Strongly disagree       (1),"Inspired, enthusiastic,Nostalgic, sentimental",572bcdbb34b25a0010ddd977,"While listening to a playlist, you come across a song that deeply resonates with what you are experiencing. It communicated something about yourself that you’ve struggled to explain to others.",9
2025-09-09 10:30:15,2025-09-09 10:34:58,IP Address,100,282,True,2025-09-09 10:34:58,R_8mgyRxU3xOMpZ4E,anonymous,EN,5a6725d4c0d836000107f6e7,Yes,54,Male,Music-loving nonmusician,3,3,3,2,3,2,Strongly agree (5),Strongly agree (5),Strongly agree (5),4,2,Strongly agree (5),Strongly agree (5),4,4,3,3,3,3,2,3,4,Strongly agree (5),4,4,Strongly agree (5),4,4,3,4,3,3,Strongly agree (5),4,3,Strongly disagree       (1),"Inspired, enthusiastic,Powerful, strong,Full of tenderness, warmhearted,Relaxed, peaceful",5a6725d4c0d836000107f6e7,"You have an intricate task that requires your attention. To put your mind to it, you turn on a specific music playlist.",5
2025-09-09 10:29:48,2025-09-09 10:34:59,IP Address,100,310,True,2025-09-09 10:34:59,R_20vJC3DAe7ThLmA,anonymous,EN,66f87d84fcfe786a13ff1edb,Yes,69,Female,Music-loving nonmusician,4,4,4,3,4,4,4,4,4,4,4,4,4,4,4,4,3,3,4,3,4,3,4,4,3,4,3,3,3,2,4,3,4,4,3,Strongly disagree       (1),"Enchanted, in awe,Joyful, wanting to dance,Powerful, strong",66f87d84fcfe786a13ff1edb,"You have an intricate task that requires your attention. To put your mind to it, you turn on a specific music playlist.",5
2025-09-09 10:29:34,2025-09-09 10:35:06,IP Address,100,332,True,2025-09-09 10:35:06,R_8zB9JFzkvmEtI9J,anonymous,EN,571b3de05d40840013c49f3a,Yes,37,Female,Nonmusician,4,Strongly agree (5),4,3,Strongly agree (5),3,Strongly agree (5),4,Strongly agree (5),3,4,3,3,3,3,3,3,4,4,4,4,4,Strongly agree (5),4,4,4,4,3,3,4,4,3,Strongly agree (5),4,4,Strongly disagree       (1),"Inspired, enthusiastic,Powerful, strong,Relaxed, peaceful",571b3de05d40840013c49f3a,"After a long and demanding week, you take time to rest by listening to music. The stress melts away and you start to recover as you listen along.",3
2025-09-09 10:32:21,2025-09-09 10:35:55,IP Address,100,214,True,2025-09-09 10:35:55,R_8Mz1JD6FTRm8dVa,anonymous,EN,5ea578e2ac4413000be218b9,Yes,25,Female,Serious amateur musician,4,4,Strongly agree (5),Strongly agree (5),4,Strongly agree (5),Strongly agree (5),Strongly agree (5),4,2,3,2,3,2,3,4,Strongly agree (5),4,2,2,3,Strongly agree (5),Strongly agree (5),Strongly agree (5),3,2,Strongly agree (5),3,3,3,Strongly agree (5),4,Strongly agree (5),Strongly agree (5),4,Strongly disagree       (1),"Filled with wonder, amazed,Enchanted, in awe,Inspired, enthusiastic,Powerful, strong,Full of tenderness, warmhearted,Relaxed, peaceful,Nostalgic, sentimental",5ea578e2ac4413000be218b9,"While out for a walk, you hear a busker playing incredible sounding music you have never discovered before. You are not sure what is attracting your interest to the music but you allow yourself to be taken in by the music and its new emotional direction.",11
2025-09-09 10:31:35,2025-09-09 10:35:57,IP Address,100,261,True,2025-09-09 10:35:57,R_8Fmvp08hxLQVmIG,anonymous,EN,5f25d3c98418832b5877a713,Yes,25,Female,Amateur musician,Strongly agree (5),Strongly agree (5),Strongly agree (5),Strongly agree (5),4,Strongly agree (5),4,3,3,4,4,Strongly agree (5),4,4,Strongly agree (5),4,4,4,Strongly agree (5),Strongly agree (5),4,Strongly agree (5),Strongly agree (5),Strongly agree (5),Strongly agree (5),Strongly agree (5),Strongly agree (5),3,3,2,4,4,Strongly agree (5),4,Strongly agree (5),Strongly disagree       (1),"Filled with wonder, amazed,Moved, touched,Enchanted, in awe,Joyful, wanting to dance,Powerful, strong",5f25d3c98418832b5877a713,"Halfway through a concert, you realise you have been fully absorbed in the power and meaning of the music. It feels as if the music has taken you into a transcendent experience, which is exactly what you hoped for before the concert.",10
2025-09-09 10:33:22,2025-09-09 10:36:16,IP Address,100,173,True,2025-09-09 10:36:16,R_2yq18BRfESyZMp6,anonymous,EN,5f11eb333c6e2c0df5b92270,Yes,25,Female,Amateur musician,Strongly agree (5),Strongly agree (5),Strongly agree (5),Strongly agree (5),Strongly agree (5),4,Strongly agree (5),Strongly agree (5),Strongly agree (5),2,3,3,3,3,2,2,2,2,Strongly agree (5),Strongly agree (5),Strongly agree (5),Strongly agree (5),Strongly agree (5),Strongly agree (5),Strongly agree (5),Strongly agree (5),Strongly agree (5),Strongly disagree       (1),Strongly disagree       (1),Strongly disagree       (1),3,2,Strongly agree (5),3,3,Strongly disagree       (1),"Relaxed, peaceful",5f11eb333c6e2c0df5b92270,"You have just been told that you didn’t get the job you applied for. To handle the news, you turn to music to provide a sense of support as you manage your thoughts.",8
2025-09-09 10:32:21,2025-09-09 10:36:34,IP Address,100,252,True,2025-09-09 10:36:34,R_8nr9x1ONaBSjJjr,anonymous,EN,671a5785170a0f6380c51f28,Yes,31,Female,Serious amateur musician,Strongly agree (5),Strongly agree (5),Strongly agree (5),3,3,Strongly disagree       (1),Strongly agree (5),Strongly agree (5),Strongly agree (5),3,Strongly agree (5),Strongly agree (5),Strongly agree (5),Strongly agree (5),Strongly agree (5),3,4,3,Strongly agree (5),Strongly agree (5),Strongly agree (5),Strongly agree (5),Strongly agree (5),Strongly agree (5),Strongly agree (5),Strongly agree (5),Strongly agree (5),Strongly agree (5),Strongly agree (5),4,3,3,Strongly agree (5),4,Strongly agree (5),Strongly disagree       (1),"Moved, touched,Energetic, lively,Joyful, wanting to dance,Full of tenderness, warmhearted,Relaxed, peaceful",671a5785170a0f6380c51f28,"While with your friends at a cafe, a particular song comes on. You instantly recognise the music from your past, leading to an exchange of stories about your experiences together.",6
2025-09-09 10:28:11,2025-09-09 10:36:57,IP Address,100,525,True,2025-09-09 10:36:58,R_8H7z4WBZRLvxxo3,anonymous,EN,5be12624b08fb60001f5680a,Yes,27,Male,Amateur musician,Strongly agree (5),4,4,3,2,Strongly disagree       (1),3,4,3,3,4,2,Strongly disagree       (1),2,3,4,4,4,4,3,3,3,3,3,4,4,4,3,3,Strongly disagree       (1),3,Strongly disagree       (1),4,Strongly agree (5),3,Strongly disagree       (1),"Filled with wonder, amazed,Full of tenderness, warmhearted,Nostalgic, sentimental",5be12624b08fb60001f5680a,"As you travel alone for an extended period, you put on your partner’s favourite music. The music makes you feel as if they are there with you.",7
2025-09-09 10:32:32,2025-09-09 10:36:59,IP Address,100,266,True,2025-09-09 10:37:00,R_8IuqvSyDW4kbuzT,anonymous,EN,5962a5b29955ee00015bce98,Yes,34,Female,Amateur musician,2,2,Strongly disagree       (1),Strongly disagree       (1),2,2,4,3,4,4,Strongly disagree       (1),4,4,4,3,Strongly disagree       (1),Strongly disagree       (1),Strongly disagree       (1),2,Strongly disagree       (1),2,Strongly disagree       (1),4,4,Strongly disagree       (1),Strongly disagree       (1),Strongly disagree       (1),Strongly disagree       (1),Strongly disagree       (1),Strongly disagree       (1),Strongly disagree       (1),Strongly disagree       (1),Strongly disagree       (1),4,Strongly disagree       (1),Strongly disagree       (1),"Relaxed, peaceful",5962a5b29955ee00015bce98,"You have an intricate task that requires your attention. To put your mind to it, you turn on a specific music playlist.",5
2025-09-09 10:34:46,2025-09-09 10:37:13,IP Address,100,147,True,2025-09-09 10:37:14,R_8GEsJuDF1a8yPRx,anonymous,EN,63ea4d64095b3286433ed52e,Yes,35,Male,Nonmusician,4,Strongly agree (5),Strongly agree (5),2,3,3,4,4,Strongly agree (5),3,Strongly agree (5),3,3,4,4,Strongly agree (5),4,4,3,4,3,Strongly agree (5),Strongly agree (5),Strongly agree (5),4,3,3,4,4,4,Strongly agree (5),4,4,Strongly agree (5),Strongly agree (5),Strongly disagree       (1),"Filled with wonder, amazed,Inspired, enthusiastic,Energetic, lively,Powerful, strong,Relaxed, peaceful",63ea4d64095b3286433ed52e,"Halfway through a concert, you realise you have been fully absorbed in the power and meaning of the music. It feels as if the music has taken you into a transcendent experience, which is exactly what you hoped for before the concert.",10
2025-09-09 10:35:30,2025-09-09 10:38:22,IP Address,100,172,True,2025-09-09 10:38:23,R_2DqZi5o8US0b0GQ,anonymous,EN,5e3723a2c0b2896ad554be73,Yes,48,Female,Nonmusician,4,Strongly agree (5),4,4,Strongly disagree       (1),Strongly disagree       (1),3,3,3,Strongly agree (5),Strongly agree (5),Strongly agree (5),Strongly agree (5),Strongly agree (5),4,4,4,4,Strongly disagree       (1),2,4,Strongly agree (5),4,4,4,4,4,2,2,2,4,Strongly agree (5),Strongly agree (5),Strongly agree (5),4,Strongly disagree       (1),"Inspired, enthusiastic,Energetic, lively,Joyful, wanting to dance,Powerful, strong",5e3723a2c0b2896ad554be73,In order to get ready to exercise you decide to put on music which gives you the right frame of mind.,4
2025-09-09 10:36:07,2025-09-09 10:38:28,IP Address,100,140,True,2025-09-09 10:38:28,R_2A2DQB6bYU7nMn7,anonymous,EN,63af557b3d4f219c3226b7d6,Yes,51,Female,Music-loving nonmusician,Strongly agree (5),Strongly agree (5),4,4,Strongly agree (5),4,4,4,4,3,4,3,3,3,3,Strongly agree (5),4,4,4,4,Strongly agree (5),Strongly agree (5),Strongly agree (5),Strongly agree (5),4,4,4,Strongly disagree       (1),2,Strongly disagree       (1),3,4,Strongly agree (5),4,4,Strongly disagree       (1),"Moved, touched,Full of tenderness, warmhearted,Nostalgic, sentimental",63af557b3d4f219c3226b7d6,"As you travel alone for an extended period, you put on your partner’s favourite music. The music makes you feel as if they are there with you.",7
2025-09-09 10:35:12,2025-09-09 10:39:06,IP Address,100,233,True,2025-09-09 10:39:06,R_8U30J3dDWQyw9sf,anonymous,EN,58f669cefb4d7500014af69b,Yes,49,Male,Amateur musician,Strongly agree (5),Strongly agree (5),Strongly agree (5),Strongly agree (5),Strongly disagree       (1),3,Strongly agree (5),Strongly agree (5),Strongly agree (5),Strongly disagree       (1),Strongly agree (5),3,4,3,3,Strongly disagree       (1),Strongly disagree       (1),Strongly disagree       (1),3,3,Strongly disagree       (1),Strongly agree (5),4,Strongly agree (5),Strongly disagree       (1),Strongly disagree       (1),Strongly disagree       (1),Strongly disagree       (1),Strongly disagree       (1),Strongly disagree       (1),3,Strongly disagree       (1),Strongly agree (5),Strongly agree (5),3,Strongly disagree       (1),"Moved, touched,Powerful, strong,Relaxed, peaceful,Melancholic, sad,Nostalgic, sentimental",58f669cefb4d7500014af69b,"While listening to a playlist, you come across a song that deeply resonates with what you are experiencing. It communicated something about yourself that you’ve struggled to explain to others.",9
2025-09-09 10:27:56,2025-09-09 10:39:30,IP Address,100,694,True,2025-09-09 10:39:30,R_8PZSXpzpuUdO30S,anonymous,EN,6156fef09d1ab07148870099,Yes,48,Female,Music-loving nonmusician,4,4,4,4,4,4,4,4,4,4,4,4,4,Strongly disagree       (1),4,Strongly disagree       (1),Strongly disagree       (1),Strongly disagree       (1),3,4,3,2,4,3,2,Strongly disagree       (1),Strongly disagree       (1),Strongly disagree       (1),Strongly disagree       (1),Strongly disagree       (1),4,4,3,Strongly disagree       (1),Strongly disagree       (1),Strongly disagree       (1),"Inspired, enthusiastic,Energetic, lively",6156fef09d1ab07148870099,"While out for a walk, you hear a busker playing incredible sounding music you have never discovered before. You are not sure what is attracting your interest to the music but you allow yourself to be taken in by the music and its new emotional direction.",11
2025-09-09 10:29:54,2025-09-09 10:39:54,IP Address,100,599,True,2025-09-09 10:39:55,R_2N8KZd0sBGiwyLK,anonymous,EN,56b78f11e77ebe000cbefe79,Yes,59,Female,Music-loving nonmusician,3,4,4,3,4,3,4,4,4,Strongly agree (5),4,Strongly agree (5),3,3,4,4,4,4,4,4,4,4,4,4,2,3,4,2,2,2,4,4,Strongly agree (5),4,4,Strongly disagree       (1),"Filled with wonder, amazed,Moved, touched,Enchanted, in awe,Inspired, enthusiastic,Joyful, wanting to dance,Powerful, strong,Full of tenderness, warmhearted,Relaxed, peaceful",56b78f11e77ebe000cbefe79,"As you sit outside on your lunch break, you hear amazing music drifting in from a nearby building. While admiring the graceful nature of the music itself, you notice how it intensifies your lunch break into a unique and lasting experience.",12
2025-09-09 10:33:22,2025-09-09 10:40:13,IP Address,100,410,True,2025-09-09 10:40:14,R_2asKzzznRjZph7A,anonymous,EN,55ac3198fdf99b6de3b68b23,Yes,61,Male,Nonmusician,4,Strongly agree (5),4,2,2,2,3,3,4,Strongly disagree       (1),2,2,2,2,3,3,2,Strongly disagree       (1),2,Strongly disagree       (1),2,3,3,3,2,2,3,2,3,Strongly disagree       (1),Strongly agree (5),4,4,4,2,Strongly disagree       (1),"Inspired, enthusiastic,Relaxed, peaceful",55ac3198fdf99b6de3b68b23,"While out for a walk, you hear a busker playing incredible sounding music you have never discovered before. You are not sure what is attracting your interest to the music but you allow yourself to be taken in by the music and its new emotional direction.",11
2025-09-09 10:32:14,2025-09-09 10:40:32,IP Address,100,498,True,2025-09-09 10:40:33,R_8IFuHthsQ2aYd1R,anonymous,EN,5ded58a8217786000b2b2511,Yes,69,Male,Music-loving nonmusician,4,4,4,4,3,2,4,3,3,3,Strongly agree (5),3,4,4,4,4,Strongly agree (5),4,3,3,4,4,4,4,3,4,4,3,3,3,4,3,4,4,3,Strongly disagree       (1),"Inspired, enthusiastic,Energetic, lively,Powerful, strong,Nostalgic, sentimental",5ded58a8217786000b2b2511,You are attending a celebration where music is the heart of the party. You are able to join in the fun which is aided by the music throughout the event.,1
2025-09-09 10:37:20,2025-09-09 10:41:00,IP Address,100,219,True,2025-09-09 10:41:00,R_2ezwnkl50O8M7YX,anonymous,EN,5ddd9d0e40460ecfff653cb5,Yes,49,Male,Music-loving nonmusician,Strongly agree (5),4,3,Strongly agree (5),4,Strongly agree (5),Strongly agree (5),4,Strongly agree (5),Strongly agree (5),3,Strongly agree (5),Strongly agree (5),3,Strongly agree (5),3,2,2,3,3,4,4,Strongly agree (5),4,2,2,Strongly disagree       (1),3,2,3,2,2,3,4,2,Strongly disagree       (1),"Tense, uneasy,Indifferent, bored",5ddd9d0e40460ecfff653cb5,It was pointed out that you missed an important detail in your work which you now have to redo. You put on a music playlist to drown out self-criticism as you fix the mistake.,2
2025-09-09 10:28:46,2025-09-09 10:41:32,IP Address,100,765,True,2025-09-09 10:41:32,R_2dY6RLbxg54MyAS,anonymous,EN,655b901b23209ae4a194a402,Yes,58,Female,Music-loving nonmusician,Strongly agree (5),Strongly agree (5),Strongly agree (5),Strongly disagree       (1),Strongly disagree       (1),Strongly disagree       (1),Strongly agree (5),3,Strongly agree (5),3,Strongly agree (5),4,3,2,4,Strongly agree (5),4,4,4,4,4,Strongly agree (5),Strongly agree (5),Strongly agree (5),2,2,3,Strongly agree (5),Strongly agree (5),Strongly agree (5),2,2,Strongly agree (5),Strongly agree (5),Strongly agree (5),Strongly disagree       (1),"Filled with wonder, amazed,Moved, touched,Enchanted, in awe,Inspired, enthusiastic,Energetic, lively,Joyful, wanting to dance,Relaxed, peaceful",655b901b23209ae4a194a402,You are attending a celebration where music is the heart of the party. You are able to join in the fun which is aided by the music throughout the event.,1
2025-09-09 10:38:34,2025-09-09 10:41:37,IP Address,100,182,True,2025-09-09 10:41:37,R_8OWacu1vxH0kmr9,anonymous,EN,5dc9de05292aaa6e477846c1,Yes,29,Prefer not to say,Music-loving nonmusician,3,4,4,3,3,3,4,4,3,3,4,3,3,3,3,3,4,3,3,3,3,3,4,4,3,3,3,3,3,3,3,3,3,3,3,Strongly disagree       (1),"Moved, touched,Inspired, enthusiastic,Energetic, lively,Joyful, wanting to dance,Powerful, strong,Relaxed, peaceful",5dc9de05292aaa6e477846c1,"After a long and demanding week, you take time to rest by listening to music. The stress melts away and you start to recover as you listen along.",3
2025-09-09 11:00:46,2025-09-09 11:00:51,IP Address,100,5,True,2025-09-09 11:00:51,R_24ICqzZWu4f07XX,anonymous,EN,612adba08b8235b31539c704,No,,,,,,,,,,,,,,,,,,,,,,,,,,,,,,,,,,,,,,,,,612adba08b8235b31539c704,"While out for a walk, you hear a busker playing incredible sounding music you have never discovered before. You are not sure what is attracting your interest to the music but you allow yourself to be taken in by the music and its new emotional direction.",11
2025-09-09 10:58:46,2025-09-09 11:01:46,IP Address,100,180,True,2025-09-09 11:01:47,R_2lIPfHOs4VJspi1,anonymous,EN,5b126ec7c85dc400016220a4,Yes,32,Female,Music-loving nonmusician,Strongly agree (5),Strongly agree (5),Strongly agree (5),Strongly agree (5),4,Strongly agree (5),Strongly agree (5),Strongly agree (5),Strongly agree (5),4,4,Strongly agree (5),Strongly agree (5),Strongly agree (5),Strongly agree (5),Strongly agree (5),4,Strongly agree (5),4,4,Strongly agree (5),3,Strongly agree (5),Strongly agree (5),Strongly agree (5),Strongly agree (5),3,Strongly agree (5),3,2,4,Strongly agree (5),Strongly agree (5),Strongly agree (5),3,Strongly disagree       (1),"Moved, touched,Powerful, strong,Relaxed, peaceful",5b126ec7c85dc400016220a4,"You have an intricate task that requires your attention. To put your mind to it, you turn on a specific music playlist.",5
2025-09-09 11:00:29,2025-09-09 11:02:48,IP Address,100,138,True,2025-09-09 11:02:49,R_2YbPi81aMQqQvjK,anonymous,EN,5c4f7b99b33a5300013dbfdd,Yes,29,Female,Amateur musician,Strongly agree (5),Strongly agree (5),Strongly agree (5),4,2,Strongly agree (5),Strongly agree (5),Strongly agree (5),Strongly agree (5),4,Strongly agree (5),4,Strongly agree (5),Strongly agree (5),4,Strongly agree (5),4,4,4,4,4,4,4,Strongly agree (5),3,4,2,2,2,2,4,4,Strongly agree (5),4,3,Strongly disagree       (1),"Inspired, enthusiastic,Energetic, lively,Joyful, wanting to dance,Powerful, strong,Nostalgic, sentimental",5c4f7b99b33a5300013dbfdd,In order to get ready to exercise you decide to put on music which gives you the right frame of mind.,4
2025-09-09 11:02:48,2025-09-09 11:03:21,IP Address,100,32,True,2025-09-09 11:03:21,R_8kaLzATn3w29x6n,anonymous,EN,6762d6a3be0977d73b66688f,No,,,,,,,,,,,,,,,,,,,,,,,,,,,,,,,,,,,,,,,,,6762d6a3be0977d73b66688f,"As you travel alone for an extended period, you put on your partner’s favourite music. The music makes you feel as if they are there with you.",7
2025-09-09 11:00:57,2025-09-09 11:03:35,IP Address,100,158,True,2025-09-09 11:03:36,R_8dX9ShYrtOMNcvG,anonymous,EN,612adba08b8235b31539c704,Yes,34,Female,Music-loving nonmusician,3,4,Strongly agree (5),Strongly agree (5),4,3,3,3,Strongly agree (5),Strongly agree (5),4,Strongly agree (5),Strongly agree (5),Strongly agree (5),Strongly agree (5),Strongly disagree       (1),4,Strongly disagree       (1),Strongly disagree       (1),Strongly disagree       (1),Strongly agree (5),3,Strongly agree (5),4,3,3,2,3,3,3,3,3,3,Strongly agree (5),2,Strongly disagree       (1),None of these,612adba08b8235b31539c704,It was pointed out that you missed an important detail in your work which you now have to redo. You put on a music playlist to drown out self-criticism as you fix the mistake.,2
2025-09-09 11:02:02,2025-09-09 11:04:20,IP Address,100,138,True,2025-09-09 11:04:20,R_2DurBUSKEpMFC1A,anonymous,EN,681483783a042ecec50bfb17,Yes,50,Male,Music-loving nonmusician,Strongly agree (5),Strongly agree (5),Strongly agree (5),4,4,4,3,4,4,3,4,4,3,3,3,2,2,3,3,3,2,3,4,4,3,4,4,2,2,3,4,4,Strongly agree (5),Strongly agree (5),3,Strongly disagree       (1),"Moved, touched,Powerful, strong,Full of tenderness, warmhearted,Relaxed, peaceful,Nostalgic, sentimental",681483783a042ecec50bfb17,"While listening to a playlist, you come across a song that deeply resonates with what you are experiencing. It communicated something about yourself that you’ve struggled to explain to others.",9
2025-09-09 10:59:39,2025-09-09 11:04:21,IP Address,100,282,True,2025-09-09 11:04:22,R_286yGsfhoeL9uYF,anonymous,EN,5e57e67bb836e0000d222062,Yes,59,Female,Amateur musician,Strongly agree (5),Strongly agree (5),Strongly agree (5),3,2,3,Strongly agree (5),Strongly agree (5),Strongly agree (5),3,4,3,3,3,3,3,3,3,3,3,4,4,4,Strongly agree (5),4,4,2,3,3,4,Strongly agree (5),Strongly agree (5),Strongly agree (5),Strongly agree (5),3,Strongly disagree       (1),"Moved, touched,Relaxed, peaceful",5e57e67bb836e0000d222062,"As you sit outside on your lunch break, you hear amazing music drifting in from a nearby building. While admiring the graceful nature of the music itself, you notice how it intensifies your lunch break into a unique and lasting experience.",12
2025-09-09 11:01:20,2025-09-09 11:04:47,IP Address,100,206,True,2025-09-09 11:04:47,R_8RDfwOwjmagygQ9,anonymous,EN,5f1088e27a43fe0c64ca5814,Yes,58,Female,Music-loving nonmusician,Strongly agree (5),Strongly agree (5),4,Strongly agree (5),Strongly agree (5),Strongly agree (5),Strongly agree (5),Strongly agree (5),Strongly agree (5),2,2,3,2,2,4,3,3,2,3,4,4,Strongly agree (5),Strongly agree (5),Strongly agree (5),4,4,Strongly agree (5),4,3,3,3,3,Strongly agree (5),Strongly agree (5),3,Strongly disagree       (1),"Moved, touched,Enchanted, in awe,Inspired, enthusiastic,Joyful, wanting to dance,Powerful, strong,Full of tenderness, warmhearted,Relaxed, peaceful",5f1088e27a43fe0c64ca5814,"After a long and demanding week, you take time to rest by listening to music. The stress melts away and you start to recover as you listen along.",3
2025-09-09 11:02:07,2025-09-09 11:04:48,IP Address,100,160,True,2025-09-09 11:04:48,R_2tlM7gAsMoTR33B,anonymous,EN,56aa2ab9402d62000c7096f2,Yes,58,Female,Music-loving nonmusician,Strongly agree (5),Strongly agree (5),Strongly agree (5),3,3,3,4,4,Strongly agree (5),Strongly disagree       (1),3,3,Strongly disagree       (1),Strongly disagree       (1),Strongly disagree       (1),Strongly agree (5),Strongly agree (5),Strongly agree (5),3,3,2,Strongly agree (5),Strongly agree (5),Strongly agree (5),3,3,2,Strongly disagree       (1),Strongly disagree       (1),2,Strongly disagree       (1),Strongly disagree       (1),Strongly agree (5),4,Strongly agree (5),Strongly disagree       (1),"Filled with wonder, amazed,Enchanted, in awe,Energetic, lively,Joyful, wanting to dance,Full of tenderness, warmhearted,Relaxed, peaceful,Nostalgic, sentimental",56aa2ab9402d62000c7096f2,"Halfway through a concert, you realise you have been fully absorbed in the power and meaning of the music. It feels as if the music has taken you into a transcendent experience, which is exactly what you hoped for before the concert.",10
2025-09-09 11:01:49,2025-09-09 11:06:27,IP Address,100,277,True,2025-09-09 11:06:27,R_2FVKlZ9WJuCuwxz,anonymous,EN,5c9224087a7067000190b119,Yes,54,Female,Nonmusician,4,4,3,Strongly disagree       (1),Strongly disagree       (1),Strongly disagree       (1),4,4,4,3,4,2,3,3,3,Strongly agree (5),Strongly agree (5),Strongly agree (5),2,Strongly disagree       (1),2,3,4,4,Strongly agree (5),3,4,4,4,3,4,4,4,Strongly agree (5),4,Strongly disagree       (1),"Inspired, enthusiastic,Relaxed, peaceful,Nostalgic, sentimental",5c9224087a7067000190b119,"While with your friends at a cafe, a particular song comes on. You instantly recognise the music from your past, leading to an exchange of stories about your experiences together.",6
2025-09-09 11:03:33,2025-09-09 11:06:29,IP Address,100,176,True,2025-09-09 11:06:30,R_2Q56q2Ocx4MUqVq,anonymous,EN,59982afab5566b0001aa842b,Yes,39,Female,Nonmusician,4,4,4,4,4,4,4,4,4,4,4,4,3,3,3,4,4,4,4,4,4,4,4,4,4,4,4,4,4,3,4,4,4,4,4,Strongly disagree       (1),"Moved, touched,Energetic, lively,Joyful, wanting to dance,Powerful, strong,Nostalgic, sentimental",59982afab5566b0001aa842b,You are attending a celebration where music is the heart of the party. You are able to join in the fun which is aided by the music throughout the event.,1
2025-09-09 11:04:53,2025-09-09 11:07:19,IP Address,100,146,True,2025-09-09 11:07:20,R_213eOaHDfMDNCEx,anonymous,EN,5dcfaad2dd9a740c2493fc28,Yes,36,Male,Nonmusician,Strongly agree (5),Strongly agree (5),Strongly agree (5),2,3,2,Strongly agree (5),Strongly agree (5),4,Strongly agree (5),4,3,3,3,2,4,Strongly agree (5),4,4,2,3,4,Strongly agree (5),Strongly agree (5),Strongly agree (5),Strongly agree (5),Strongly agree (5),4,4,4,Strongly agree (5),Strongly agree (5),Strongly agree (5),Strongly agree (5),Strongly agree (5),Strongly disagree       (1),"Moved, touched,Inspired, enthusiastic,Joyful, wanting to dance,Nostalgic, sentimental",5dcfaad2dd9a740c2493fc28,"As you travel alone for an extended period, you put on your partner’s favourite music. The music makes you feel as if they are there with you.",7
2025-09-09 11:06:17,2025-09-09 11:08:33,IP Address,100,135,True,2025-09-09 11:08:33,R_21chGhiFicmkfRv,anonymous,EN,58584aa98604ae000165e633,Yes,54,Female,Music-loving nonmusician,Strongly agree (5),Strongly agree (5),4,Strongly agree (5),Strongly agree (5),Strongly agree (5),4,Strongly agree (5),Strongly agree (5),2,4,Strongly agree (5),2,2,Strongly agree (5),3,Strongly agree (5),Strongly agree (5),Strongly agree (5),Strongly agree (5),Strongly agree (5),Strongly agree (5),Strongly agree (5),Strongly agree (5),4,Strongly agree (5),2,Strongly agree (5),4,3,4,3,Strongly agree (5),Strongly agree (5),2,Strongly disagree       (1),"Energetic, lively,Joyful, wanting to dance",58584aa98604ae000165e633,In order to get ready to exercise you decide to put on music which gives you the right frame of mind.,4
2025-09-09 11:08:20,2025-09-09 11:08:37,IP Address,100,17,True,2025-09-09 11:08:38,R_8D8CRhJbH0TTNy6,anonymous,EN,5ebc0abd2cc5f1054c82a0d7,No,,,,,,,,,,,,,,,,,,,,,,,,,,,,,,,,,,,,,,,,,5ebc0abd2cc5f1054c82a0d7,"Halfway through a concert, you realise you have been fully absorbed in the power and meaning of the music. It feels as if the music has taken you into a transcendent experience, which is exactly what you hoped for before the concert.",10
2025-09-09 11:06:17,2025-09-09 11:09:17,IP Address,100,180,True,2025-09-09 11:09:18,R_2cOvI4Hu6wNxGP7,anonymous,EN,5bce39ceb8bc680001c67555,Yes,29,Female,Semiprofessional musician,Strongly agree (5),Strongly agree (5),Strongly agree (5),4,Strongly agree (5),Strongly agree (5),Strongly agree (5),Strongly agree (5),Strongly agree (5),Strongly agree (5),Strongly agree (5),Strongly agree (5),4,Strongly agree (5),4,Strongly agree (5),2,2,Strongly agree (5),Strongly agree (5),4,Strongly agree (5),Strongly agree (5),Strongly agree (5),4,Strongly agree (5),Strongly agree (5),4,4,3,Strongly agree (5),Strongly agree (5),Strongly agree (5),Strongly agree (5),Strongly agree (5),Strongly disagree       (1),"Moved, touched,Inspired, enthusiastic,Full of tenderness, warmhearted,Relaxed, peaceful",5bce39ceb8bc680001c67555,"While listening to a playlist, you come across a song that deeply resonates with what you are experiencing. It communicated something about yourself that you’ve struggled to explain to others.",9
2025-09-09 11:00:09,2025-09-09 11:09:22,IP Address,100,552,True,2025-09-09 11:09:22,R_2EbdOl5SnmAG7B4,anonymous,EN,5b5ecd4b7757ed000198d434,Yes,48,Male,Music-loving nonmusician,Strongly agree (5),Strongly agree (5),Strongly agree (5),Strongly agree (5),Strongly agree (5),Strongly agree (5),Strongly agree (5),Strongly agree (5),Strongly agree (5),Strongly agree (5),Strongly agree (5),Strongly agree (5),Strongly agree (5),Strongly agree (5),Strongly agree (5),Strongly disagree       (1),Strongly disagree       (1),3,3,3,Strongly agree (5),Strongly agree (5),Strongly agree (5),Strongly agree (5),Strongly agree (5),Strongly agree (5),Strongly agree (5),Strongly agree (5),Strongly agree (5),Strongly agree (5),Strongly agree (5),Strongly agree (5),Strongly agree (5),3,Strongly agree (5),Strongly disagree       (1),"Tense, uneasy,Melancholic, sad,Agitated, aggressive",5b5ecd4b7757ed000198d434,"You have just been told that you didn’t get the job you applied for. To handle the news, you turn to music to provide a sense of support as you manage your thoughts.",8
2025-09-09 11:06:09,2025-09-09 11:09:23,IP Address,100,194,True,2025-09-09 11:09:23,R_8GcBVspWaJKCfGL,anonymous,EN,62795033eec9c814d8caf988,Yes,26,Male,Music-loving nonmusician,Strongly agree (5),3,2,Strongly agree (5),Strongly agree (5),Strongly agree (5),Strongly agree (5),Strongly agree (5),Strongly agree (5),4,4,4,4,4,4,3,2,2,3,4,3,Strongly agree (5),Strongly agree (5),Strongly agree (5),3,4,Strongly agree (5),2,3,4,2,2,3,2,3,Strongly disagree       (1),"Tense, uneasy,Melancholic, sad,Agitated, aggressive",62795033eec9c814d8caf988,"You have just been told that you didn’t get the job you applied for. To handle the news, you turn to music to provide a sense of support as you manage your thoughts.",8
2025-09-09 11:06:05,2025-09-09 11:09:23,IP Address,100,198,True,2025-09-09 11:09:24,R_2Icv0KzwRt8wfQ1,anonymous,EN,6032276df732e91d963c2bd8,Yes,45,Female,Music-loving nonmusician,4,4,Strongly agree (5),3,3,2,4,3,3,3,4,3,3,3,3,4,3,4,4,4,4,2,4,4,4,3,2,3,2,2,2,3,4,4,3,Strongly disagree       (1),"Energetic, lively,Joyful, wanting to dance",6032276df732e91d963c2bd8,You are attending a celebration where music is the heart of the party. You are able to join in the fun which is aided by the music throughout the event.,1
2025-09-09 11:05:59,2025-09-09 11:10:09,IP Address,100,250,True,2025-09-09 11:10:09,R_8rr4t7umHugBDol,anonymous,EN,637f7d10665738cfea163256,Yes,55,Male,Music-loving nonmusician,Strongly agree (5),Strongly agree (5),4,4,4,3,4,4,4,3,4,3,3,3,3,4,4,4,4,4,3,Strongly agree (5),4,4,Strongly agree (5),4,4,3,3,3,4,4,Strongly agree (5),Strongly agree (5),4,Strongly disagree       (1),"Filled with wonder, amazed,Moved, touched,Nostalgic, sentimental",637f7d10665738cfea163256,"While out for a walk, you hear a busker playing incredible sounding music you have never discovered before. You are not sure what is attracting your interest to the music but you allow yourself to be taken in by the music and its new emotional direction.",11
2025-09-09 11:07:10,2025-09-09 11:10:11,IP Address,100,181,True,2025-09-09 11:10:11,R_8OC14oEs3GcIpCp,anonymous,EN,6704539fe462b87182866f14,Yes,43,Male,Music-loving nonmusician,4,4,4,4,4,Strongly agree (5),4,3,4,4,Strongly agree (5),4,Strongly agree (5),4,4,3,4,Strongly agree (5),4,4,4,4,Strongly agree (5),4,4,4,4,Strongly agree (5),4,4,3,4,Strongly agree (5),4,4,Strongly disagree       (1),"Enchanted, in awe,Inspired, enthusiastic,Joyful, wanting to dance,Full of tenderness, warmhearted,Nostalgic, sentimental",6704539fe462b87182866f14,"After a long and demanding week, you take time to rest by listening to music. The stress melts away and you start to recover as you listen along.",3
2025-09-09 11:07:52,2025-09-09 11:10:11,IP Address,100,139,True,2025-09-09 11:10:12,R_8dWTKn5pMxAzThp,anonymous,EN,5db21a3cad248e000dae8bc2,Yes,36,Non-binary / third gender,Nonmusician,4,4,4,4,3,2,3,3,3,4,4,4,3,3,2,3,3,Strongly disagree       (1),2,3,4,4,4,3,3,4,4,2,Strongly disagree       (1),2,3,3,4,4,3,Strongly disagree       (1),"Moved, touched,Inspired, enthusiastic,Joyful, wanting to dance",5db21a3cad248e000dae8bc2,"While with your friends at a cafe, a particular song comes on. You instantly recognise the music from your past, leading to an exchange of stories about your experiences together.",6
2025-09-09 11:03:31,2025-09-09 11:10:30,IP Address,100,418,True,2025-09-09 11:10:30,R_2ahr4m13akn0gPF,anonymous,EN,6762d6a3be0977d73b66688f,Yes,42,Female,Nonmusician,4,4,3,3,3,2,4,3,3,4,4,3,4,4,4,2,2,2,3,3,4,4,3,3,4,Strongly agree (5),3,3,3,3,4,3,4,4,2,Strongly disagree       (1),"Powerful, strong",6762d6a3be0977d73b66688f,"You have an intricate task that requires your attention. To put your mind to it, you turn on a specific music playlist.",5
2025-09-09 11:10:37,2025-09-09 11:10:51,IP Address,100,13,True,2025-09-09 11:10:52,R_2417nxw5zpxpmF5,anonymous,EN,6116e4eaa383c256f8253754,No,,,,,,,,,,,,,,,,,,,,,,,,,,,,,,,,,,,,,,,,,6116e4eaa383c256f8253754,"You have just been told that you didn’t get the job you applied for. To handle the news, you turn to music to provide a sense of support as you manage your thoughts.",8
2025-09-09 10:59:19,2025-09-09 11:11:38,IP Address,100,738,True,2025-09-09 11:11:38,R_2CKdTEIsqRbP9OV,anonymous,EN,67606435e524c975cc59d26f,Yes,29,Female,Music-loving nonmusician,Strongly agree (5),Strongly agree (5),Strongly agree (5),4,4,2,3,Strongly agree (5),4,4,3,Strongly agree (5),3,3,3,4,Strongly agree (5),4,Strongly agree (5),4,Strongly agree (5),4,4,3,4,4,4,3,3,2,3,3,Strongly agree (5),Strongly agree (5),4,Strongly disagree       (1),"Filled with wonder, amazed,Moved, touched,Enchanted, in awe,Inspired, enthusiastic,Energetic, lively,Joyful, wanting to dance,Powerful, strong,Full of tenderness, warmhearted",67606435e524c975cc59d26f,"As you sit outside on your lunch break, you hear amazing music drifting in from a nearby building. While admiring the graceful nature of the music itself, you notice how it intensifies your lunch break into a unique and lasting experience.",12
2025-09-09 11:12:01,2025-09-09 11:12:13,IP Address,100,11,True,2025-09-09 11:12:13,R_2pSi6pHMUXEXCN6,anonymous,EN,5ed2ad10a45ef20a9b1412eb,No,,,,,,,,,,,,,,,,,,,,,,,,,,,,,,,,,,,,,,,,,5ed2ad10a45ef20a9b1412eb,"After a long and demanding week, you take time to rest by listening to music. The stress melts away and you start to recover as you listen along.",3
2025-09-09 11:09:58,2025-09-09 11:12:18,IP Address,100,140,True,2025-09-09 11:12:19,R_2P80oHptsbhd9hB,anonymous,EN,5c4f5967aac8be0001716a65,Yes,34,Male,Amateur musician,4,3,3,4,4,4,3,4,4,3,4,4,4,3,3,3,3,4,3,4,4,4,3,3,3,4,4,4,4,3,4,4,4,4,4,Strongly disagree       (1),"Filled with wonder, amazed,Enchanted, in awe,Inspired, enthusiastic,Joyful, wanting to dance",5c4f5967aac8be0001716a65,"While out for a walk, you hear a busker playing incredible sounding music you have never discovered before. You are not sure what is attracting your interest to the music but you allow yourself to be taken in by the music and its new emotional direction.",11
2025-09-09 11:08:25,2025-09-09 11:12:21,IP Address,100,235,True,2025-09-09 11:12:21,R_8QfQ3mIuIyzTSqu,anonymous,EN,6760ab77472f5f735bc7699c,Yes,29,Male,Semiprofessional musician,Strongly agree (5),Strongly agree (5),4,3,2,4,3,4,4,Strongly agree (5),Strongly agree (5),Strongly agree (5),4,Strongly agree (5),Strongly agree (5),Strongly agree (5),4,4,4,3,3,4,4,3,Strongly agree (5),4,4,Strongly agree (5),Strongly agree (5),4,Strongly agree (5),Strongly agree (5),Strongly agree (5),Strongly agree (5),Strongly agree (5),Strongly disagree       (1),"Filled with wonder, amazed,Moved, touched,Enchanted, in awe,Inspired, enthusiastic,Energetic, lively,Joyful, wanting to dance,Powerful, strong,Nostalgic, sentimental",6760ab77472f5f735bc7699c,You are attending a celebration where music is the heart of the party. You are able to join in the fun which is aided by the music throughout the event.,1
2025-09-09 11:08:21,2025-09-09 11:12:25,IP Address,100,244,True,2025-09-09 11:12:25,R_8doYVlLZIUcHBRf,anonymous,EN,5b780cc655f12e0001b4d85a,Yes,54,Male,Nonmusician,Strongly agree (5),3,3,2,2,Strongly disagree       (1),Strongly agree (5),3,4,Strongly agree (5),3,Strongly agree (5),4,Strongly agree (5),Strongly agree (5),3,3,3,4,4,4,Strongly agree (5),4,Strongly agree (5),3,4,2,2,2,3,2,3,4,4,Strongly disagree       (1),Strongly disagree       (1),"Inspired, enthusiastic,Relaxed, peaceful",5b780cc655f12e0001b4d85a,"You have an intricate task that requires your attention. To put your mind to it, you turn on a specific music playlist.",5
2025-09-09 11:12:12,2025-09-09 11:12:27,IP Address,100,14,True,2025-09-09 11:12:27,R_8BLkXPQxjtOnzoJ,anonymous,EN,62a0cfde037701be19a2772c,No,,,,,,,,,,,,,,,,,,,,,,,,,,,,,,,,,,,,,,,,,62a0cfde037701be19a2772c,"You have an intricate task that requires your attention. To put your mind to it, you turn on a specific music playlist.",5
2025-09-09 11:09:52,2025-09-09 11:12:27,IP Address,100,155,True,2025-09-09 11:12:27,R_8aY7i0O0Acoyvkl,anonymous,EN,66bbafb05de7e549455aa4ff,Yes,46,Male,Music-loving nonmusician,4,4,Strongly agree (5),4,2,4,4,4,Strongly agree (5),4,3,4,Strongly agree (5),4,4,2,2,2,2,2,3,4,4,4,3,4,2,2,2,3,3,3,4,4,2,Strongly disagree       (1),None of these,66bbafb05de7e549455aa4ff,It was pointed out that you missed an important detail in your work which you now have to redo. You put on a music playlist to drown out self-criticism as you fix the mistake.,2
2025-09-09 11:09:14,2025-09-09 11:12:32,IP Address,100,197,True,2025-09-09 11:12:32,R_8yU4RdduZbMYL3r,anonymous,EN,67a54503a9d38ce3140394eb,Yes,54,Female,Music-loving nonmusician,4,Strongly agree (5),2,3,2,2,3,4,4,3,4,3,Strongly disagree       (1),2,Strongly disagree       (1),2,3,3,4,3,4,4,3,4,4,4,2,4,3,4,3,2,4,2,3,Strongly disagree       (1),None of these,67a54503a9d38ce3140394eb,"You have an intricate task that requires your attention. To put your mind to it, you turn on a specific music playlist.",5
2025-09-09 11:12:49,2025-09-09 11:13:05,IP Address,100,16,True,2025-09-09 11:13:06,R_2s4xKOZnTci8x0k,anonymous,EN,664dad1672f2f70e4aa2a012,No,,,,,,,,,,,,,,,,,,,,,,,,,,,,,,,,,,,,,,,,,664dad1672f2f70e4aa2a012,"While with your friends at a cafe, a particular song comes on. You instantly recognise the music from your past, leading to an exchange of stories about your experiences together.",6
2025-09-09 11:11:26,2025-09-09 11:13:20,IP Address,100,113,True,2025-09-09 11:13:20,R_2LHyURKK8ShQFHm,anonymous,EN,6658ed45f69162ea286e4e3a,Yes,41,Female,Amateur musician,4,4,4,4,3,3,4,4,4,4,3,3,4,4,4,4,4,3,4,4,4,4,4,4,3,3,4,4,4,4,4,4,Strongly agree (5),Strongly agree (5),4,Strongly disagree       (1),"Filled with wonder, amazed,Moved, touched,Powerful, strong,Relaxed, peaceful",6658ed45f69162ea286e4e3a,"As you sit outside on your lunch break, you hear amazing music drifting in from a nearby building. While admiring the graceful nature of the music itself, you notice how it intensifies your lunch break into a unique and lasting experience.",12
2025-09-09 11:10:44,2025-09-09 11:13:20,IP Address,100,155,True,2025-09-09 11:13:20,R_299rojok1LIWlAR,anonymous,EN,62d6d77df59450e545fb22f6,Yes,38,Female,Music-loving nonmusician,4,3,4,Strongly agree (5),Strongly agree (5),Strongly agree (5),4,3,4,4,Strongly agree (5),Strongly agree (5),Strongly agree (5),3,Strongly agree (5),4,3,Strongly disagree       (1),3,4,4,Strongly agree (5),Strongly agree (5),Strongly agree (5),4,4,Strongly agree (5),Strongly agree (5),2,4,4,3,Strongly agree (5),Strongly agree (5),4,Strongly disagree       (1),"Energetic, lively,Relaxed, peaceful",62d6d77df59450e545fb22f6,"After a long and demanding week, you take time to rest by listening to music. The stress melts away and you start to recover as you listen along.",3
2025-09-09 11:11:38,2025-09-09 11:13:32,IP Address,100,114,True,2025-09-09 11:13:32,R_8d6clD5et3S3Mnn,anonymous,EN,668dc7b684452eaca13eb60d,Yes,21,Female,Nonmusician,4,2,3,2,2,2,4,4,Strongly agree (5),3,4,Strongly agree (5),4,2,3,3,Strongly disagree       (1),4,3,3,3,Strongly agree (5),2,4,2,2,3,4,4,2,2,Strongly disagree       (1),3,2,2,Strongly disagree       (1),"Moved, touched,Inspired, enthusiastic,Energetic, lively,Powerful, strong",668dc7b684452eaca13eb60d,In order to get ready to exercise you decide to put on music which gives you the right frame of mind.,4
2025-09-09 11:11:46,2025-09-09 11:13:34,IP Address,100,108,True,2025-09-09 11:13:34,R_8gzkeqVbn4OAwYJ,anonymous,EN,6759980d797dbe50150130e0,Yes,25,Female,Semiprofessional musician,Strongly agree (5),4,Strongly agree (5),4,4,4,3,4,4,4,Strongly agree (5),4,4,4,4,4,4,3,4,4,4,3,4,Strongly agree (5),4,4,4,3,4,3,4,4,4,4,2,Strongly disagree       (1),"Moved, touched,Relaxed, peaceful,Nostalgic, sentimental",6759980d797dbe50150130e0,"After a long and demanding week, you take time to rest by listening to music. The stress melts away and you start to recover as you listen along.",3
2025-09-09 11:11:04,2025-09-09 11:13:38,IP Address,100,154,True,2025-09-09 11:13:39,R_8hFjT8zVpanhCTM,anonymous,EN,676055469b245b53e81358d0,Yes,21,Male,Nonmusician,4,Strongly agree (5),Strongly agree (5),Strongly agree (5),4,Strongly agree (5),Strongly agree (5),4,Strongly agree (5),4,4,4,Strongly agree (5),4,4,3,3,3,4,Strongly agree (5),Strongly agree (5),Strongly agree (5),Strongly agree (5),4,Strongly agree (5),Strongly agree (5),4,Strongly disagree       (1),Strongly disagree       (1),Strongly disagree       (1),4,4,4,4,4,Strongly disagree       (1),"Filled with wonder, amazed,Moved, touched,Powerful, strong",676055469b245b53e81358d0,"While listening to a playlist, you come across a song that deeply resonates with what you are experiencing. It communicated something about yourself that you’ve struggled to explain to others.",9
2025-09-09 11:12:15,2025-09-09 11:13:52,IP Address,100,96,True,2025-09-09 11:13:52,R_8HwqOcy4H08ej6Q,anonymous,EN,579e431a81f331000139d5d0,Yes,44,Female,Nonmusician,Strongly agree (5),Strongly agree (5),Strongly agree (5),3,4,4,4,Strongly agree (5),4,4,4,4,4,4,3,4,4,4,4,4,Strongly agree (5),4,Strongly agree (5),4,4,Strongly agree (5),4,Strongly agree (5),3,4,Strongly agree (5),3,Strongly agree (5),4,3,Strongly disagree       (1),"Moved, touched,Joyful, wanting to dance,Nostalgic, sentimental",579e431a81f331000139d5d0,"While with your friends at a cafe, a particular song comes on. You instantly recognise the music from your past, leading to an exchange of stories about your experiences together.",6
2025-09-09 11:12:28,2025-09-09 11:14:00,IP Address,100,91,True,2025-09-09 11:14:00,R_8EaTA4tQrHquoBA,anonymous,EN,5e10d936502213792e67f1a5,Yes,36,Female,Nonmusician,Strongly disagree       (1),Strongly disagree       (1),Strongly disagree       (1),Strongly disagree       (1),Strongly disagree       (1),Strongly disagree       (1),Strongly disagree       (1),Strongly disagree       (1),Strongly disagree       (1),Strongly disagree       (1),Strongly disagree       (1),Strongly disagree       (1),Strongly disagree       (1),Strongly disagree       (1),Strongly disagree       (1),Strongly disagree       (1),Strongly disagree       (1),Strongly disagree       (1),Strongly disagree       (1),Strongly disagree       (1),Strongly disagree       (1),Strongly disagree       (1),Strongly disagree       (1),Strongly disagree       (1),Strongly disagree       (1),Strongly disagree       (1),Strongly disagree       (1),Strongly disagree       (1),Strongly disagree       (1),Strongly disagree       (1),Strongly disagree       (1),Strongly disagree       (1),Strongly disagree       (1),Strongly disagree       (1),Strongly disagree       (1),Strongly disagree       (1),None of these,5e10d936502213792e67f1a5,It was pointed out that you missed an important detail in your work which you now have to redo. You put on a music playlist to drown out self-criticism as you fix the mistake.,2
2025-09-09 11:11:51,2025-09-09 11:14:06,IP Address,100,135,True,2025-09-09 11:14:07,R_2bToWfWS51NmL1g,anonymous,EN,5e6a923f59a3bd04d5edc606,Yes,37,Female,Nonmusician,4,Strongly agree (5),Strongly agree (5),4,Strongly disagree       (1),4,Strongly disagree       (1),Strongly disagree       (1),Strongly disagree       (1),Strongly agree (5),Strongly agree (5),Strongly agree (5),Strongly agree (5),Strongly agree (5),Strongly agree (5),Strongly disagree       (1),Strongly disagree       (1),Strongly disagree       (1),Strongly disagree       (1),Strongly disagree       (1),2,3,4,Strongly agree (5),4,3,2,Strongly disagree       (1),Strongly disagree       (1),Strongly disagree       (1),Strongly disagree       (1),Strongly disagree       (1),Strongly disagree       (1),2,Strongly disagree       (1),Strongly disagree       (1),"Energetic, lively,Joyful, wanting to dance",5e6a923f59a3bd04d5edc606,In order to get ready to exercise you decide to put on music which gives you the right frame of mind.,4
2025-09-09 11:11:48,2025-09-09 11:14:12,IP Address,100,144,True,2025-09-09 11:14:13,R_2EZtMCqoltPdDEo,anonymous,EN,5f52971c271a0703d733031c,Yes,38,Female,Music-loving nonmusician,Strongly agree (5),Strongly agree (5),Strongly agree (5),4,Strongly agree (5),4,4,4,4,4,4,4,4,Strongly agree (5),Strongly agree (5),Strongly agree (5),4,4,Strongly agree (5),Strongly agree (5),Strongly agree (5),Strongly agree (5),Strongly agree (5),Strongly agree (5),4,4,4,3,4,4,3,3,4,4,4,Strongly disagree       (1),"Moved, touched,Joyful, wanting to dance,Full of tenderness, warmhearted,Melancholic, sad,Nostalgic, sentimental",5f52971c271a0703d733031c,"As you travel alone for an extended period, you put on your partner’s favourite music. The music makes you feel as if they are there with you.",7
2025-09-09 11:06:41,2025-09-09 11:14:19,IP Address,100,457,True,2025-09-09 11:14:19,R_20P4sU61oXsgQIl,anonymous,EN,67d45859360daf1b062c0275,Yes,34,Female,Music-loving nonmusician,4,4,4,4,3,3,4,4,4,4,4,4,4,4,4,4,3,4,4,4,4,4,4,4,4,4,4,4,4,4,4,3,4,4,3,Strongly disagree       (1),"Filled with wonder, amazed,Enchanted, in awe,Relaxed, peaceful",67d45859360daf1b062c0275,It was pointed out that you missed an important detail in your work which you now have to redo. You put on a music playlist to drown out self-criticism as you fix the mistake.,2
2025-09-09 11:12:04,2025-09-09 11:14:20,IP Address,100,135,True,2025-09-09 11:14:20,R_8PWEvVezurdPGNP,anonymous,EN,676407406b8f720bea5f1505,Yes,22,Female,Nonmusician,3,4,4,Strongly disagree       (1),3,2,Strongly disagree       (1),Strongly disagree       (1),Strongly disagree       (1),Strongly disagree       (1),4,Strongly disagree       (1),Strongly disagree       (1),Strongly disagree       (1),3,3,3,4,3,4,2,3,2,2,3,3,Strongly disagree       (1),Strongly disagree       (1),Strongly disagree       (1),Strongly disagree       (1),Strongly disagree       (1),Strongly disagree       (1),2,4,4,Strongly disagree       (1),"Energetic, lively,Joyful, wanting to dance",676407406b8f720bea5f1505,You are attending a celebration where music is the heart of the party. You are able to join in the fun which is aided by the music throughout the event.,1
2025-09-09 11:12:22,2025-09-09 11:14:21,IP Address,100,118,True,2025-09-09 11:14:21,R_2L1FDqjuJjzkA8u,anonymous,EN,616413c53aace889a0f13c3a,Yes,23,Female,Music-loving nonmusician,Strongly agree (5),3,2,4,4,2,3,4,3,3,2,3,3,3,4,4,4,4,4,Strongly agree (5),4,Strongly agree (5),4,Strongly agree (5),Strongly agree (5),Strongly agree (5),4,4,4,4,Strongly agree (5),4,Strongly agree (5),4,Strongly agree (5),Strongly disagree       (1),"Moved, touched,Inspired, enthusiastic,Full of tenderness, warmhearted,Melancholic, sad,Nostalgic, sentimental",616413c53aace889a0f13c3a,"While listening to a playlist, you come across a song that deeply resonates with what you are experiencing. It communicated something about yourself that you’ve struggled to explain to others.",9
2025-09-09 11:11:59,2025-09-09 11:14:21,IP Address,100,142,True,2025-09-09 11:14:21,R_28IIcDcLJwvpkQK,anonymous,EN,62b1ef5d9f63209d52ecc73d,Yes,60,Female,Music-loving nonmusician,2,3,3,4,Strongly agree (5),3,Strongly agree (5),3,4,3,3,3,3,3,4,4,3,4,2,3,3,Strongly agree (5),Strongly agree (5),4,3,4,4,2,2,2,2,3,4,3,3,Strongly disagree       (1),None of these,62b1ef5d9f63209d52ecc73d,"You have just been told that you didn’t get the job you applied for. To handle the news, you turn to music to provide a sense of support as you manage your thoughts.",8
2025-09-09 11:11:24,2025-09-09 11:14:22,IP Address,100,177,True,2025-09-09 11:14:22,R_8xTaUpbisKisT97,anonymous,EN,672111a93b42bbbd07014d9c,Yes,32,Female,Music-loving nonmusician,Strongly agree (5),Strongly agree (5),Strongly agree (5),4,4,4,3,4,4,4,Strongly agree (5),4,3,2,4,3,2,2,Strongly agree (5),Strongly agree (5),Strongly agree (5),4,4,Strongly agree (5),3,Strongly agree (5),Strongly agree (5),2,3,2,4,4,4,4,2,Strongly disagree       (1),"Filled with wonder, amazed,Moved, touched,Joyful, wanting to dance,Powerful, strong",672111a93b42bbbd07014d9c,"As you sit outside on your lunch break, you hear amazing music drifting in from a nearby building. While admiring the graceful nature of the music itself, you notice how it intensifies your lunch break into a unique and lasting experience.",12
2025-09-09 11:12:06,2025-09-09 11:14:22,IP Address,100,136,True,2025-09-09 11:14:22,R_87eWNmb48ohqY5A,anonymous,EN,63f77a5dde1ea03305e119e0,Yes,31,Male,Amateur musician,4,Strongly agree (5),Strongly agree (5),2,Strongly agree (5),2,4,Strongly agree (5),4,4,4,4,2,2,4,4,4,3,Strongly agree (5),4,3,Strongly agree (5),4,Strongly agree (5),Strongly agree (5),4,3,Strongly disagree       (1),Strongly disagree       (1),2,Strongly agree (5),Strongly agree (5),4,4,3,Strongly disagree       (1),"Filled with wonder, amazed,Moved, touched,Inspired, enthusiastic,Energetic, lively,Powerful, strong,Full of tenderness, warmhearted,Relaxed, peaceful,Nostalgic, sentimental",63f77a5dde1ea03305e119e0,"While listening to a playlist, you come across a song that deeply resonates with what you are experiencing. It communicated something about yourself that you’ve struggled to explain to others.",9
2025-09-09 11:12:13,2025-09-09 11:14:23,IP Address,100,129,True,2025-09-09 11:14:23,R_8PbrwDBLWlHzAcx,anonymous,EN,5f27f6a0e13d4e05d048335f,Yes,54,Male,Music-loving nonmusician,Strongly agree (5),Strongly agree (5),Strongly agree (5),3,2,2,4,4,4,2,3,3,3,3,4,Strongly disagree       (1),Strongly disagree       (1),Strongly disagree       (1),2,2,3,3,3,4,3,3,2,2,Strongly disagree       (1),2,2,2,3,3,2,Strongly disagree       (1),"Relaxed, peaceful,Melancholic, sad,Nostalgic, sentimental",5f27f6a0e13d4e05d048335f,"After a long and demanding week, you take time to rest by listening to music. The stress melts away and you start to recover as you listen along.",3
2025-09-09 11:12:27,2025-09-09 11:14:24,IP Address,100,117,True,2025-09-09 11:14:25,R_8pQ0NKsTPXJd3ho,anonymous,EN,57655a2aea19ef00016351cf,Yes,52,Male,Nonmusician,2,3,3,4,2,3,3,2,2,2,3,2,3,3,3,3,Strongly disagree       (1),2,3,3,4,3,2,2,2,2,2,Strongly disagree       (1),Strongly disagree       (1),Strongly disagree       (1),2,2,2,2,2,Strongly disagree       (1),"Indifferent, bored",57655a2aea19ef00016351cf,"As you travel alone for an extended period, you put on your partner’s favourite music. The music makes you feel as if they are there with you.",7
2025-09-09 11:12:05,2025-09-09 11:14:29,IP Address,100,143,True,2025-09-09 11:14:29,R_8IoxvkmMsOPa8Ai,anonymous,EN,5e94b43203807b339eef4947,Yes,51,Male,Music-loving nonmusician,Strongly agree (5),4,4,4,4,4,3,4,3,3,4,3,3,3,3,4,4,4,3,4,4,4,3,3,3,4,Strongly agree (5),Strongly disagree       (1),Strongly disagree       (1),Strongly disagree       (1),2,2,3,3,3,Strongly disagree       (1),"Inspired, enthusiastic,Energetic, lively",5e94b43203807b339eef4947,You are attending a celebration where music is the heart of the party. You are able to join in the fun which is aided by the music throughout the event.,1
2025-09-09 11:11:56,2025-09-09 11:14:29,IP Address,100,152,True,2025-09-09 11:14:30,R_8cpkwvRia5R3K78,anonymous,EN,62b4403257f7d42730f83394,Yes,41,Male,Music-loving nonmusician,4,Strongly agree (5),Strongly agree (5),4,4,4,Strongly agree (5),Strongly agree (5),Strongly agree (5),Strongly agree (5),3,4,Strongly agree (5),4,4,4,4,4,4,4,4,Strongly agree (5),Strongly agree (5),Strongly agree (5),4,4,4,4,Strongly agree (5),4,Strongly agree (5),Strongly agree (5),Strongly agree (5),Strongly agree (5),4,Strongly disagree       (1),"Full of tenderness, warmhearted,Relaxed, peaceful,Nostalgic, sentimental",62b4403257f7d42730f83394,It was pointed out that you missed an important detail in your work which you now have to redo. You put on a music playlist to drown out self-criticism as you fix the mistake.,2
2025-09-09 11:09:52,2025-09-09 11:14:32,IP Address,100,280,True,2025-09-09 11:14:33,R_8RVbsET9ls3lBJL,anonymous,EN,63c15473935ae0d7279b094f,Yes,59,Male,Music-loving nonmusician,Strongly agree (5),Strongly agree (5),4,3,2,3,4,4,4,3,4,4,3,3,4,4,4,3,3,3,3,4,Strongly agree (5),3,4,4,3,Strongly agree (5),Strongly agree (5),4,4,3,Strongly agree (5),4,3,Strongly disagree       (1),"Moved, touched,Inspired, enthusiastic,Powerful, strong,Full of tenderness, warmhearted,Relaxed, peaceful,Melancholic, sad",63c15473935ae0d7279b094f,"As you travel alone for an extended period, you put on your partner’s favourite music. The music makes you feel as if they are there with you.",7
2025-09-09 11:12:13,2025-09-09 11:14:33,IP Address,100,139,True,2025-09-09 11:14:33,R_88IDYw17rLwL8ce,anonymous,EN,629e10bc2c72cfafd3b0aa30,Yes,24,Female,Music-loving nonmusician,4,4,3,4,3,2,4,4,4,4,3,3,3,3,4,2,2,2,4,4,4,4,4,4,3,3,3,4,4,4,4,4,4,4,3,Strongly disagree       (1),"Filled with wonder, amazed,Moved, touched,Enchanted, in awe,Full of tenderness, warmhearted,Relaxed, peaceful",629e10bc2c72cfafd3b0aa30,"As you sit outside on your lunch break, you hear amazing music drifting in from a nearby building. While admiring the graceful nature of the music itself, you notice how it intensifies your lunch break into a unique and lasting experience.",12
2025-09-09 11:11:49,2025-09-09 11:14:33,IP Address,100,163,True,2025-09-09 11:14:33,R_8FKlOKatK9lwypU,anonymous,EN,5b82d4fda284bc000193094c,Yes,34,Male,Music-loving nonmusician,4,4,Strongly agree (5),Strongly agree (5),3,4,4,4,4,Strongly agree (5),3,4,3,Strongly agree (5),4,4,3,4,3,4,4,3,Strongly agree (5),3,4,3,2,4,Strongly agree (5),4,4,Strongly agree (5),Strongly agree (5),Strongly agree (5),4,Strongly disagree       (1),"Enchanted, in awe,Powerful, strong",5b82d4fda284bc000193094c,It was pointed out that you missed an important detail in your work which you now have to redo. You put on a music playlist to drown out self-criticism as you fix the mistake.,2
2025-09-09 11:12:47,2025-09-09 11:14:33,IP Address,100,105,True,2025-09-09 11:14:33,R_8MbTmKSOYRFNKIl,anonymous,EN,675cca3a27cd0a6fc7c16a9a,Yes,35,Male,Music-loving nonmusician,4,4,3,4,4,4,4,3,4,3,4,4,4,3,Strongly agree (5),4,4,4,4,4,4,Strongly agree (5),4,4,4,4,Strongly agree (5),4,4,4,3,4,3,4,3,Strongly disagree       (1),"Energetic, lively,Relaxed, peaceful,Nostalgic, sentimental",675cca3a27cd0a6fc7c16a9a,"You have an intricate task that requires your attention. To put your mind to it, you turn on a specific music playlist.",5
2025-09-09 11:11:36,2025-09-09 11:14:34,IP Address,100,177,True,2025-09-09 11:14:34,R_810kWZ2UFxIMjra,anonymous,EN,677307ffcee988907232b0cc,Yes,41,Female,Music-loving nonmusician,2,2,2,3,3,3,4,4,4,2,2,3,4,4,4,Strongly disagree       (1),Strongly disagree       (1),Strongly disagree       (1),2,2,3,3,4,3,3,2,2,2,2,2,2,2,3,2,2,Strongly disagree       (1),"Tense, uneasy",677307ffcee988907232b0cc,It was pointed out that you missed an important detail in your work which you now have to redo. You put on a music playlist to drown out self-criticism as you fix the mistake.,2
2025-09-09 11:11:54,2025-09-09 11:14:35,IP Address,100,161,True,2025-09-09 11:14:36,R_8G3OFLbN9Rd0gN0,anonymous,EN,6658b1b56a1df274ee633fdc,Yes,21,Male,Music-loving nonmusician,2,4,2,3,3,2,Strongly agree (5),4,4,2,Strongly disagree       (1),2,2,2,2,4,4,4,Strongly agree (5),Strongly agree (5),Strongly agree (5),Strongly agree (5),Strongly agree (5),Strongly agree (5),2,4,4,2,2,Strongly disagree       (1),2,Strongly disagree       (1),3,2,4,Strongly disagree       (1),"Moved, touched,Full of tenderness, warmhearted,Relaxed, peaceful,Melancholic, sad,Nostalgic, sentimental",6658b1b56a1df274ee633fdc,"As you travel alone for an extended period, you put on your partner’s favourite music. The music makes you feel as if they are there with you.",7
2025-09-09 11:12:23,2025-09-09 11:14:36,IP Address,100,133,True,2025-09-09 11:14:38,R_8imMWAUijKKsJpi,anonymous,EN,5e7897841fc50b000c787b94,Yes,27,Female,Nonmusician,Strongly agree (5),4,Strongly agree (5),4,4,3,3,3,3,4,Strongly agree (5),4,4,4,4,4,Strongly agree (5),4,4,4,3,3,3,4,4,4,3,3,2,3,Strongly agree (5),4,3,3,4,Strongly disagree       (1),"Inspired, enthusiastic,Energetic, lively,Joyful, wanting to dance",5e7897841fc50b000c787b94,You are attending a celebration where music is the heart of the party. You are able to join in the fun which is aided by the music throughout the event.,1
2025-09-09 11:11:53,2025-09-09 11:14:37,IP Address,100,164,True,2025-09-09 11:14:38,R_8yfqiy5OkYOBLvL,anonymous,EN,5e81ad7cb706bb88bc5c2fc8,Yes,37,Male,Amateur musician,2,3,2,4,2,2,3,3,3,Strongly disagree       (1),2,3,2,3,3,2,2,3,3,2,2,3,4,3,3,3,2,Strongly disagree       (1),2,3,3,4,4,3,3,Strongly disagree       (1),"Filled with wonder, amazed,Moved, touched,Enchanted, in awe",5e81ad7cb706bb88bc5c2fc8,"While out for a walk, you hear a busker playing incredible sounding music you have never discovered before. You are not sure what is attracting your interest to the music but you allow yourself to be taken in by the music and its new emotional direction.",11
2025-09-09 11:14:30,2025-09-09 11:14:38,IP Address,100,7,True,2025-09-09 11:14:38,R_2qA8X0JWafvryyl,anonymous,EN,672cf6205a2ec818a3f9a822,No,,,,,,,,,,,,,,,,,,,,,,,,,,,,,,,,,,,,,,,,,672cf6205a2ec818a3f9a822,"While with your friends at a cafe, a particular song comes on. You instantly recognise the music from your past, leading to an exchange of stories about your experiences together.",6
2025-09-09 11:12:24,2025-09-09 11:14:40,IP Address,100,135,True,2025-09-09 11:14:40,R_8j9HghppwlroDT6,anonymous,EN,6413695069219184bd98cff7,Yes,23,Male,Music-loving nonmusician,Strongly agree (5),Strongly agree (5),Strongly agree (5),Strongly agree (5),4,Strongly agree (5),Strongly agree (5),4,4,Strongly agree (5),3,Strongly agree (5),4,Strongly agree (5),Strongly agree (5),4,4,2,Strongly agree (5),Strongly agree (5),Strongly agree (5),Strongly agree (5),Strongly agree (5),Strongly agree (5),Strongly agree (5),4,3,2,2,Strongly disagree       (1),Strongly agree (5),2,4,4,3,Strongly disagree       (1),"Inspired, enthusiastic,Energetic, lively,Joyful, wanting to dance,Relaxed, peaceful",6413695069219184bd98cff7,You are attending a celebration where music is the heart of the party. You are able to join in the fun which is aided by the music throughout the event.,1
2025-09-09 11:13:19,2025-09-09 11:14:45,IP Address,100,85,True,2025-09-09 11:14:45,R_2y92YlTilGM5vbW,anonymous,EN,5a7226d9f660ae0001a9a547,Yes,26,Female,Music-loving nonmusician,Strongly agree (5),Strongly agree (5),Strongly agree (5),Strongly agree (5),Strongly agree (5),Strongly agree (5),Strongly agree (5),Strongly agree (5),Strongly agree (5),Strongly agree (5),Strongly agree (5),Strongly agree (5),Strongly agree (5),Strongly agree (5),Strongly agree (5),Strongly agree (5),Strongly agree (5),Strongly agree (5),Strongly agree (5),Strongly agree (5),Strongly agree (5),Strongly agree (5),Strongly agree (5),Strongly agree (5),Strongly agree (5),Strongly agree (5),Strongly agree (5),Strongly agree (5),Strongly agree (5),Strongly agree (5),Strongly agree (5),Strongly agree (5),Strongly agree (5),Strongly agree (5),Strongly agree (5),Strongly agree (5),"Joyful, wanting to dance",5a7226d9f660ae0001a9a547,You are attending a celebration where music is the heart of the party. You are able to join in the fun which is aided by the music throughout the event.,1
2025-09-09 11:11:55,2025-09-09 11:14:45,IP Address,100,169,True,2025-09-09 11:14:45,R_8nnfcmVZQ9Q7boJ,anonymous,EN,5eca46c6c1e2c601290bab15,Yes,61,Male,Amateur musician,4,4,4,2,2,2,2,2,2,4,4,4,4,4,4,2,2,2,2,2,2,2,3,4,4,4,4,2,2,2,2,2,3,2,3,Strongly disagree       (1),"Inspired, enthusiastic,Energetic, lively,Powerful, strong",5eca46c6c1e2c601290bab15,In order to get ready to exercise you decide to put on music which gives you the right frame of mind.,4
2025-09-09 11:11:44,2025-09-09 11:14:46,IP Address,100,181,True,2025-09-09 11:14:46,R_8anMBoobnANypXA,anonymous,EN,5d684f00ce34de0001549b43,Yes,40,Male,Serious amateur musician,4,Strongly agree (5),4,4,2,4,4,4,4,Strongly agree (5),Strongly agree (5),4,4,4,Strongly agree (5),3,3,3,Strongly disagree       (1),Strongly disagree       (1),Strongly disagree       (1),3,3,4,3,3,4,Strongly disagree       (1),Strongly disagree       (1),Strongly disagree       (1),3,3,Strongly agree (5),Strongly disagree       (1),Strongly disagree       (1),Strongly disagree       (1),"Moved, touched,Enchanted, in awe,Inspired, enthusiastic,Energetic, lively,Powerful, strong,Relaxed, peaceful,Nostalgic, sentimental",5d684f00ce34de0001549b43,"You have an intricate task that requires your attention. To put your mind to it, you turn on a specific music playlist.",5
2025-09-09 11:12:57,2025-09-09 11:14:48,IP Address,100,110,True,2025-09-09 11:14:48,R_8o7k7AMbZ9vSq1J,anonymous,EN,66c605bf16b21d64057a018b,Yes,32,Male,Music-loving nonmusician,4,Strongly agree (5),4,3,3,Strongly agree (5),4,4,3,3,Strongly agree (5),Strongly agree (5),3,3,3,3,4,4,4,4,3,3,4,4,3,4,Strongly agree (5),3,4,3,4,3,4,3,3,4,"Filled with wonder, amazed,Moved, touched,Relaxed, peaceful",66c605bf16b21d64057a018b,In order to get ready to exercise you decide to put on music which gives you the right frame of mind.,4
2025-09-09 11:11:55,2025-09-09 11:14:48,IP Address,100,173,True,2025-09-09 11:14:48,R_8jSTyBdQABDdGce,anonymous,EN,6441355901a65102aa751a95,Yes,36,Male,Music-loving nonmusician,4,4,4,3,2,3,3,3,3,3,4,4,3,3,3,2,2,2,4,4,4,4,4,4,Strongly agree (5),Strongly agree (5),Strongly agree (5),4,3,4,4,4,4,Strongly agree (5),4,Strongly disagree       (1),"Moved, touched,Inspired, enthusiastic,Powerful, strong,Nostalgic, sentimental",6441355901a65102aa751a95,"While listening to a playlist, you come across a song that deeply resonates with what you are experiencing. It communicated something about yourself that you’ve struggled to explain to others.",9
2025-09-09 11:11:59,2025-09-09 11:14:49,IP Address,100,169,True,2025-09-09 11:14:49,R_2PExtMaw0A3NA7D,anonymous,EN,59ef022eae9f950001d84a43,Yes,67,Male,Music-loving nonmusician,4,4,3,3,2,4,4,4,4,3,3,3,4,3,3,2,2,3,3,4,4,4,3,4,4,3,3,3,3,3,3,3,4,3,3,Strongly disagree       (1),"Full of tenderness, warmhearted,Relaxed, peaceful",59ef022eae9f950001d84a43,"As you sit outside on your lunch break, you hear amazing music drifting in from a nearby building. While admiring the graceful nature of the music itself, you notice how it intensifies your lunch break into a unique and lasting experience.",12
2025-09-09 11:12:50,2025-09-09 11:14:49,IP Address,100,118,True,2025-09-09 11:14:49,R_2xucEL0gwLG54g9,anonymous,EN,6777f3e9760d3844217b5ea8,Yes,19,Female,Serious amateur musician,Strongly agree (5),Strongly agree (5),Strongly agree (5),Strongly agree (5),Strongly agree (5),Strongly agree (5),Strongly agree (5),Strongly agree (5),Strongly agree (5),4,3,4,2,3,2,4,4,3,Strongly agree (5),4,Strongly agree (5),Strongly agree (5),Strongly agree (5),Strongly agree (5),Strongly agree (5),Strongly agree (5),Strongly agree (5),Strongly disagree       (1),Strongly disagree       (1),2,4,Strongly agree (5),Strongly agree (5),Strongly agree (5),Strongly agree (5),Strongly disagree       (1),"Moved, touched,Inspired, enthusiastic,Joyful, wanting to dance,Powerful, strong,Full of tenderness, warmhearted,Relaxed, peaceful,Nostalgic, sentimental",6777f3e9760d3844217b5ea8,"As you travel alone for an extended period, you put on your partner’s favourite music. The music makes you feel as if they are there with you.",7
2025-09-09 11:12:37,2025-09-09 11:14:50,IP Address,100,133,True,2025-09-09 11:14:50,R_2Tt50VaGeGxfHhh,anonymous,EN,5bfc25a8a082ce00014e3310,Yes,28,Female,Music-loving nonmusician,4,4,4,2,3,4,3,2,3,2,4,2,2,2,2,3,3,3,3,2,2,4,4,4,3,4,4,2,2,2,2,4,4,4,4,Strongly disagree       (1),"Filled with wonder, amazed,Inspired, enthusiastic,Energetic, lively",5bfc25a8a082ce00014e3310,"Halfway through a concert, you realise you have been fully absorbed in the power and meaning of the music. It feels as if the music has taken you into a transcendent experience, which is exactly what you hoped for before the concert.",10
2025-09-09 11:12:06,2025-09-09 11:14:49,IP Address,100,163,True,2025-09-09 11:14:50,R_8NynLvwOKkDWHu1,anonymous,EN,664f3eb579003f55b717e215,Yes,36,Female,Nonmusician,Strongly agree (5),Strongly agree (5),Strongly agree (5),Strongly agree (5),Strongly agree (5),Strongly agree (5),Strongly agree (5),Strongly agree (5),Strongly agree (5),Strongly agree (5),Strongly agree (5),Strongly agree (5),Strongly agree (5),Strongly agree (5),Strongly agree (5),3,3,3,Strongly agree (5),Strongly agree (5),Strongly agree (5),Strongly agree (5),Strongly agree (5),Strongly agree (5),Strongly agree (5),Strongly agree (5),Strongly agree (5),Strongly agree (5),Strongly agree (5),Strongly agree (5),Strongly agree (5),Strongly agree (5),Strongly agree (5),Strongly agree (5),Strongly agree (5),Strongly disagree       (1),"Moved, touched,Enchanted, in awe,Joyful, wanting to dance,Powerful, strong,Relaxed, peaceful,Nostalgic, sentimental",664f3eb579003f55b717e215,"Halfway through a concert, you realise you have been fully absorbed in the power and meaning of the music. It feels as if the music has taken you into a transcendent experience, which is exactly what you hoped for before the concert.",10
2025-09-09 11:12:07,2025-09-09 11:14:50,IP Address,100,163,True,2025-09-09 11:14:50,R_8Q1ezuh4xYCGMFj,anonymous,EN,65c347be7d456f4e0902823d,Yes,38,Female,Nonmusician,4,Strongly agree (5),Strongly agree (5),4,Strongly agree (5),Strongly agree (5),4,4,Strongly agree (5),4,Strongly agree (5),Strongly agree (5),4,Strongly agree (5),4,4,4,4,Strongly agree (5),Strongly agree (5),4,Strongly agree (5),4,Strongly agree (5),4,4,4,Strongly agree (5),Strongly agree (5),Strongly agree (5),Strongly agree (5),Strongly agree (5),4,Strongly agree (5),4,Strongly disagree       (1),"Filled with wonder, amazed,Moved, touched,Enchanted, in awe,Inspired, enthusiastic,Joyful, wanting to dance,Powerful, strong,Full of tenderness, warmhearted,Relaxed, peaceful,Nostalgic, sentimental",65c347be7d456f4e0902823d,"As you sit outside on your lunch break, you hear amazing music drifting in from a nearby building. While admiring the graceful nature of the music itself, you notice how it intensifies your lunch break into a unique and lasting experience.",12
2025-09-09 11:11:41,2025-09-09 11:14:52,IP Address,100,190,True,2025-09-09 11:14:52,R_2uEOU6VxGY7bpYn,anonymous,EN,664a5be05bc29332beb2fced,Yes,42,Male,Music-loving nonmusician,Strongly agree (5),Strongly agree (5),Strongly agree (5),4,Strongly disagree       (1),2,Strongly agree (5),Strongly agree (5),Strongly agree (5),Strongly agree (5),Strongly agree (5),Strongly agree (5),2,2,2,Strongly agree (5),Strongly agree (5),Strongly agree (5),3,3,Strongly agree (5),4,Strongly agree (5),Strongly agree (5),4,3,Strongly agree (5),3,4,Strongly agree (5),Strongly agree (5),Strongly agree (5),Strongly agree (5),4,Strongly agree (5),Strongly disagree       (1),"Moved, touched,Energetic, lively,Joyful, wanting to dance,Nostalgic, sentimental",664a5be05bc29332beb2fced,"While with your friends at a cafe, a particular song comes on. You instantly recognise the music from your past, leading to an exchange of stories about your experiences together.",6
2025-09-09 11:12:39,2025-09-09 11:14:52,IP Address,100,132,True,2025-09-09 11:14:52,R_2EieJZSBmIjRw3e,anonymous,EN,5723714684458100120292f6,Yes,34,Female,Music-loving nonmusician,Strongly agree (5),Strongly agree (5),Strongly agree (5),Strongly disagree       (1),2,2,3,3,3,2,3,2,2,3,Strongly agree (5),Strongly agree (5),Strongly agree (5),Strongly agree (5),4,Strongly agree (5),2,3,4,4,4,4,3,Strongly disagree       (1),2,2,3,4,4,4,4,Strongly disagree       (1),"Full of tenderness, warmhearted,Nostalgic, sentimental",5723714684458100120292f6,"While with your friends at a cafe, a particular song comes on. You instantly recognise the music from your past, leading to an exchange of stories about your experiences together.",6
2025-09-09 11:12:49,2025-09-09 11:14:55,IP Address,100,125,True,2025-09-09 11:14:55,R_22EtfbZRQX6zC7H,anonymous,EN,67aa34015d2def3278e3ee41,Yes,48,Female,Music-loving nonmusician,4,4,3,Strongly agree (5),4,4,4,Strongly agree (5),Strongly agree (5),4,4,4,3,4,4,4,4,3,4,4,4,Strongly agree (5),Strongly agree (5),4,4,3,4,4,3,4,3,3,4,4,3,Strongly disagree       (1),"Melancholic, sad",67aa34015d2def3278e3ee41,"You have just been told that you didn’t get the job you applied for. To handle the news, you turn to music to provide a sense of support as you manage your thoughts.",8
2025-09-09 11:09:03,2025-09-09 11:14:57,IP Address,100,353,True,2025-09-09 11:14:57,R_8TbftQRVSBBSBFf,anonymous,EN,5ebc0abd2cc5f1054c82a0d7,Yes,43,Male,Music-loving nonmusician,4,Strongly agree (5),Strongly agree (5),3,Strongly disagree       (1),2,2,Strongly disagree       (1),Strongly disagree       (1),Strongly agree (5),Strongly agree (5),Strongly agree (5),4,4,4,2,Strongly disagree       (1),2,Strongly disagree       (1),Strongly disagree       (1),Strongly disagree       (1),4,4,2,4,Strongly agree (5),Strongly agree (5),Strongly disagree       (1),Strongly disagree       (1),Strongly disagree       (1),2,2,Strongly agree (5),Strongly agree (5),3,Strongly disagree       (1),"Inspired, enthusiastic,Energetic, lively,Powerful, strong",5ebc0abd2cc5f1054c82a0d7,In order to get ready to exercise you decide to put on music which gives you the right frame of mind.,4
2025-09-09 11:11:37,2025-09-09 11:14:59,IP Address,100,202,True,2025-09-09 11:15:00,R_2xzXBgOEplRIii4,anonymous,EN,653e666cc034dbb89a5b83ce,Yes,41,Male,Music-loving nonmusician,4,Strongly agree (5),4,Strongly agree (5),3,Strongly agree (5),4,Strongly agree (5),Strongly agree (5),3,4,3,Strongly disagree       (1),Strongly disagree       (1),Strongly disagree       (1),3,3,3,3,3,4,4,4,4,3,3,2,Strongly agree (5),Strongly agree (5),Strongly agree (5),4,4,Strongly agree (5),4,Strongly agree (5),Strongly disagree       (1),"Enchanted, in awe,Relaxed, peaceful",653e666cc034dbb89a5b83ce,"Halfway through a concert, you realise you have been fully absorbed in the power and meaning of the music. It feels as if the music has taken you into a transcendent experience, which is exactly what you hoped for before the concert.",10
2025-09-09 11:12:37,2025-09-09 11:15:01,IP Address,100,144,True,2025-09-09 11:15:01,R_8BNEHe5H9lYlFQt,anonymous,EN,57719c19b425c40001433b1f,Yes,29,Female,Music-loving nonmusician,4,Strongly agree (5),Strongly agree (5),Strongly agree (5),4,4,Strongly agree (5),Strongly agree (5),Strongly agree (5),4,3,4,2,4,3,4,4,4,4,4,4,Strongly agree (5),4,Strongly agree (5),3,4,4,Strongly disagree       (1),Strongly disagree       (1),4,4,3,4,4,Strongly disagree       (1),Strongly disagree       (1),"Full of tenderness, warmhearted,Relaxed, peaceful",57719c19b425c40001433b1f,"After a long and demanding week, you take time to rest by listening to music. The stress melts away and you start to recover as you listen along.",3
2025-09-09 11:11:44,2025-09-09 11:15:05,IP Address,100,201,True,2025-09-09 11:15:05,R_2irrCeBe8hog2vw,anonymous,EN,651ac88823e71c05dbc1ff63,Yes,56,Male,Music-loving nonmusician,4,3,2,2,4,Strongly disagree       (1),4,Strongly agree (5),Strongly agree (5),Strongly agree (5),3,4,Strongly agree (5),4,4,3,2,Strongly disagree       (1),3,3,3,4,3,Strongly agree (5),3,4,2,2,Strongly disagree       (1),Strongly disagree       (1),2,Strongly disagree       (1),4,2,Strongly disagree       (1),Strongly disagree       (1),"Energetic, lively,Powerful, strong,Relaxed, peaceful,Melancholic, sad",651ac88823e71c05dbc1ff63,"You have an intricate task that requires your attention. To put your mind to it, you turn on a specific music playlist.",5
2025-09-09 11:12:05,2025-09-09 11:15:06,IP Address,100,180,True,2025-09-09 11:15:06,R_8eyFiuAduSrAyOt,anonymous,EN,5e1bdbfd1795083ead4af5ee,Yes,32,Male,Music-loving nonmusician,3,4,4,4,3,3,3,2,4,2,2,2,2,3,2,Strongly disagree       (1),Strongly disagree       (1),3,4,4,3,3,4,4,Strongly disagree       (1),2,4,Strongly disagree       (1),Strongly disagree       (1),3,3,3,4,4,2,Strongly disagree       (1),"Moved, touched,Full of tenderness, warmhearted,Relaxed, peaceful,Melancholic, sad,Nostalgic, sentimental",5e1bdbfd1795083ead4af5ee,"As you travel alone for an extended period, you put on your partner’s favourite music. The music makes you feel as if they are there with you.",7
2025-09-09 11:11:48,2025-09-09 11:15:06,IP Address,100,198,True,2025-09-09 11:15:07,R_2fBl6Q2BXXxmdRf,anonymous,EN,66151b57090a8ba8ec454009,Yes,63,Male,Nonmusician,4,4,4,3,3,2,4,4,4,3,3,3,4,3,4,3,3,4,3,3,4,4,4,4,3,3,4,3,3,3,4,3,4,4,4,Strongly disagree       (1),"Moved, touched,Relaxed, peaceful",66151b57090a8ba8ec454009,"While with your friends at a cafe, a particular song comes on. You instantly recognise the music from your past, leading to an exchange of stories about your experiences together.",6
2025-09-09 11:12:29,2025-09-09 11:15:14,IP Address,100,165,True,2025-09-09 11:15:14,R_8kKSxzj70H8RA8P,anonymous,EN,614ad1d11ebbb70be136b832,Yes,49,Female,Music-loving nonmusician,3,2,2,2,Strongly disagree       (1),Strongly disagree       (1),3,2,2,2,Strongly disagree       (1),2,Strongly disagree       (1),Strongly disagree       (1),2,2,2,Strongly disagree       (1),Strongly disagree       (1),Strongly disagree       (1),2,Strongly disagree       (1),3,2,2,Strongly disagree       (1),Strongly disagree       (1),Strongly disagree       (1),Strongly disagree       (1),Strongly disagree       (1),Strongly disagree       (1),Strongly disagree       (1),3,2,Strongly disagree       (1),Strongly disagree       (1),"Inspired, enthusiastic,Relaxed, peaceful",614ad1d11ebbb70be136b832,"As you sit outside on your lunch break, you hear amazing music drifting in from a nearby building. While admiring the graceful nature of the music itself, you notice how it intensifies your lunch break into a unique and lasting experience.",12
2025-09-09 11:11:34,2025-09-09 11:15:15,IP Address,100,221,True,2025-09-09 11:15:16,R_8emu8AUNcHMuIvL,anonymous,EN,60e67bc1585c7158f6f9116a,Yes,35,Female,Music-loving nonmusician,3,3,3,Strongly agree (5),Strongly agree (5),Strongly agree (5),4,Strongly agree (5),4,4,4,4,Strongly agree (5),4,4,4,4,4,Strongly agree (5),Strongly agree (5),Strongly agree (5),Strongly agree (5),Strongly agree (5),Strongly agree (5),Strongly agree (5),Strongly agree (5),Strongly agree (5),4,Strongly agree (5),Strongly agree (5),3,3,4,3,4,Strongly disagree       (1),"Powerful, strong,Melancholic, sad,Nostalgic, sentimental,Agitated, aggressive",60e67bc1585c7158f6f9116a,"You have just been told that you didn’t get the job you applied for. To handle the news, you turn to music to provide a sense of support as you manage your thoughts.",8
2025-09-09 11:12:48,2025-09-09 11:15:19,IP Address,100,150,True,2025-09-09 11:15:19,R_2DowvlmbcpGZGPl,anonymous,EN,6773d42d35be03a65cf4b3e1,Yes,48,Male,Serious amateur musician,Strongly disagree       (1),Strongly disagree       (1),Strongly disagree       (1),2,2,2,3,3,2,2,2,2,2,Strongly disagree       (1),2,Strongly disagree       (1),2,Strongly disagree       (1),Strongly disagree       (1),2,Strongly disagree       (1),Strongly disagree       (1),Strongly disagree       (1),4,Strongly disagree       (1),Strongly disagree       (1),Strongly disagree       (1),Strongly disagree       (1),Strongly disagree       (1),4,Strongly agree (5),4,4,2,2,Strongly disagree       (1),"Relaxed, peaceful,Nostalgic, sentimental",6773d42d35be03a65cf4b3e1,"As you sit outside on your lunch break, you hear amazing music drifting in from a nearby building. While admiring the graceful nature of the music itself, you notice how it intensifies your lunch break into a unique and lasting experience.",12
2025-09-09 11:13:04,2025-09-09 11:15:20,IP Address,100,136,True,2025-09-09 11:15:21,R_8j9ELZqCO0MNDUb,anonymous,EN,5e9b60ab511e7a0650994050,Yes,46,Male,Music-loving nonmusician,Strongly agree (5),Strongly agree (5),Strongly agree (5),Strongly disagree       (1),Strongly disagree       (1),Strongly disagree       (1),4,4,4,4,Strongly agree (5),Strongly disagree       (1),4,Strongly agree (5),3,3,3,Strongly disagree       (1),Strongly disagree       (1),Strongly disagree       (1),2,3,2,3,3,3,3,Strongly disagree       (1),Strongly disagree       (1),Strongly disagree       (1),4,3,Strongly agree (5),4,3,Strongly disagree       (1),"Powerful, strong,Relaxed, peaceful",5e9b60ab511e7a0650994050,In order to get ready to exercise you decide to put on music which gives you the right frame of mind.,4
2025-09-09 11:12:47,2025-09-09 11:15:21,IP Address,100,154,True,2025-09-09 11:15:21,R_8Nz5Gcw9iZT3zVS,anonymous,EN,6658d84e36a39b239367aed9,Yes,37,Male,Music-loving nonmusician,4,4,4,4,3,3,4,4,4,4,4,4,3,4,4,2,3,2,4,3,4,4,4,4,2,3,2,4,3,2,4,3,4,4,3,Strongly disagree       (1),"Moved, touched,Inspired, enthusiastic,Powerful, strong,Relaxed, peaceful,Nostalgic, sentimental",6658d84e36a39b239367aed9,"As you sit outside on your lunch break, you hear amazing music drifting in from a nearby building. While admiring the graceful nature of the music itself, you notice how it intensifies your lunch break into a unique and lasting experience.",12
2025-09-09 11:11:48,2025-09-09 11:15:21,IP Address,100,213,True,2025-09-09 11:15:22,R_8Vf64DzQERr0AK0,anonymous,EN,60e3452eac7b129147019f7e,Yes,25,Female,Amateur musician,Strongly agree (5),Strongly agree (5),Strongly agree (5),4,3,3,3,4,4,Strongly agree (5),4,4,3,3,4,Strongly agree (5),Strongly agree (5),Strongly agree (5),3,3,3,4,4,4,4,Strongly agree (5),4,3,3,3,3,4,Strongly agree (5),Strongly agree (5),Strongly agree (5),Strongly disagree       (1),"Filled with wonder, amazed,Enchanted, in awe,Inspired, enthusiastic,Energetic, lively,Powerful, strong",60e3452eac7b129147019f7e,"Halfway through a concert, you realise you have been fully absorbed in the power and meaning of the music. It feels as if the music has taken you into a transcendent experience, which is exactly what you hoped for before the concert.",10
2025-09-09 11:13:06,2025-09-09 11:15:24,IP Address,100,137,True,2025-09-09 11:15:24,R_2B4FrC7BBi4N2O5,anonymous,EN,66eb6bbd51cc311738b09c90,Yes,46,Male,Nonmusician,3,3,3,3,3,3,3,3,3,3,3,3,3,3,3,3,3,3,3,3,3,3,3,3,3,3,3,3,3,3,3,3,3,3,3,Strongly disagree       (1),"Relaxed, peaceful",66eb6bbd51cc311738b09c90,"You have just been told that you didn’t get the job you applied for. To handle the news, you turn to music to provide a sense of support as you manage your thoughts.",8
2025-09-09 11:13:09,2025-09-09 11:15:34,IP Address,100,145,True,2025-09-09 11:15:35,R_2xxEUh39FjllQ6d,anonymous,EN,6713a6a34b872f10e42e1502,Yes,54,Male,Music-loving nonmusician,Strongly agree (5),Strongly agree (5),4,Strongly agree (5),2,3,4,2,4,3,4,4,Strongly agree (5),Strongly agree (5),4,Strongly agree (5),Strongly agree (5),3,4,Strongly agree (5),4,3,Strongly agree (5),4,4,4,4,3,2,3,4,3,Strongly agree (5),4,2,Strongly disagree       (1),"Inspired, enthusiastic,Energetic, lively,Joyful, wanting to dance",6713a6a34b872f10e42e1502,"You have an intricate task that requires your attention. To put your mind to it, you turn on a specific music playlist.",5
2025-09-09 11:13:21,2025-09-09 11:15:35,IP Address,100,134,True,2025-09-09 11:15:36,R_8s1ESOKVn5YNDlO,anonymous,EN,65e646da8809bd962f8da706,Yes,42,Male,Music-loving nonmusician,4,4,Strongly agree (5),4,2,4,4,3,4,4,4,4,2,4,4,4,4,Strongly agree (5),4,4,4,4,4,4,4,4,4,4,4,4,4,2,4,4,4,Strongly disagree       (1),"Inspired, enthusiastic,Energetic, lively,Joyful, wanting to dance",65e646da8809bd962f8da706,You are attending a celebration where music is the heart of the party. You are able to join in the fun which is aided by the music throughout the event.,1
2025-09-09 11:13:23,2025-09-09 11:15:36,IP Address,100,133,True,2025-09-09 11:15:36,R_23492tmpjNw5DtG,anonymous,EN,62a7477981491179fd5f1f6c,Yes,36,Female,Music-loving nonmusician,4,4,4,4,4,Strongly agree (5),4,3,Strongly agree (5),4,2,4,4,Strongly agree (5),4,4,4,Strongly disagree       (1),3,4,4,4,3,3,4,4,4,3,4,3,Strongly agree (5),4,4,4,2,Strongly disagree       (1),"Full of tenderness, warmhearted,Relaxed, peaceful,Nostalgic, sentimental",62a7477981491179fd5f1f6c,"After a long and demanding week, you take time to rest by listening to music. The stress melts away and you start to recover as you listen along.",3
2025-09-09 11:12:30,2025-09-09 11:15:37,IP Address,100,186,True,2025-09-09 11:15:37,R_2sRqXvRqweUrHMZ,anonymous,EN,63d153292ab8a7e4066fb52a,Yes,26,Male,Amateur musician,3,2,3,3,4,3,4,3,3,3,4,2,Strongly disagree       (1),Strongly disagree       (1),3,2,Strongly disagree       (1),2,3,3,3,3,3,3,2,2,2,3,2,2,3,4,2,3,3,3,"Joyful, wanting to dance,Relaxed, peaceful",63d153292ab8a7e4066fb52a,"As you sit outside on your lunch break, you hear amazing music drifting in from a nearby building. While admiring the graceful nature of the music itself, you notice how it intensifies your lunch break into a unique and lasting experience.",12
2025-09-09 11:12:04,2025-09-09 11:15:40,IP Address,100,215,True,2025-09-09 11:15:40,R_8wnIe6Qdstxs4xq,anonymous,EN,55a1d8e2fdf99b1c103f2660,Yes,54,Male,Music-loving nonmusician,4,4,4,4,Strongly disagree       (1),2,3,2,2,4,4,4,3,4,4,2,2,2,2,2,2,4,4,4,4,2,4,2,2,2,4,4,3,4,3,Strongly disagree       (1),"Energetic, lively,Powerful, strong",55a1d8e2fdf99b1c103f2660,In order to get ready to exercise you decide to put on music which gives you the right frame of mind.,4
2025-09-09 11:12:34,2025-09-09 11:15:40,IP Address,100,186,True,2025-09-09 11:15:40,R_8lMpxqQYqv2ahov,anonymous,EN,5a270517b4a5de00011af15c,Yes,35,Female,Music-loving nonmusician,4,4,3,4,3,4,Strongly agree (5),Strongly agree (5),Strongly agree (5),2,2,2,3,3,3,2,2,2,3,3,3,4,Strongly agree (5),Strongly agree (5),4,4,4,4,4,3,3,3,3,4,2,Strongly disagree       (1),"Relaxed, peaceful",5a270517b4a5de00011af15c,"After a long and demanding week, you take time to rest by listening to music. The stress melts away and you start to recover as you listen along.",3
2025-09-09 11:12:27,2025-09-09 11:15:41,IP Address,100,193,True,2025-09-09 11:15:41,R_8ZKZHfwJJQRHUku,anonymous,EN,5e6ce118673e50000c303890,Yes,60,Male,Music-loving nonmusician,4,Strongly agree (5),3,Strongly agree (5),Strongly agree (5),4,Strongly agree (5),Strongly agree (5),Strongly agree (5),4,4,4,3,3,3,3,4,3,4,4,4,Strongly agree (5),4,Strongly agree (5),3,3,4,Strongly agree (5),4,Strongly agree (5),4,3,4,3,3,Strongly disagree       (1),"Moved, touched",5e6ce118673e50000c303890,"While listening to a playlist, you come across a song that deeply resonates with what you are experiencing. It communicated something about yourself that you’ve struggled to explain to others.",9
2025-09-09 11:13:27,2025-09-09 11:15:48,IP Address,100,140,True,2025-09-09 11:15:48,R_2IYI5FYhUZsV070,anonymous,EN,6765fa2e271d03199d7035c2,Yes,29,Female,Music-loving nonmusician,4,4,4,4,4,Strongly agree (5),4,4,4,4,4,4,4,4,4,4,3,4,4,4,4,4,4,4,4,4,3,2,4,2,4,4,4,4,4,Strongly agree (5),"Inspired, enthusiastic,Energetic, lively,Joyful, wanting to dance,Powerful, strong",6765fa2e271d03199d7035c2,In order to get ready to exercise you decide to put on music which gives you the right frame of mind.,4
2025-09-09 11:12:00,2025-09-09 11:15:48,IP Address,100,228,True,2025-09-09 11:15:49,R_8rIekpkUXF83N7t,anonymous,EN,5c49b156f5e26d0001479b44,Yes,70,Female,Music-loving nonmusician,4,4,3,4,3,3,4,4,4,2,3,2,3,3,3,Strongly disagree       (1),Strongly disagree       (1),Strongly disagree       (1),4,3,2,4,4,4,3,3,3,2,4,2,2,Strongly disagree       (1),Strongly agree (5),4,2,Strongly disagree       (1),"Relaxed, peaceful",5c49b156f5e26d0001479b44,"You have just been told that you didn’t get the job you applied for. To handle the news, you turn to music to provide a sense of support as you manage your thoughts.",8
2025-09-09 11:12:45,2025-09-09 11:15:48,IP Address,100,182,True,2025-09-09 11:15:49,R_8kBsHS7Tmh5ZacV,anonymous,EN,677b8e386966144d94556597,Yes,52,Male,Music-loving nonmusician,4,Strongly agree (5),3,3,Strongly disagree       (1),2,3,3,3,4,Strongly agree (5),Strongly agree (5),3,4,3,3,3,3,4,4,3,4,3,3,4,4,2,2,2,2,2,3,4,4,3,Strongly disagree       (1),"Energetic, lively,Joyful, wanting to dance,Powerful, strong",677b8e386966144d94556597,In order to get ready to exercise you decide to put on music which gives you the right frame of mind.,4
2025-09-09 11:12:48,2025-09-09 11:15:49,IP Address,100,181,True,2025-09-09 11:15:49,R_873tfvhrr4Ic9gb,anonymous,EN,5ce5bcf74caf470001da7c33,Yes,29,Male,Music-loving nonmusician,Strongly agree (5),Strongly agree (5),Strongly agree (5),4,4,3,4,4,4,3,4,4,3,4,4,Strongly agree (5),Strongly agree (5),4,4,4,Strongly agree (5),Strongly agree (5),4,4,4,4,Strongly agree (5),3,3,3,4,4,Strongly agree (5),4,4,Strongly disagree       (1),"Inspired, enthusiastic,Energetic, lively,Joyful, wanting to dance,Full of tenderness, warmhearted,Nostalgic, sentimental",5ce5bcf74caf470001da7c33,"While with your friends at a cafe, a particular song comes on. You instantly recognise the music from your past, leading to an exchange of stories about your experiences together.",6
2025-09-09 11:12:21,2025-09-09 11:15:51,IP Address,100,210,True,2025-09-09 11:15:52,R_23XR3VAEvAcEXst,anonymous,EN,5fc59271971cc91189a1bdf0,Yes,43,Male,Music-loving nonmusician,4,4,4,Strongly disagree       (1),3,Strongly disagree       (1),3,3,3,Strongly disagree       (1),3,Strongly disagree       (1),Strongly disagree       (1),Strongly disagree       (1),2,Strongly disagree       (1),3,2,Strongly disagree       (1),Strongly disagree       (1),Strongly disagree       (1),2,2,3,Strongly disagree       (1),Strongly disagree       (1),Strongly disagree       (1),Strongly disagree       (1),Strongly disagree       (1),Strongly disagree       (1),3,3,Strongly agree (5),Strongly agree (5),3,Strongly disagree       (1),"Tense, uneasy",5fc59271971cc91189a1bdf0,You are attending a celebration where music is the heart of the party. You are able to join in the fun which is aided by the music throughout the event.,1
2025-09-09 11:11:49,2025-09-09 11:15:52,IP Address,100,242,True,2025-09-09 11:15:52,R_2RKK4canb5kpFEB,anonymous,EN,6730f965beb7513190d2be93,Yes,61,Male,Music-loving nonmusician,4,Strongly agree (5),Strongly agree (5),Strongly disagree       (1),Strongly disagree       (1),4,Strongly disagree       (1),2,2,Strongly agree (5),4,4,2,4,2,4,Strongly agree (5),Strongly agree (5),4,3,2,2,3,3,Strongly agree (5),Strongly agree (5),4,2,2,Strongly disagree       (1),2,Strongly disagree       (1),3,3,4,Strongly disagree       (1),"Energetic, lively,Joyful, wanting to dance,Full of tenderness, warmhearted",6730f965beb7513190d2be93,You are attending a celebration where music is the heart of the party. You are able to join in the fun which is aided by the music throughout the event.,1
2025-09-09 11:08:46,2025-09-09 11:15:53,IP Address,100,426,True,2025-09-09 11:15:53,R_2s1jxmqVUrTq3Yl,anonymous,EN,5a56222f8e6259000175b271,Yes,53,Female,Nonmusician,4,4,4,4,3,4,3,4,4,3,2,3,2,2,2,4,2,2,3,3,3,3,4,3,4,3,2,2,2,3,2,3,4,4,3,Strongly disagree       (1),"Filled with wonder, amazed,Enchanted, in awe",5a56222f8e6259000175b271,"Halfway through a concert, you realise you have been fully absorbed in the power and meaning of the music. It feels as if the music has taken you into a transcendent experience, which is exactly what you hoped for before the concert.",10
2025-09-09 11:12:02,2025-09-09 11:15:53,IP Address,100,230,True,2025-09-09 11:15:53,R_8Iat5DsGo7F671I,anonymous,EN,5bc0b1bb63cb210001cf55ba,Yes,57,Male,Music-loving nonmusician,Strongly agree (5),4,4,Strongly disagree       (1),3,Strongly disagree       (1),4,3,4,Strongly disagree       (1),3,4,4,4,4,Strongly disagree       (1),Strongly disagree       (1),2,Strongly disagree       (1),Strongly disagree       (1),Strongly disagree       (1),2,2,Strongly disagree       (1),Strongly disagree       (1),2,2,Strongly disagree       (1),Strongly disagree       (1),Strongly disagree       (1),Strongly disagree       (1),Strongly disagree       (1),4,4,Strongly disagree       (1),Strongly disagree       (1),"Inspired, enthusiastic,Energetic, lively",5bc0b1bb63cb210001cf55ba,"You have an intricate task that requires your attention. To put your mind to it, you turn on a specific music playlist.",5
2025-09-09 11:12:31,2025-09-09 11:15:55,IP Address,100,203,True,2025-09-09 11:15:55,R_22WvnGwfxzbWBdc,anonymous,EN,5e1451d067f170a77ddab325,Yes,37,Female,Music-loving nonmusician,Strongly agree (5),Strongly agree (5),4,4,Strongly agree (5),3,4,Strongly agree (5),Strongly agree (5),4,3,Strongly agree (5),4,4,4,Strongly agree (5),4,4,Strongly agree (5),Strongly agree (5),Strongly agree (5),4,Strongly agree (5),Strongly agree (5),Strongly agree (5),Strongly agree (5),Strongly agree (5),3,4,3,Strongly agree (5),Strongly agree (5),Strongly agree (5),Strongly agree (5),3,Strongly disagree       (1),"Moved, touched,Relaxed, peaceful",5e1451d067f170a77ddab325,"You have an intricate task that requires your attention. To put your mind to it, you turn on a specific music playlist.",5
2025-09-09 11:12:09,2025-09-09 11:16:00,IP Address,100,231,True,2025-09-09 11:16:00,R_8XlOpljH7RBr6Xn,anonymous,EN,6644b22e26557e73d19ff30d,Yes,31,Female,Nonmusician,4,3,4,2,2,3,3,3,3,2,3,2,3,3,3,2,2,2,3,3,3,3,3,3,2,2,3,Strongly disagree       (1),Strongly disagree       (1),Strongly disagree       (1),3,3,4,3,3,Strongly disagree       (1),"Moved, touched,Inspired, enthusiastic,Powerful, strong,Full of tenderness, warmhearted,Relaxed, peaceful",6644b22e26557e73d19ff30d,"While out for a walk, you hear a busker playing incredible sounding music you have never discovered before. You are not sure what is attracting your interest to the music but you allow yourself to be taken in by the music and its new emotional direction.",11
2025-09-09 11:11:57,2025-09-09 11:16:02,IP Address,100,244,True,2025-09-09 11:16:02,R_2fZd2wuv89vL26l,anonymous,EN,5f75d01a857e4e27a575f7ca,Yes,43,Female,Music-loving nonmusician,3,4,4,3,3,2,3,3,3,2,3,2,2,2,2,2,2,Strongly disagree       (1),3,2,2,4,3,3,2,2,Strongly disagree       (1),4,4,3,Strongly agree (5),Strongly agree (5),Strongly agree (5),4,4,Strongly disagree       (1),"Filled with wonder, amazed,Moved, touched,Enchanted, in awe,Inspired, enthusiastic,Relaxed, peaceful",5f75d01a857e4e27a575f7ca,"While out for a walk, you hear a busker playing incredible sounding music you have never discovered before. You are not sure what is attracting your interest to the music but you allow yourself to be taken in by the music and its new emotional direction.",11
2025-09-09 11:14:01,2025-09-09 11:16:02,IP Address,100,121,True,2025-09-09 11:16:02,R_2bICEOaSCQXQE1w,anonymous,EN,63d3ff7455fe68b811ef6b57,Yes,20,Male,Music-loving nonmusician,Strongly agree (5),4,Strongly agree (5),4,4,4,4,Strongly agree (5),4,4,4,Strongly agree (5),4,4,Strongly agree (5),4,4,3,3,4,4,3,Strongly agree (5),4,4,3,4,3,3,3,4,4,4,4,3,Strongly disagree       (1),"Inspired, enthusiastic,Powerful, strong",63d3ff7455fe68b811ef6b57,In order to get ready to exercise you decide to put on music which gives you the right frame of mind.,4
2025-09-09 11:13:04,2025-09-09 11:16:02,IP Address,100,178,True,2025-09-09 11:16:02,R_8roGD99JogodhcW,anonymous,EN,6012d27152fa5e09eb6a29e0,Yes,41,Female,Music-loving nonmusician,4,4,4,4,3,3,3,3,3,4,4,4,4,4,4,4,4,4,4,4,4,4,4,4,4,4,4,Strongly disagree       (1),Strongly disagree       (1),Strongly disagree       (1),4,4,4,4,4,Strongly disagree       (1),"Nostalgic, sentimental",6012d27152fa5e09eb6a29e0,"While listening to a playlist, you come across a song that deeply resonates with what you are experiencing. It communicated something about yourself that you’ve struggled to explain to others.",9
2025-09-09 11:12:45,2025-09-09 11:16:02,IP Address,100,197,True,2025-09-09 11:16:03,R_2L26sae6RCuGhCj,anonymous,EN,6501be40dbaed79a9c8aa94b,Yes,43,Female,Nonmusician,Strongly agree (5),Strongly agree (5),Strongly agree (5),Strongly agree (5),Strongly agree (5),Strongly agree (5),Strongly agree (5),Strongly agree (5),Strongly agree (5),4,Strongly agree (5),4,Strongly agree (5),2,Strongly agree (5),2,4,2,Strongly agree (5),4,Strongly agree (5),2,Strongly agree (5),Strongly agree (5),Strongly agree (5),Strongly agree (5),4,Strongly disagree       (1),Strongly agree (5),2,4,4,Strongly agree (5),Strongly agree (5),Strongly agree (5),Strongly disagree       (1),"Inspired, enthusiastic,Energetic, lively,Powerful, strong,Relaxed, peaceful",6501be40dbaed79a9c8aa94b,"You have an intricate task that requires your attention. To put your mind to it, you turn on a specific music playlist.",5
2025-09-09 11:11:40,2025-09-09 11:16:03,IP Address,100,262,True,2025-09-09 11:16:03,R_2TsIWIyYTw0N3O9,anonymous,EN,66caec76f2a174deb1bd914a,Yes,51,Female,Music-loving nonmusician,3,4,4,2,4,Strongly disagree       (1),4,4,4,3,2,3,2,3,3,Strongly disagree       (1),2,Strongly disagree       (1),4,3,4,4,4,4,2,2,2,Strongly disagree       (1),Strongly disagree       (1),Strongly disagree       (1),2,2,3,2,2,Strongly disagree       (1),"Full of tenderness, warmhearted,Relaxed, peaceful,Nostalgic, sentimental",66caec76f2a174deb1bd914a,"As you travel alone for an extended period, you put on your partner’s favourite music. The music makes you feel as if they are there with you.",7
2025-09-09 11:12:16,2025-09-09 11:16:03,IP Address,100,227,True,2025-09-09 11:16:03,R_8UYrMORAjfLKiqy,anonymous,EN,5f3d6f7010ad88124f3906e2,Yes,28,Male,Amateur musician,4,Strongly agree (5),4,4,4,3,Strongly agree (5),4,4,3,3,4,3,2,3,3,3,3,3,3,3,Strongly agree (5),Strongly agree (5),Strongly agree (5),4,4,Strongly agree (5),3,3,3,Strongly agree (5),Strongly agree (5),Strongly agree (5),Strongly agree (5),4,Strongly disagree       (1),"Filled with wonder, amazed,Enchanted, in awe,Full of tenderness, warmhearted,Relaxed, peaceful",5f3d6f7010ad88124f3906e2,"While out for a walk, you hear a busker playing incredible sounding music you have never discovered before. You are not sure what is attracting your interest to the music but you allow yourself to be taken in by the music and its new emotional direction.",11
2025-09-09 11:12:15,2025-09-09 11:16:04,IP Address,100,229,True,2025-09-09 11:16:05,R_8KvDzD0cfMNwx9f,anonymous,EN,60e1942363f59342f26be4ca,Yes,52,Female,Amateur musician,4,4,3,4,4,3,4,4,4,3,3,4,3,3,3,2,2,2,4,4,4,4,Strongly agree (5),Strongly agree (5),4,4,Strongly agree (5),4,3,4,2,2,Strongly agree (5),4,3,Strongly disagree       (1),"Inspired, enthusiastic,Energetic, lively,Powerful, strong,Relaxed, peaceful",60e1942363f59342f26be4ca,In order to get ready to exercise you decide to put on music which gives you the right frame of mind.,4
2025-09-09 11:12:57,2025-09-09 11:16:09,IP Address,100,192,True,2025-09-09 11:16:09,R_8sjEbI7aTAJ6FLV,anonymous,EN,5bf2f728bd9f150001f6cc42,Yes,59,Male,Music-loving nonmusician,3,3,2,4,3,3,3,4,3,2,2,2,3,2,3,2,2,2,2,3,3,4,4,3,2,3,3,Strongly disagree       (1),Strongly disagree       (1),2,3,2,3,2,3,Strongly disagree       (1),"Relaxed, peaceful",5bf2f728bd9f150001f6cc42,"After a long and demanding week, you take time to rest by listening to music. The stress melts away and you start to recover as you listen along.",3
2025-09-09 11:12:31,2025-09-09 11:16:10,IP Address,100,218,True,2025-09-09 11:16:11,R_2RICe8UWQQGtQHv,anonymous,EN,66c20b634a3b292d25596fbc,Yes,52,Male,Music-loving nonmusician,Strongly agree (5),Strongly agree (5),4,4,3,2,4,4,4,4,3,4,4,4,4,2,2,2,3,3,4,4,4,4,3,2,2,2,2,4,3,3,4,4,Strongly disagree       (1),Strongly disagree       (1),"Indifferent, bored",66c20b634a3b292d25596fbc,It was pointed out that you missed an important detail in your work which you now have to redo. You put on a music playlist to drown out self-criticism as you fix the mistake.,2
2025-09-09 11:13:12,2025-09-09 11:16:11,IP Address,100,179,True,2025-09-09 11:16:12,R_2e8HWDrJF2ZhBkJ,anonymous,EN,574aff1b5bef980007af2745,Yes,60,Female,Music-loving nonmusician,3,3,4,3,2,Strongly disagree       (1),3,3,4,3,3,3,3,3,3,3,Strongly disagree       (1),Strongly disagree       (1),3,3,3,3,3,4,Strongly disagree       (1),3,3,Strongly disagree       (1),Strongly disagree       (1),Strongly disagree       (1),Strongly disagree       (1),Strongly disagree       (1),3,3,3,Strongly disagree       (1),"Enchanted, in awe,Full of tenderness, warmhearted,Relaxed, peaceful",574aff1b5bef980007af2745,"While out for a walk, you hear a busker playing incredible sounding music you have never discovered before. You are not sure what is attracting your interest to the music but you allow yourself to be taken in by the music and its new emotional direction.",11
2025-09-09 11:12:58,2025-09-09 11:16:11,IP Address,100,193,True,2025-09-09 11:16:12,R_8CpJmLcKvxXslWd,anonymous,EN,5e35373e1ddb124e6c306747,Yes,49,Female,Music-loving nonmusician,4,4,3,4,4,4,3,2,2,Strongly disagree       (1),2,Strongly disagree       (1),2,2,2,Strongly disagree       (1),Strongly disagree       (1),Strongly disagree       (1),4,2,Strongly disagree       (1),4,4,4,4,Strongly agree (5),Strongly agree (5),Strongly disagree       (1),Strongly disagree       (1),Strongly disagree       (1),2,2,3,Strongly disagree       (1),Strongly disagree       (1),Strongly disagree       (1),"Melancholic, sad,Agitated, aggressive",5e35373e1ddb124e6c306747,"You have just been told that you didn’t get the job you applied for. To handle the news, you turn to music to provide a sense of support as you manage your thoughts.",8
2025-09-09 11:12:48,2025-09-09 11:16:11,IP Address,100,203,True,2025-09-09 11:16:12,R_8elYo4gycTuHkGZ,anonymous,EN,6717d0f52cc5e0a7f13b596a,Yes,43,Male,Music-loving nonmusician,4,4,4,Strongly agree (5),4,2,3,3,Strongly agree (5),4,4,Strongly agree (5),2,3,3,2,2,2,2,3,3,Strongly agree (5),4,4,3,2,3,4,4,3,4,Strongly agree (5),Strongly agree (5),Strongly agree (5),2,Strongly disagree       (1),"Filled with wonder, amazed,Moved, touched,Enchanted, in awe",6717d0f52cc5e0a7f13b596a,"While out for a walk, you hear a busker playing incredible sounding music you have never discovered before. You are not sure what is attracting your interest to the music but you allow yourself to be taken in by the music and its new emotional direction.",11
2025-09-09 11:12:36,2025-09-09 11:16:14,IP Address,100,218,True,2025-09-09 11:16:14,R_8cns6m4A7wMBFL5,anonymous,EN,644940c6c6b71b43c2f0d552,Yes,58,Female,Nonmusician,4,4,3,3,3,3,4,3,3,3,3,3,3,3,4,3,3,3,3,3,3,3,3,3,3,3,2,2,3,3,4,4,4,3,2,Strongly disagree       (1),"Moved, touched,Inspired, enthusiastic,Relaxed, peaceful",644940c6c6b71b43c2f0d552,"While out for a walk, you hear a busker playing incredible sounding music you have never discovered before. You are not sure what is attracting your interest to the music but you allow yourself to be taken in by the music and its new emotional direction.",11
2025-09-09 11:12:51,2025-09-09 11:16:18,IP Address,100,207,True,2025-09-09 11:16:19,R_2zFN1zrcFZBGbmw,anonymous,EN,5acddd6cfa3b4e000173db88,Yes,60,Female,Nonmusician,3,3,2,Strongly agree (5),Strongly agree (5),4,3,3,4,Strongly agree (5),3,Strongly agree (5),Strongly agree (5),4,Strongly agree (5),4,4,4,4,4,4,4,Strongly agree (5),Strongly agree (5),3,4,Strongly agree (5),3,3,3,2,2,4,4,2,Strongly disagree       (1),"Tense, uneasy,Melancholic, sad",5acddd6cfa3b4e000173db88,It was pointed out that you missed an important detail in your work which you now have to redo. You put on a music playlist to drown out self-criticism as you fix the mistake.,2
2025-09-09 11:13:34,2025-09-09 11:16:18,IP Address,100,164,True,2025-09-09 11:16:19,R_8GiwVptXYc9faqv,anonymous,EN,59d8d3aeea41450001ec79b0,Yes,29,Male,Amateur musician,4,Strongly agree (5),4,2,4,3,4,4,4,2,3,2,3,2,2,3,2,2,4,2,2,4,2,4,2,4,Strongly agree (5),2,2,2,3,3,4,Strongly agree (5),3,Strongly disagree       (1),"Moved, touched,Enchanted, in awe,Full of tenderness, warmhearted,Relaxed, peaceful",59d8d3aeea41450001ec79b0,"Halfway through a concert, you realise you have been fully absorbed in the power and meaning of the music. It feels as if the music has taken you into a transcendent experience, which is exactly what you hoped for before the concert.",10
2025-09-09 11:12:04,2025-09-09 11:16:19,IP Address,100,255,True,2025-09-09 11:16:20,R_8gIRMgphHrC6gUS,anonymous,EN,678ea8b3a094ea0ba1319d21,Yes,58,Female,Nonmusician,4,4,4,4,3,4,4,4,4,4,4,4,3,3,3,3,2,2,3,3,4,4,4,4,4,4,4,3,3,4,2,2,4,3,3,Strongly disagree       (1),"Inspired, enthusiastic,Joyful, wanting to dance,Relaxed, peaceful",678ea8b3a094ea0ba1319d21,"After a long and demanding week, you take time to rest by listening to music. The stress melts away and you start to recover as you listen along.",3
2025-09-09 11:11:10,2025-09-09 11:16:22,IP Address,100,311,True,2025-09-09 11:16:22,R_8l9TM2QQeZd0iZ6,anonymous,EN,6116e4eaa383c256f8253754,Yes,39,Male,Music-loving nonmusician,4,4,Strongly agree (5),4,3,Strongly agree (5),4,4,Strongly agree (5),4,4,4,3,3,3,4,4,4,3,4,Strongly agree (5),3,4,4,4,4,3,Strongly agree (5),3,Strongly agree (5),4,4,4,4,4,Strongly disagree       (1),"Filled with wonder, amazed,Moved, touched,Enchanted, in awe,Inspired, enthusiastic,Energetic, lively,Joyful, wanting to dance,Powerful, strong,Full of tenderness, warmhearted,Relaxed, peaceful,Nostalgic, sentimental",6116e4eaa383c256f8253754,"While listening to a playlist, you come across a song that deeply resonates with what you are experiencing. It communicated something about yourself that you’ve struggled to explain to others.",9
2025-09-09 11:11:51,2025-09-09 11:16:22,IP Address,100,271,True,2025-09-09 11:16:22,R_2PmXHjM6cyfx2qP,anonymous,EN,5e4c511d056b9c0ad9b6fd24,Yes,68,Female,Music-loving nonmusician,4,4,4,Strongly agree (5),2,4,4,Strongly agree (5),Strongly agree (5),3,3,3,4,4,4,4,4,4,4,3,4,Strongly agree (5),Strongly agree (5),4,3,4,4,Strongly agree (5),4,4,3,3,4,4,4,Strongly disagree       (1),"Moved, touched,Powerful, strong,Full of tenderness, warmhearted,Relaxed, peaceful,Nostalgic, sentimental",5e4c511d056b9c0ad9b6fd24,"Halfway through a concert, you realise you have been fully absorbed in the power and meaning of the music. It feels as if the music has taken you into a transcendent experience, which is exactly what you hoped for before the concert.",10
2025-09-09 11:13:01,2025-09-09 11:16:23,IP Address,100,201,True,2025-09-09 11:16:23,R_83BVGZn5V9VE9JJ,anonymous,EN,5a991dd86475f900019fe4b6,Yes,46,Female,Music-loving nonmusician,4,4,4,2,2,3,4,4,4,3,3,4,3,4,4,3,3,2,4,4,Strongly agree (5),4,4,4,3,3,3,2,2,3,3,3,4,4,2,Strongly disagree       (1),"Full of tenderness, warmhearted,Relaxed, peaceful,Nostalgic, sentimental",5a991dd86475f900019fe4b6,"As you travel alone for an extended period, you put on your partner’s favourite music. The music makes you feel as if they are there with you.",7
2025-09-09 11:13:13,2025-09-09 11:16:24,IP Address,100,190,True,2025-09-09 11:16:24,R_898vl4fHhnsksSd,anonymous,EN,6756e98b064a0fa2dd7793d4,Yes,50,Female,Music-loving nonmusician,4,Strongly agree (5),4,4,3,2,4,3,4,4,4,4,4,4,4,4,4,4,4,4,4,4,4,4,4,4,4,4,4,4,Strongly agree (5),4,Strongly agree (5),4,4,Strongly disagree       (1),"Filled with wonder, amazed,Moved, touched,Enchanted, in awe,Inspired, enthusiastic,Joyful, wanting to dance",6756e98b064a0fa2dd7793d4,"While out for a walk, you hear a busker playing incredible sounding music you have never discovered before. You are not sure what is attracting your interest to the music but you allow yourself to be taken in by the music and its new emotional direction.",11
2025-09-09 11:12:57,2025-09-09 11:16:25,IP Address,100,208,True,2025-09-09 11:16:25,R_2lAUiZOUhYibQM6,anonymous,EN,681d11acf32ffbb177100579,Yes,56,Male,Music-loving nonmusician,3,Strongly agree (5),3,4,Strongly disagree       (1),Strongly disagree       (1),4,2,3,Strongly agree (5),4,4,4,4,4,Strongly disagree       (1),Strongly disagree       (1),Strongly disagree       (1),Strongly disagree       (1),Strongly disagree       (1),3,2,4,4,4,2,3,Strongly disagree       (1),Strongly disagree       (1),Strongly disagree       (1),3,2,3,4,2,Strongly disagree       (1),"Inspired, enthusiastic,Tense, uneasy,Agitated, aggressive",681d11acf32ffbb177100579,It was pointed out that you missed an important detail in your work which you now have to redo. You put on a music playlist to drown out self-criticism as you fix the mistake.,2
2025-09-09 11:12:24,2025-09-09 11:16:27,IP Address,100,242,True,2025-09-09 11:16:27,R_8M4Ok2ZTBvZEFtd,anonymous,EN,5cfbf333ac28dd00196e807b,Yes,52,Female,Nonmusician,3,3,3,4,Strongly disagree       (1),4,2,2,2,Strongly agree (5),Strongly agree (5),Strongly agree (5),4,4,4,3,2,3,2,2,4,3,3,2,3,3,2,Strongly disagree       (1),Strongly disagree       (1),2,2,2,3,3,2,Strongly disagree       (1),"Energetic, lively,Joyful, wanting to dance,Powerful, strong",5cfbf333ac28dd00196e807b,In order to get ready to exercise you decide to put on music which gives you the right frame of mind.,4
2025-09-09 11:13:54,2025-09-09 11:16:28,IP Address,100,153,True,2025-09-09 11:16:28,R_2dK50eaJ0GvPlk0,anonymous,EN,67efd9773d87dc119df038fc,Yes,54,Female,Amateur musician,4,2,2,4,2,4,3,2,4,2,4,2,2,Strongly disagree       (1),2,3,2,2,4,4,4,2,4,3,2,2,2,2,2,4,3,2,4,3,2,Strongly disagree       (1),"Tense, uneasy,Indifferent, bored",67efd9773d87dc119df038fc,"You have an intricate task that requires your attention. To put your mind to it, you turn on a specific music playlist.",5
2025-09-09 11:08:44,2025-09-09 11:16:31,IP Address,100,467,True,2025-09-09 11:16:32,R_2YpB5lgW4dwGL3b,anonymous,EN,5f84e472052cf81ae5752252,Yes,35,Female,Music-loving nonmusician,4,Strongly agree (5),3,Strongly disagree       (1),3,2,Strongly agree (5),4,4,3,Strongly disagree       (1),2,3,3,3,Strongly disagree       (1),2,Strongly disagree       (1),4,4,3,4,4,Strongly agree (5),2,Strongly disagree       (1),Strongly disagree       (1),Strongly disagree       (1),Strongly disagree       (1),Strongly disagree       (1),4,4,Strongly agree (5),3,Strongly disagree       (1),Strongly disagree       (1),"Moved, touched,Full of tenderness, warmhearted,Relaxed, peaceful",5f84e472052cf81ae5752252,"As you sit outside on your lunch break, you hear amazing music drifting in from a nearby building. While admiring the graceful nature of the music itself, you notice how it intensifies your lunch break into a unique and lasting experience.",12
2025-09-09 11:13:42,2025-09-09 11:16:33,IP Address,100,171,True,2025-09-09 11:16:33,R_2CCaJcsDCTPVHcb,anonymous,EN,5e8efa2ce7ea51000c5ee81c,Yes,23,Male,Music-loving nonmusician,4,4,4,3,Strongly agree (5),2,4,Strongly agree (5),4,4,3,3,3,3,3,Strongly agree (5),4,Strongly agree (5),4,Strongly agree (5),4,4,4,4,Strongly agree (5),Strongly agree (5),4,4,4,4,4,4,4,Strongly agree (5),4,Strongly disagree       (1),"Energetic, lively,Nostalgic, sentimental",5e8efa2ce7ea51000c5ee81c,"While with your friends at a cafe, a particular song comes on. You instantly recognise the music from your past, leading to an exchange of stories about your experiences together.",6
2025-09-09 11:14:31,2025-09-09 11:16:38,IP Address,100,127,True,2025-09-09 11:16:38,R_2QuR3lgxPkJk23X,anonymous,EN,5e84629868b86400086cce3e,Yes,62,Male,Amateur musician,3,3,Strongly disagree       (1),Strongly disagree       (1),Strongly disagree       (1),Strongly disagree       (1),Strongly disagree       (1),Strongly disagree       (1),Strongly disagree       (1),Strongly disagree       (1),Strongly disagree       (1),Strongly disagree       (1),Strongly disagree       (1),Strongly disagree       (1),Strongly disagree       (1),Strongly disagree       (1),Strongly disagree       (1),Strongly disagree       (1),Strongly disagree       (1),Strongly disagree       (1),Strongly disagree       (1),Strongly disagree       (1),Strongly disagree       (1),Strongly disagree       (1),Strongly disagree       (1),Strongly disagree       (1),Strongly disagree       (1),Strongly disagree       (1),Strongly disagree       (1),Strongly disagree       (1),Strongly disagree       (1),3,3,Strongly disagree       (1),Strongly disagree       (1),Strongly disagree       (1),None of these,5e84629868b86400086cce3e,"As you sit outside on your lunch break, you hear amazing music drifting in from a nearby building. While admiring the graceful nature of the music itself, you notice how it intensifies your lunch break into a unique and lasting experience.",12
2025-09-09 11:13:41,2025-09-09 11:16:38,IP Address,100,176,True,2025-09-09 11:16:38,R_8e9rx8MAeJkOGD9,anonymous,EN,57dc590ddcda780001a0e157,Yes,68,Female,Nonmusician,2,2,3,2,Strongly disagree       (1),Strongly disagree       (1),2,2,2,2,2,2,3,2,3,Strongly disagree       (1),Strongly disagree       (1),Strongly disagree       (1),Strongly disagree       (1),Strongly disagree       (1),Strongly disagree       (1),2,2,2,Strongly disagree       (1),Strongly disagree       (1),Strongly disagree       (1),2,2,2,Strongly disagree       (1),Strongly disagree       (1),2,2,Strongly disagree       (1),Strongly disagree       (1),"Relaxed, peaceful",57dc590ddcda780001a0e157,In order to get ready to exercise you decide to put on music which gives you the right frame of mind.,4
2025-09-09 11:12:49,2025-09-09 11:16:39,IP Address,100,229,True,2025-09-09 11:16:39,R_2fKhyFc81PpqDK1,anonymous,EN,59a734ce0c87a000017481ed,Yes,36,Female,Music-loving nonmusician,4,4,Strongly agree (5),4,3,4,Strongly agree (5),4,Strongly agree (5),4,4,4,3,4,4,3,3,3,3,3,3,4,4,4,3,4,4,3,3,3,Strongly agree (5),4,4,4,2,Strongly disagree       (1),"Moved, touched,Powerful, strong,Full of tenderness, warmhearted",59a734ce0c87a000017481ed,"While out for a walk, you hear a busker playing incredible sounding music you have never discovered before. You are not sure what is attracting your interest to the music but you allow yourself to be taken in by the music and its new emotional direction.",11
2025-09-09 11:13:42,2025-09-09 11:16:40,IP Address,100,178,True,2025-09-09 11:16:41,R_8kcAo1j3VI8fo8b,anonymous,EN,5a5a4bc8e0cf3d0001267426,Yes,62,Female,Nonmusician,Strongly agree (5),4,4,4,4,4,Strongly agree (5),Strongly agree (5),Strongly agree (5),4,3,4,3,4,4,4,3,4,4,4,4,4,4,4,4,4,4,4,4,4,3,3,4,Strongly agree (5),3,Strongly disagree       (1),"Moved, touched,Relaxed, peaceful,Melancholic, sad,Nostalgic, sentimental",5a5a4bc8e0cf3d0001267426,"As you sit outside on your lunch break, you hear amazing music drifting in from a nearby building. While admiring the graceful nature of the music itself, you notice how it intensifies your lunch break into a unique and lasting experience.",12
2025-09-09 11:13:04,2025-09-09 11:16:40,IP Address,100,216,True,2025-09-09 11:16:41,R_2p1QQUrLgV8uZvH,anonymous,EN,6765c89950709393a7cd865c,Yes,29,Male,Music-loving nonmusician,Strongly agree (5),Strongly agree (5),4,Strongly agree (5),Strongly agree (5),4,Strongly agree (5),Strongly agree (5),Strongly agree (5),2,3,3,4,4,4,4,4,2,Strongly agree (5),Strongly agree (5),4,Strongly agree (5),Strongly agree (5),Strongly agree (5),4,4,Strongly agree (5),3,3,4,Strongly agree (5),4,Strongly agree (5),Strongly agree (5),3,Strongly disagree       (1),"Filled with wonder, amazed,Moved, touched,Inspired, enthusiastic,Powerful, strong,Relaxed, peaceful,Melancholic, sad,Nostalgic, sentimental",6765c89950709393a7cd865c,"While listening to a playlist, you come across a song that deeply resonates with what you are experiencing. It communicated something about yourself that you’ve struggled to explain to others.",9
2025-09-09 11:12:25,2025-09-09 11:16:40,IP Address,100,255,True,2025-09-09 11:16:41,R_8fiRNI0flj8VLbj,anonymous,EN,680e1b9a36b987121bbc9c9a,Yes,51,Female,Music-loving nonmusician,4,4,2,Strongly agree (5),4,4,3,3,4,2,3,2,3,2,3,Strongly disagree       (1),Strongly disagree       (1),3,Strongly disagree       (1),2,3,4,Strongly agree (5),4,3,2,4,Strongly disagree       (1),Strongly disagree       (1),Strongly disagree       (1),2,2,3,2,2,Strongly disagree       (1),"Tense, uneasy,Melancholic, sad",680e1b9a36b987121bbc9c9a,"You have just been told that you didn’t get the job you applied for. To handle the news, you turn to music to provide a sense of support as you manage your thoughts.",8
2025-09-09 11:14:42,2025-09-09 11:16:41,IP Address,100,118,True,2025-09-09 11:16:41,R_2pzmhalttpU88vf,anonymous,EN,5ec3eabec8f93307a60c5d1b,Yes,27,Female,Music-loving nonmusician,4,Strongly agree (5),4,4,3,4,4,4,Strongly agree (5),3,3,3,3,4,2,2,2,2,2,2,4,Strongly agree (5),Strongly agree (5),4,3,4,4,2,Strongly disagree       (1),Strongly disagree       (1),3,3,4,4,2,Strongly disagree       (1),"Inspired, enthusiastic,Relaxed, peaceful",5ec3eabec8f93307a60c5d1b,"After a long and demanding week, you take time to rest by listening to music. The stress melts away and you start to recover as you listen along.",3
2025-09-09 11:13:31,2025-09-09 11:16:43,IP Address,100,191,True,2025-09-09 11:16:43,R_2JF5GLpENMneiVQ,anonymous,EN,63b3377ca1ccdfc7cc567503,Yes,63,Male,Music-loving nonmusician,4,4,4,4,Strongly agree (5),Strongly agree (5),Strongly agree (5),Strongly agree (5),Strongly agree (5),Strongly agree (5),Strongly agree (5),4,4,2,4,Strongly agree (5),4,Strongly agree (5),4,Strongly agree (5),4,4,Strongly agree (5),Strongly agree (5),Strongly agree (5),Strongly agree (5),4,Strongly agree (5),Strongly agree (5),Strongly agree (5),4,Strongly agree (5),4,Strongly agree (5),Strongly agree (5),Strongly disagree       (1),"Filled with wonder, amazed,Moved, touched,Full of tenderness, warmhearted,Relaxed, peaceful",63b3377ca1ccdfc7cc567503,"While out for a walk, you hear a busker playing incredible sounding music you have never discovered before. You are not sure what is attracting your interest to the music but you allow yourself to be taken in by the music and its new emotional direction.",11
2025-09-09 11:13:16,2025-09-09 11:16:43,IP Address,100,207,True,2025-09-09 11:16:43,R_89oCmA7VoYN8U4I,anonymous,EN,665a2ec0103f8c77303c4a83,Yes,58,Female,Music-loving nonmusician,2,3,Strongly disagree       (1),Strongly disagree       (1),Strongly disagree       (1),Strongly disagree       (1),2,Strongly disagree       (1),4,3,4,4,4,4,4,Strongly disagree       (1),Strongly disagree       (1),Strongly disagree       (1),2,2,3,2,4,3,2,Strongly disagree       (1),Strongly disagree       (1),Strongly disagree       (1),2,3,Strongly disagree       (1),2,3,Strongly disagree       (1),Strongly disagree       (1),Strongly disagree       (1),"Inspired, enthusiastic,Energetic, lively,Powerful, strong",665a2ec0103f8c77303c4a83,"You have an intricate task that requires your attention. To put your mind to it, you turn on a specific music playlist.",5
2025-09-09 11:13:19,2025-09-09 11:16:44,IP Address,100,205,True,2025-09-09 11:16:44,R_2KJYFo9yDMSJGYK,anonymous,EN,59d3bc2147f4e80001a6c559,Yes,44,Male,Nonmusician,Strongly agree (5),Strongly agree (5),4,3,3,Strongly disagree       (1),4,4,Strongly agree (5),3,4,3,3,4,4,Strongly agree (5),Strongly agree (5),Strongly agree (5),4,4,2,3,4,Strongly agree (5),4,4,4,2,2,2,2,2,Strongly agree (5),Strongly agree (5),4,Strongly disagree       (1),"Moved, touched,Energetic, lively,Relaxed, peaceful,Nostalgic, sentimental",59d3bc2147f4e80001a6c559,"While with your friends at a cafe, a particular song comes on. You instantly recognise the music from your past, leading to an exchange of stories about your experiences together.",6
2025-09-09 11:12:28,2025-09-09 11:16:46,IP Address,100,257,True,2025-09-09 11:16:46,R_8EfBeo9fi8FeAg1,anonymous,EN,5ae870c64357bd0001c57edd,Yes,45,Male,Nonmusician,Strongly agree (5),Strongly agree (5),Strongly agree (5),4,2,2,2,2,2,4,4,4,4,2,4,4,4,Strongly disagree       (1),3,3,2,3,2,4,3,4,2,3,2,4,Strongly agree (5),Strongly agree (5),Strongly agree (5),Strongly agree (5),4,Strongly disagree       (1),"Filled with wonder, amazed,Moved, touched,Enchanted, in awe,Inspired, enthusiastic,Joyful, wanting to dance",5ae870c64357bd0001c57edd,"While out for a walk, you hear a busker playing incredible sounding music you have never discovered before. You are not sure what is attracting your interest to the music but you allow yourself to be taken in by the music and its new emotional direction.",11
2025-09-09 11:14:49,2025-09-09 11:16:47,IP Address,100,117,True,2025-09-09 11:16:47,R_2urqZd27oxJKW3L,anonymous,EN,676db977f398d4be462fca83,Yes,31,Female,Nonmusician,4,4,Strongly agree (5),3,4,4,4,4,4,4,Strongly agree (5),Strongly agree (5),4,Strongly agree (5),4,3,4,3,4,3,3,4,4,2,4,4,3,Strongly disagree       (1),Strongly disagree       (1),4,3,4,3,3,4,Strongly disagree       (1),"Moved, touched,Inspired, enthusiastic,Powerful, strong,Relaxed, peaceful",676db977f398d4be462fca83,"You have an intricate task that requires your attention. To put your mind to it, you turn on a specific music playlist.",5
2025-09-09 11:11:50,2025-09-09 11:16:47,IP Address,100,296,True,2025-09-09 11:16:47,R_8HHpyJCdFYa1wYu,anonymous,EN,587625efdb3e720001e233fb,Yes,33,Male,Serious amateur musician,Strongly agree (5),Strongly agree (5),Strongly agree (5),3,3,2,4,4,4,2,2,2,3,3,2,4,2,2,3,2,2,3,2,Strongly agree (5),4,3,2,2,2,3,4,4,Strongly agree (5),Strongly agree (5),4,Strongly disagree       (1),"Filled with wonder, amazed,Enchanted, in awe,Relaxed, peaceful",587625efdb3e720001e233fb,"While listening to a playlist, you come across a song that deeply resonates with what you are experiencing. It communicated something about yourself that you’ve struggled to explain to others.",9
2025-09-09 11:13:45,2025-09-09 11:16:48,IP Address,100,182,True,2025-09-09 11:16:48,R_8sRT8muaTicmeQN,anonymous,EN,56a91395119265000c6e13b7,Yes,75,Male,Nonmusician,4,4,4,4,4,3,4,Strongly agree (5),4,3,4,4,4,3,4,4,3,3,3,4,4,Strongly agree (5),4,4,2,4,4,3,3,3,Strongly agree (5),Strongly agree (5),4,4,4,Strongly disagree       (1),"Enchanted, in awe,Relaxed, peaceful",56a91395119265000c6e13b7,"As you sit outside on your lunch break, you hear amazing music drifting in from a nearby building. While admiring the graceful nature of the music itself, you notice how it intensifies your lunch break into a unique and lasting experience.",12
2025-09-09 11:12:15,2025-09-09 11:16:51,IP Address,100,276,True,2025-09-09 11:16:51,R_8TJ3OMOjAtdBTtD,anonymous,EN,614cdec9a3fbac9353c05d1f,Yes,33,Female,Music-loving nonmusician,Strongly agree (5),4,4,4,4,3,4,4,4,2,Strongly agree (5),3,4,4,4,3,Strongly disagree       (1),2,Strongly agree (5),Strongly agree (5),Strongly agree (5),4,Strongly agree (5),Strongly agree (5),4,3,4,Strongly agree (5),4,4,2,2,4,4,3,Strongly disagree       (1),"Moved, touched,Enchanted, in awe,Inspired, enthusiastic,Energetic, lively,Joyful, wanting to dance,Powerful, strong,Relaxed, peaceful,Nostalgic, sentimental",614cdec9a3fbac9353c05d1f,"As you travel alone for an extended period, you put on your partner’s favourite music. The music makes you feel as if they are there with you.",7
2025-09-09 11:12:43,2025-09-09 11:16:53,IP Address,100,249,True,2025-09-09 11:16:54,R_2wnUCGbC8aumlq1,anonymous,EN,681b781064a5701a5ceee3bc,Yes,54,Female,Music-loving nonmusician,4,4,4,4,Strongly disagree       (1),3,2,2,3,4,4,Strongly agree (5),2,3,2,Strongly disagree       (1),2,2,3,3,4,2,2,4,3,2,4,Strongly disagree       (1),Strongly disagree       (1),Strongly disagree       (1),4,3,4,3,2,Strongly disagree       (1),"Energetic, lively",681b781064a5701a5ceee3bc,In order to get ready to exercise you decide to put on music which gives you the right frame of mind.,4
2025-09-09 11:12:18,2025-09-09 11:16:56,IP Address,100,277,True,2025-09-09 11:16:57,R_8g7h7owY3q5dXC9,anonymous,EN,5d3821f0ddea5a0001757f93,Yes,61,Female,Music-loving nonmusician,4,4,4,3,3,4,4,4,4,3,4,4,Strongly agree (5),4,4,4,3,3,4,3,3,4,4,4,4,Strongly agree (5),4,3,4,4,3,3,Strongly agree (5),4,3,Strongly disagree       (1),"Moved, touched,Relaxed, peaceful,Nostalgic, sentimental",5d3821f0ddea5a0001757f93,"While listening to a playlist, you come across a song that deeply resonates with what you are experiencing. It communicated something about yourself that you’ve struggled to explain to others.",9
2025-09-09 11:13:21,2025-09-09 11:16:57,IP Address,100,215,True,2025-09-09 11:16:57,R_22XqafXSVP5tn0M,anonymous,EN,5c2f6d25e38ccd0001caab19,Yes,47,Male,Music-loving nonmusician,3,4,4,2,4,3,4,4,4,2,3,2,3,4,4,2,3,2,4,4,3,4,4,4,3,4,4,4,4,3,2,3,4,3,3,Strongly disagree       (1),"Moved, touched,Full of tenderness, warmhearted,Relaxed, peaceful,Melancholic, sad,Nostalgic, sentimental",5c2f6d25e38ccd0001caab19,"As you travel alone for an extended period, you put on your partner’s favourite music. The music makes you feel as if they are there with you.",7
2025-09-09 11:12:55,2025-09-09 11:16:57,IP Address,100,242,True,2025-09-09 11:16:57,R_224ijHIeUz8msAb,anonymous,EN,608d247fc141c8230ce3ebdc,Yes,33,Male,Amateur musician,4,3,2,4,2,3,2,3,2,Strongly agree (5),3,4,Strongly agree (5),4,4,3,3,4,2,Strongly agree (5),4,4,4,4,Strongly agree (5),4,2,3,3,4,2,3,2,3,Strongly agree (5),Strongly disagree       (1),"Moved, touched,Relaxed, peaceful,Indifferent, bored",608d247fc141c8230ce3ebdc,"While listening to a playlist, you come across a song that deeply resonates with what you are experiencing. It communicated something about yourself that you’ve struggled to explain to others.",9
2025-09-09 11:12:12,2025-09-09 11:17:00,IP Address,100,288,True,2025-09-09 11:17:01,R_8dQU7y5Ll7DSN5p,anonymous,EN,5e5521580ee1b951df544c3c,Yes,45,Male,Nonmusician,3,4,4,3,2,3,4,3,3,2,3,2,2,3,4,4,3,3,3,3,2,4,4,4,2,2,2,3,2,2,3,3,3,3,Strongly disagree       (1),Strongly disagree       (1),"Full of tenderness, warmhearted,Nostalgic, sentimental",5e5521580ee1b951df544c3c,"While with your friends at a cafe, a particular song comes on. You instantly recognise the music from your past, leading to an exchange of stories about your experiences together.",6
2025-09-09 11:13:15,2025-09-09 11:17:01,IP Address,100,225,True,2025-09-09 11:17:01,R_8iqe8xUTnTmSJQ5,anonymous,EN,664dad1672f2f70e4aa2a012,Yes,43,Female,Music-loving nonmusician,Strongly agree (5),Strongly agree (5),Strongly agree (5),Strongly agree (5),3,2,Strongly agree (5),Strongly agree (5),Strongly agree (5),Strongly agree (5),Strongly agree (5),Strongly agree (5),4,Strongly agree (5),4,Strongly disagree       (1),Strongly disagree       (1),Strongly disagree       (1),3,3,Strongly agree (5),Strongly agree (5),Strongly agree (5),Strongly agree (5),Strongly agree (5),2,Strongly agree (5),Strongly agree (5),Strongly agree (5),Strongly agree (5),Strongly disagree       (1),2,Strongly agree (5),4,2,Strongly disagree       (1),"Inspired, enthusiastic,Joyful, wanting to dance,Powerful, strong,Full of tenderness, warmhearted,Relaxed, peaceful",664dad1672f2f70e4aa2a012,It was pointed out that you missed an important detail in your work which you now have to redo. You put on a music playlist to drown out self-criticism as you fix the mistake.,2
2025-09-09 11:13:40,2025-09-09 11:17:02,IP Address,100,201,True,2025-09-09 11:17:02,R_8tyzsZcQbXW3Tio,anonymous,EN,5a7094c4f660ae0001a98bd5,Yes,55,Male,Amateur musician,Strongly agree (5),Strongly agree (5),3,Strongly agree (5),Strongly agree (5),3,Strongly agree (5),Strongly agree (5),Strongly agree (5),4,2,Strongly agree (5),2,2,2,Strongly disagree       (1),2,Strongly disagree       (1),Strongly disagree       (1),Strongly disagree       (1),4,Strongly agree (5),Strongly agree (5),Strongly agree (5),4,3,3,Strongly agree (5),4,Strongly agree (5),2,2,Strongly agree (5),4,2,Strongly disagree       (1),"Filled with wonder, amazed,Moved, touched,Inspired, enthusiastic",5a7094c4f660ae0001a98bd5,"You have just been told that you didn’t get the job you applied for. To handle the news, you turn to music to provide a sense of support as you manage your thoughts.",8
2025-09-09 11:14:24,2025-09-09 11:17:02,IP Address,100,157,True,2025-09-09 11:17:02,R_24OXmUnGW7b4v6w,anonymous,EN,62a8839f3f1fb15bcadb1a72,Yes,45,Male,Amateur musician,Strongly agree (5),Strongly agree (5),Strongly agree (5),Strongly agree (5),Strongly agree (5),Strongly agree (5),Strongly agree (5),Strongly agree (5),Strongly agree (5),4,4,Strongly agree (5),3,Strongly agree (5),Strongly agree (5),Strongly agree (5),Strongly agree (5),4,4,4,Strongly agree (5),Strongly agree (5),Strongly agree (5),Strongly agree (5),Strongly agree (5),Strongly agree (5),4,4,Strongly agree (5),Strongly agree (5),2,2,Strongly agree (5),4,3,Strongly disagree       (1),"Full of tenderness, warmhearted,Relaxed, peaceful,Melancholic, sad",62a8839f3f1fb15bcadb1a72,"You have just been told that you didn’t get the job you applied for. To handle the news, you turn to music to provide a sense of support as you manage your thoughts.",8
2025-09-09 11:13:26,2025-09-09 11:17:03,IP Address,100,216,True,2025-09-09 11:17:03,R_27KFMlQmigtbPnb,anonymous,EN,6533ba7daced485bbd50324c,Yes,22,Female,Music-loving nonmusician,Strongly agree (5),Strongly agree (5),Strongly agree (5),Strongly agree (5),4,3,Strongly agree (5),Strongly agree (5),Strongly agree (5),4,4,4,4,Strongly agree (5),Strongly agree (5),Strongly disagree       (1),Strongly disagree       (1),3,4,4,Strongly agree (5),Strongly agree (5),Strongly agree (5),Strongly agree (5),Strongly agree (5),4,4,4,4,4,3,3,Strongly agree (5),Strongly agree (5),3,Strongly disagree       (1),"Enchanted, in awe,Inspired, enthusiastic,Energetic, lively,Joyful, wanting to dance,Full of tenderness, warmhearted,Relaxed, peaceful,Melancholic, sad,Nostalgic, sentimental",6533ba7daced485bbd50324c,It was pointed out that you missed an important detail in your work which you now have to redo. You put on a music playlist to drown out self-criticism as you fix the mistake.,2
2025-09-09 11:14:04,2025-09-09 11:17:04,IP Address,100,180,True,2025-09-09 11:17:05,R_2fDNHKPX0UCDwPf,anonymous,EN,67334911eb1de6dd02fc126a,Yes,23,Male,Amateur musician,3,Strongly agree (5),4,4,3,2,2,4,3,3,4,3,4,3,Strongly agree (5),4,Strongly agree (5),Strongly agree (5),4,3,4,Strongly agree (5),Strongly agree (5),4,4,4,3,4,3,4,4,4,4,Strongly agree (5),4,Strongly disagree       (1),"Filled with wonder, amazed,Enchanted, in awe,Inspired, enthusiastic,Joyful, wanting to dance,Full of tenderness, warmhearted,Melancholic, sad",67334911eb1de6dd02fc126a,"Halfway through a concert, you realise you have been fully absorbed in the power and meaning of the music. It feels as if the music has taken you into a transcendent experience, which is exactly what you hoped for before the concert.",10
2025-09-09 11:13:05,2025-09-09 11:17:08,IP Address,100,243,True,2025-09-09 11:17:08,R_8nAcOUCznx28j9n,anonymous,EN,587249a2e9cb31000195ed09,Yes,63,Male,Amateur musician,Strongly agree (5),4,Strongly agree (5),2,2,4,4,3,3,2,Strongly agree (5),2,2,2,3,2,3,2,3,2,3,4,3,4,2,3,4,2,2,4,3,3,3,4,3,Strongly disagree       (1),"Powerful, strong",587249a2e9cb31000195ed09,"Halfway through a concert, you realise you have been fully absorbed in the power and meaning of the music. It feels as if the music has taken you into a transcendent experience, which is exactly what you hoped for before the concert.",10
2025-09-09 11:14:55,2025-09-09 11:17:09,IP Address,100,133,True,2025-09-09 11:17:09,R_2qb1fx1HbcER3QJ,anonymous,EN,54dfac92fdf99b4b6b6595d9,Yes,54,Male,Music-loving nonmusician,2,3,3,2,2,3,2,Strongly disagree       (1),2,Strongly agree (5),Strongly agree (5),Strongly agree (5),4,4,3,Strongly disagree       (1),2,Strongly disagree       (1),Strongly disagree       (1),2,Strongly disagree       (1),Strongly disagree       (1),Strongly disagree       (1),Strongly disagree       (1),2,2,2,Strongly disagree       (1),Strongly disagree       (1),Strongly disagree       (1),2,2,3,Strongly disagree       (1),Strongly disagree       (1),Strongly disagree       (1),"Energetic, lively",54dfac92fdf99b4b6b6595d9,In order to get ready to exercise you decide to put on music which gives you the right frame of mind.,4
2025-09-09 11:12:10,2025-09-09 11:17:09,IP Address,100,298,True,2025-09-09 11:17:09,R_8BXEyoQAzsm8ItO,anonymous,EN,566feba6b937e400052d33b2,Yes,43,Male,Music-loving nonmusician,Strongly agree (5),Strongly agree (5),Strongly agree (5),Strongly agree (5),4,3,4,Strongly agree (5),Strongly agree (5),Strongly agree (5),Strongly agree (5),Strongly agree (5),Strongly agree (5),Strongly agree (5),Strongly agree (5),Strongly agree (5),Strongly agree (5),Strongly agree (5),Strongly agree (5),Strongly agree (5),4,Strongly agree (5),Strongly agree (5),Strongly agree (5),Strongly agree (5),Strongly agree (5),4,4,4,Strongly agree (5),Strongly agree (5),Strongly agree (5),Strongly agree (5),Strongly agree (5),Strongly agree (5),Strongly disagree       (1),"Inspired, enthusiastic,Relaxed, peaceful",566feba6b937e400052d33b2,It was pointed out that you missed an important detail in your work which you now have to redo. You put on a music playlist to drown out self-criticism as you fix the mistake.,2
2025-09-09 11:13:40,2025-09-09 11:17:09,IP Address,100,209,True,2025-09-09 11:17:09,R_2LONylbIWZkQXat,anonymous,EN,5c32636f2c45d400014b69d2,Yes,38,Prefer not to say,Amateur musician,4,4,4,3,3,4,4,3,4,3,3,3,3,3,3,3,3,3,3,4,3,4,3,4,4,4,4,4,4,4,3,3,4,4,4,Strongly disagree       (1),"Moved, touched,Relaxed, peaceful,Melancholic, sad",5c32636f2c45d400014b69d2,"While listening to a playlist, you come across a song that deeply resonates with what you are experiencing. It communicated something about yourself that you’ve struggled to explain to others.",9
2025-09-09 11:14:53,2025-09-09 11:17:10,IP Address,100,136,True,2025-09-09 11:17:10,R_2thc5xe7mJX20LM,anonymous,EN,66799043863669170269eedf,Yes,52,Female,Nonmusician,4,3,3,4,3,3,4,3,4,2,2,3,2,2,2,4,4,4,4,4,4,4,4,4,3,3,4,4,3,4,2,2,4,4,2,Strongly disagree       (1),"Moved, touched,Full of tenderness, warmhearted,Melancholic, sad,Nostalgic, sentimental",66799043863669170269eedf,"As you travel alone for an extended period, you put on your partner’s favourite music. The music makes you feel as if they are there with you.",7
2025-09-09 11:14:22,2025-09-09 11:17:10,IP Address,100,168,True,2025-09-09 11:17:11,R_2WYESmgTHPsPu8H,anonymous,EN,5cd6f48c48cd50001862b4c4,Yes,32,Female,Amateur musician,4,3,3,3,4,3,4,4,4,4,2,4,4,4,4,3,3,2,2,2,3,4,3,4,3,2,2,Strongly disagree       (1),Strongly disagree       (1),Strongly disagree       (1),3,3,4,2,2,Strongly disagree       (1),"Inspired, enthusiastic,Relaxed, peaceful",5cd6f48c48cd50001862b4c4,"After a long and demanding week, you take time to rest by listening to music. The stress melts away and you start to recover as you listen along.",3
2025-09-09 11:12:55,2025-09-09 11:17:11,IP Address,100,255,True,2025-09-09 11:17:11,R_8QrMPVRP0J72ABv,anonymous,EN,5ea03ed29cb1f00672af3eda,Yes,43,Male,Music-loving nonmusician,4,4,4,4,Strongly agree (5),3,4,2,4,4,Strongly agree (5),4,3,3,4,3,3,2,3,4,3,4,4,4,4,4,4,2,2,3,3,3,4,3,3,Strongly disagree       (1),"Moved, touched,Energetic, lively,Joyful, wanting to dance,Full of tenderness, warmhearted,Nostalgic, sentimental",5ea03ed29cb1f00672af3eda,"While listening to a playlist, you come across a song that deeply resonates with what you are experiencing. It communicated something about yourself that you’ve struggled to explain to others.",9
2025-09-09 11:13:24,2025-09-09 11:17:12,IP Address,100,228,True,2025-09-09 11:17:12,R_2QDtJMFZk1NPtya,anonymous,EN,66997253a7964f557fc770e4,Yes,25,Female,Music-loving nonmusician,Strongly agree (5),Strongly agree (5),Strongly agree (5),Strongly agree (5),Strongly agree (5),Strongly agree (5),4,4,Strongly agree (5),3,4,4,4,Strongly disagree       (1),4,4,4,4,4,4,4,Strongly agree (5),Strongly agree (5),Strongly agree (5),4,4,4,3,2,4,4,4,Strongly agree (5),Strongly agree (5),Strongly agree (5),Strongly disagree       (1),"Filled with wonder, amazed,Moved, touched,Enchanted, in awe,Inspired, enthusiastic,Full of tenderness, warmhearted,Relaxed, peaceful",66997253a7964f557fc770e4,"Halfway through a concert, you realise you have been fully absorbed in the power and meaning of the music. It feels as if the music has taken you into a transcendent experience, which is exactly what you hoped for before the concert.",10
2025-09-09 11:14:08,2025-09-09 11:17:13,IP Address,100,185,True,2025-09-09 11:17:13,R_8qgdvcPcSCh2wB2,anonymous,EN,5a777c418fe2dc0001057b4f,Yes,57,Male,Nonmusician,4,4,2,3,Strongly disagree       (1),3,4,4,4,2,2,3,2,2,3,4,4,3,3,2,3,4,4,4,3,3,3,3,3,4,4,4,4,4,2,Strongly disagree       (1),"Moved, touched,Inspired, enthusiastic,Relaxed, peaceful",5a777c418fe2dc0001057b4f,"While out for a walk, you hear a busker playing incredible sounding music you have never discovered before. You are not sure what is attracting your interest to the music but you allow yourself to be taken in by the music and its new emotional direction.",11
2025-09-09 11:13:43,2025-09-09 11:17:13,IP Address,100,210,True,2025-09-09 11:17:14,R_8P7F095mkfmsGdA,anonymous,EN,5eaaa1f09980ee025a0e1f12,Yes,75,Female,Music-loving nonmusician,4,4,4,3,Strongly agree (5),3,4,4,4,4,4,3,4,4,3,4,3,4,4,3,3,4,4,4,4,3,3,3,4,3,3,3,4,4,3,Strongly disagree       (1),"Moved, touched,Inspired, enthusiastic,Energetic, lively,Joyful, wanting to dance,Powerful, strong,Nostalgic, sentimental",5eaaa1f09980ee025a0e1f12,"While with your friends at a cafe, a particular song comes on. You instantly recognise the music from your past, leading to an exchange of stories about your experiences together.",6
2025-09-09 11:13:26,2025-09-09 11:17:16,IP Address,100,230,True,2025-09-09 11:17:17,R_8aDqaJdNV6Rqrf3,anonymous,EN,5c0ebf81857373000152ed32,Yes,39,Female,Music-loving nonmusician,4,Strongly agree (5),Strongly agree (5),Strongly agree (5),3,3,3,3,3,Strongly agree (5),Strongly agree (5),Strongly agree (5),4,4,4,Strongly disagree       (1),Strongly disagree       (1),Strongly disagree       (1),Strongly agree (5),4,Strongly agree (5),3,4,2,3,4,3,2,2,2,3,2,4,Strongly agree (5),2,Strongly disagree       (1),"Inspired, enthusiastic,Energetic, lively,Joyful, wanting to dance,Powerful, strong",5c0ebf81857373000152ed32,It was pointed out that you missed an important detail in your work which you now have to redo. You put on a music playlist to drown out self-criticism as you fix the mistake.,2
2025-09-09 11:14:00,2025-09-09 11:17:19,IP Address,100,199,True,2025-09-09 11:17:20,R_2Cw6txW3P0mD3px,anonymous,EN,636d39168fe0bc0570ee8da0,Yes,59,Male,Amateur musician,4,4,Strongly disagree       (1),4,3,Strongly disagree       (1),4,4,4,3,3,4,3,3,3,2,Strongly disagree       (1),Strongly disagree       (1),Strongly disagree       (1),Strongly disagree       (1),Strongly disagree       (1),3,4,4,3,3,2,2,3,2,2,3,4,4,Strongly disagree       (1),Strongly disagree       (1),"Inspired, enthusiastic,Powerful, strong,Relaxed, peaceful",636d39168fe0bc0570ee8da0,"You have just been told that you didn’t get the job you applied for. To handle the news, you turn to music to provide a sense of support as you manage your thoughts.",8
2025-09-09 11:13:51,2025-09-09 11:17:20,IP Address,100,209,True,2025-09-09 11:17:21,R_2J9CP3mhBzXigfL,anonymous,EN,611152987d872a13bd7b7cac,Yes,35,Male,Music-loving nonmusician,3,4,4,2,2,2,3,4,3,3,3,3,3,3,3,3,3,3,2,2,2,2,3,4,3,2,2,3,3,2,3,3,3,3,2,Strongly disagree       (1),"Inspired, enthusiastic,Relaxed, peaceful",611152987d872a13bd7b7cac,"After a long and demanding week, you take time to rest by listening to music. The stress melts away and you start to recover as you listen along.",3
2025-09-09 11:13:25,2025-09-09 11:17:22,IP Address,100,236,True,2025-09-09 11:17:22,R_8YyAoVH17STaiBE,anonymous,EN,5da760eae8174b001640d369,Yes,48,Male,Music-loving nonmusician,4,4,4,4,3,4,3,3,4,4,4,4,4,4,4,4,4,4,4,Strongly agree (5),Strongly agree (5),4,4,4,3,3,3,3,3,3,3,3,4,3,3,Strongly disagree       (1),"Inspired, enthusiastic,Energetic, lively,Relaxed, peaceful",5da760eae8174b001640d369,"You have an intricate task that requires your attention. To put your mind to it, you turn on a specific music playlist.",5
2025-09-09 11:14:11,2025-09-09 11:17:22,IP Address,100,191,True,2025-09-09 11:17:23,R_2mafT0oBZHifPLz,anonymous,EN,676534967437d57344ec2046,Yes,39,Female,Music-loving nonmusician,4,Strongly agree (5),4,3,4,4,3,3,3,3,3,4,3,3,4,3,3,3,4,4,3,Strongly agree (5),4,4,3,3,4,3,3,2,2,3,Strongly agree (5),4,4,Strongly disagree       (1),"Filled with wonder, amazed,Moved, touched,Inspired, enthusiastic,Nostalgic, sentimental",676534967437d57344ec2046,"Halfway through a concert, you realise you have been fully absorbed in the power and meaning of the music. It feels as if the music has taken you into a transcendent experience, which is exactly what you hoped for before the concert.",10
2025-09-09 11:13:48,2025-09-09 11:17:23,IP Address,100,215,True,2025-09-09 11:17:24,R_2tbPt7EGclAkaSt,anonymous,EN,5e0d0d47d62abe49fe4748df,Yes,72,Female,Music-loving nonmusician,Strongly agree (5),Strongly agree (5),4,4,4,2,4,4,2,Strongly agree (5),Strongly agree (5),Strongly agree (5),Strongly agree (5),Strongly agree (5),Strongly agree (5),Strongly disagree       (1),3,Strongly disagree       (1),3,2,Strongly agree (5),4,4,4,4,Strongly agree (5),4,3,2,3,3,2,3,3,Strongly disagree       (1),Strongly disagree       (1),"Inspired, enthusiastic,Energetic, lively",5e0d0d47d62abe49fe4748df,It was pointed out that you missed an important detail in your work which you now have to redo. You put on a music playlist to drown out self-criticism as you fix the mistake.,2
2025-09-09 11:13:36,2025-09-09 11:17:27,IP Address,100,231,True,2025-09-09 11:17:27,R_83BIJ3HMkIJTZfH,anonymous,EN,588c98cf670d6600012bd774,Yes,64,Female,Nonmusician,2,3,2,3,Strongly agree (5),3,4,Strongly agree (5),4,2,2,2,2,3,3,3,2,2,3,4,3,4,4,4,2,2,3,4,4,4,2,2,4,2,2,Strongly disagree       (1),"Moved, touched,Relaxed, peaceful,Nostalgic, sentimental",588c98cf670d6600012bd774,"After a long and demanding week, you take time to rest by listening to music. The stress melts away and you start to recover as you listen along.",3
2025-09-09 11:14:35,2025-09-09 11:17:30,IP Address,100,174,True,2025-09-09 11:17:30,R_2ImD2ncfCWR291L,anonymous,EN,558bb476fdf99b21155f2dbf,Yes,73,Female,Nonmusician,4,4,2,2,Strongly disagree       (1),2,3,2,3,Strongly disagree       (1),2,2,Strongly disagree       (1),Strongly disagree       (1),2,3,2,Strongly disagree       (1),3,3,2,3,3,3,2,2,2,3,3,3,4,4,4,4,2,Strongly disagree       (1),None of these,558bb476fdf99b21155f2dbf,"While out for a walk, you hear a busker playing incredible sounding music you have never discovered before. You are not sure what is attracting your interest to the music but you allow yourself to be taken in by the music and its new emotional direction.",11
2025-09-09 11:13:21,2025-09-09 11:17:34,IP Address,100,252,True,2025-09-09 11:17:34,R_2La3jpd67xjUk0N,anonymous,EN,671fe3978b9b0b5d4b9a1265,Yes,69,Female,Music-loving nonmusician,4,4,4,3,4,3,4,4,4,4,3,4,3,3,4,4,4,4,3,4,4,4,4,4,4,4,3,4,4,3,3,3,4,4,4,Strongly disagree       (1),"Moved, touched,Inspired, enthusiastic,Energetic, lively,Joyful, wanting to dance,Powerful, strong,Full of tenderness, warmhearted,Relaxed, peaceful",671fe3978b9b0b5d4b9a1265,You are attending a celebration where music is the heart of the party. You are able to join in the fun which is aided by the music throughout the event.,1
2025-09-09 11:15:10,2025-09-09 11:17:37,IP Address,100,146,True,2025-09-09 11:17:37,R_21ugm13rMqfLv8A,anonymous,EN,5a5b87abf6c5170001950cd3,Yes,42,Male,Music-loving nonmusician,4,4,3,3,Strongly disagree       (1),2,4,4,4,2,Strongly disagree       (1),2,2,2,2,Strongly disagree       (1),Strongly disagree       (1),Strongly disagree       (1),2,2,2,2,3,3,Strongly disagree       (1),Strongly disagree       (1),Strongly disagree       (1),Strongly disagree       (1),Strongly disagree       (1),Strongly disagree       (1),2,2,4,2,3,Strongly disagree       (1),"Relaxed, peaceful,Melancholic, sad",5a5b87abf6c5170001950cd3,"You have just been told that you didn’t get the job you applied for. To handle the news, you turn to music to provide a sense of support as you manage your thoughts.",8
2025-09-09 11:14:37,2025-09-09 11:17:38,IP Address,100,181,True,2025-09-09 11:17:39,R_2fDNzs8ac6ho7st,anonymous,EN,64842dcac8277616bec22cda,Yes,51,Male,Nonmusician,3,3,4,3,3,3,3,3,3,3,3,3,3,3,3,3,3,3,3,3,3,3,3,3,4,3,3,3,3,2,3,3,3,Strongly disagree       (1),3,Strongly disagree       (1),"Energetic, lively,Joyful, wanting to dance,Relaxed, peaceful,Nostalgic, sentimental,Indifferent, bored",64842dcac8277616bec22cda,"You have an intricate task that requires your attention. To put your mind to it, you turn on a specific music playlist.",5
2025-09-09 11:11:32,2025-09-09 11:17:39,IP Address,100,366,True,2025-09-09 11:17:40,R_2svmHopifbNFTXj,anonymous,EN,631a030ace0fd33c62501d10,Yes,62,Male,Nonmusician,4,4,3,Strongly agree (5),Strongly agree (5),Strongly disagree       (1),4,3,4,4,2,Strongly agree (5),4,4,4,3,3,4,Strongly agree (5),Strongly agree (5),4,4,Strongly agree (5),Strongly agree (5),3,Strongly agree (5),4,Strongly disagree       (1),Strongly disagree       (1),Strongly disagree       (1),3,3,4,4,Strongly disagree       (1),Strongly disagree       (1),"Tense, uneasy,Melancholic, sad,Agitated, aggressive",631a030ace0fd33c62501d10,"You have just been told that you didn’t get the job you applied for. To handle the news, you turn to music to provide a sense of support as you manage your thoughts.",8
2025-09-09 11:15:05,2025-09-09 11:17:40,IP Address,100,155,True,2025-09-09 11:17:40,R_23lbZiLAUv3fp9D,anonymous,EN,588e7fc25726cc00011d72ce,Yes,41,Male,Nonmusician,3,3,2,3,4,4,3,2,3,4,4,3,4,4,3,Strongly disagree       (1),Strongly disagree       (1),Strongly disagree       (1),3,4,2,3,4,3,2,2,2,Strongly disagree       (1),Strongly disagree       (1),Strongly disagree       (1),2,2,2,2,Strongly disagree       (1),Strongly disagree       (1),"Tense, uneasy,Melancholic, sad,Agitated, aggressive",588e7fc25726cc00011d72ce,It was pointed out that you missed an important detail in your work which you now have to redo. You put on a music playlist to drown out self-criticism as you fix the mistake.,2
2025-09-09 11:15:04,2025-09-09 11:17:40,IP Address,100,156,True,2025-09-09 11:17:41,R_8hlwhHC9Sb1xZdH,anonymous,EN,5bccf3ad1662020001fe7bbe,Yes,40,Male,Amateur musician,Strongly agree (5),Strongly agree (5),4,4,3,3,4,4,4,4,3,3,4,4,4,3,3,3,4,4,4,3,Strongly agree (5),4,2,3,2,2,Strongly disagree       (1),2,3,3,4,4,2,Strongly disagree       (1),"Inspired, enthusiastic,Full of tenderness, warmhearted,Relaxed, peaceful",5bccf3ad1662020001fe7bbe,"After a long and demanding week, you take time to rest by listening to music. The stress melts away and you start to recover as you listen along.",3
2025-09-09 11:15:36,2025-09-09 11:17:41,IP Address,100,124,True,2025-09-09 11:17:42,R_8I4gayow6iIK8sq,anonymous,EN,5ef1bb10c673fd7d2d14e439,Yes,43,Female,Music-loving nonmusician,Strongly agree (5),Strongly agree (5),Strongly agree (5),Strongly agree (5),4,Strongly agree (5),Strongly agree (5),Strongly agree (5),Strongly agree (5),4,Strongly agree (5),Strongly agree (5),4,Strongly agree (5),Strongly agree (5),4,4,4,Strongly agree (5),Strongly agree (5),4,Strongly agree (5),Strongly agree (5),Strongly agree (5),4,Strongly agree (5),Strongly agree (5),Strongly agree (5),Strongly agree (5),Strongly agree (5),Strongly agree (5),Strongly agree (5),Strongly agree (5),Strongly agree (5),Strongly agree (5),Strongly disagree       (1),"Filled with wonder, amazed,Moved, touched,Enchanted, in awe,Inspired, enthusiastic,Energetic, lively,Powerful, strong,Full of tenderness, warmhearted,Relaxed, peaceful,Nostalgic, sentimental",5ef1bb10c673fd7d2d14e439,"Halfway through a concert, you realise you have been fully absorbed in the power and meaning of the music. It feels as if the music has taken you into a transcendent experience, which is exactly what you hoped for before the concert.",10
2025-09-09 11:11:44,2025-09-09 11:17:42,IP Address,100,357,True,2025-09-09 11:17:42,R_2dgqYY9yHbeXktL,anonymous,EN,660d6a1f4a7f1337de235daa,Yes,59,Prefer not to say,Amateur musician,4,4,4,4,4,Strongly disagree       (1),4,4,4,4,3,4,4,4,4,3,3,4,4,4,4,4,4,4,4,4,4,3,2,3,4,4,4,4,3,Strongly disagree       (1),"Moved, touched,Joyful, wanting to dance,Powerful, strong,Full of tenderness, warmhearted,Relaxed, peaceful,Melancholic, sad,Nostalgic, sentimental",660d6a1f4a7f1337de235daa,"After a long and demanding week, you take time to rest by listening to music. The stress melts away and you start to recover as you listen along.",3
2025-09-09 11:14:44,2025-09-09 11:17:46,IP Address,100,181,True,2025-09-09 11:17:46,R_2WGVxPs1qif9S1c,anonymous,EN,63469662d9e84d379f52c166,Yes,63,Male,Music-loving nonmusician,4,4,3,4,3,3,4,4,4,Strongly agree (5),4,4,3,4,4,4,4,3,3,3,3,3,4,3,Strongly agree (5),Strongly agree (5),4,3,3,3,4,4,4,4,3,4,"Energetic, lively,Joyful, wanting to dance,Relaxed, peaceful,Nostalgic, sentimental",63469662d9e84d379f52c166,You are attending a celebration where music is the heart of the party. You are able to join in the fun which is aided by the music throughout the event.,1
2025-09-09 11:14:48,2025-09-09 11:17:46,IP Address,100,177,True,2025-09-09 11:17:47,R_2pyLcQ9XzpXZbXP,anonymous,EN,5b03119a22ffb50001cbcb89,Yes,69,Male,Music-loving nonmusician,4,4,3,4,4,4,4,4,4,3,4,4,3,4,4,3,3,3,3,3,4,4,4,4,3,4,4,3,3,4,2,2,Strongly agree (5),4,4,Strongly disagree       (1),"Moved, touched,Enchanted, in awe,Joyful, wanting to dance,Full of tenderness, warmhearted,Relaxed, peaceful,Melancholic, sad,Nostalgic, sentimental",5b03119a22ffb50001cbcb89,"After a long and demanding week, you take time to rest by listening to music. The stress melts away and you start to recover as you listen along.",3
2025-09-09 11:14:20,2025-09-09 11:17:46,IP Address,100,206,True,2025-09-09 11:17:47,R_2PdiIcEUT8P35Se,anonymous,EN,66bdde69417a86ba178f7871,Yes,64,Female,Nonmusician,4,3,4,3,3,3,3,4,4,4,4,3,3,4,2,Strongly disagree       (1),Strongly disagree       (1),Strongly disagree       (1),4,4,4,3,3,3,3,3,3,2,2,Strongly disagree       (1),3,4,4,3,3,Strongly disagree       (1),"Inspired, enthusiastic,Relaxed, peaceful",66bdde69417a86ba178f7871,It was pointed out that you missed an important detail in your work which you now have to redo. You put on a music playlist to drown out self-criticism as you fix the mistake.,2
2025-09-09 11:13:48,2025-09-09 11:17:49,IP Address,100,241,True,2025-09-09 11:17:49,R_8du6cM5Z62BgMlZ,anonymous,EN,62ea8c1711b57e420d3d6805,Yes,30,Male,Amateur musician,Strongly agree (5),Strongly agree (5),Strongly agree (5),3,4,2,3,3,3,Strongly agree (5),Strongly agree (5),Strongly agree (5),3,Strongly agree (5),3,Strongly agree (5),Strongly agree (5),4,Strongly agree (5),Strongly agree (5),Strongly agree (5),Strongly agree (5),Strongly agree (5),Strongly agree (5),Strongly agree (5),Strongly agree (5),Strongly agree (5),2,3,3,Strongly agree (5),Strongly agree (5),Strongly agree (5),Strongly agree (5),Strongly agree (5),Strongly disagree       (1),"Filled with wonder, amazed,Moved, touched,Enchanted, in awe,Energetic, lively,Powerful, strong,Melancholic, sad,Nostalgic, sentimental",62ea8c1711b57e420d3d6805,"While listening to a playlist, you come across a song that deeply resonates with what you are experiencing. It communicated something about yourself that you’ve struggled to explain to others.",9
2025-09-09 11:12:38,2025-09-09 11:17:50,IP Address,100,312,True,2025-09-09 11:17:51,R_8VDQHprW6gyQt8J,anonymous,EN,5c4a061161db8c00015e4fb0,Yes,48,Female,Serious amateur musician,Strongly agree (5),Strongly agree (5),Strongly agree (5),3,3,4,Strongly agree (5),Strongly agree (5),Strongly agree (5),4,4,Strongly agree (5),4,Strongly agree (5),4,4,3,4,4,3,4,Strongly agree (5),Strongly agree (5),Strongly agree (5),4,Strongly agree (5),Strongly agree (5),Strongly agree (5),Strongly agree (5),Strongly agree (5),4,4,Strongly agree (5),Strongly agree (5),Strongly agree (5),Strongly disagree       (1),"Filled with wonder, amazed,Moved, touched,Inspired, enthusiastic,Powerful, strong,Relaxed, peaceful,Nostalgic, sentimental",5c4a061161db8c00015e4fb0,"Halfway through a concert, you realise you have been fully absorbed in the power and meaning of the music. It feels as if the music has taken you into a transcendent experience, which is exactly what you hoped for before the concert.",10
2025-09-09 11:13:49,2025-09-09 11:17:51,IP Address,100,242,True,2025-09-09 11:17:52,R_2oGDPOXYCy4nmWR,anonymous,EN,67e046e3bd41b4cbdfc27599,Yes,62,Female,Music-loving nonmusician,Strongly agree (5),Strongly agree (5),Strongly agree (5),Strongly agree (5),Strongly disagree       (1),Strongly agree (5),Strongly agree (5),Strongly agree (5),Strongly agree (5),Strongly agree (5),Strongly agree (5),Strongly agree (5),Strongly agree (5),Strongly agree (5),Strongly agree (5),Strongly agree (5),Strongly agree (5),Strongly agree (5),Strongly agree (5),Strongly agree (5),Strongly agree (5),Strongly agree (5),Strongly agree (5),Strongly agree (5),Strongly agree (5),Strongly agree (5),Strongly agree (5),Strongly agree (5),Strongly agree (5),Strongly agree (5),Strongly agree (5),Strongly agree (5),Strongly agree (5),Strongly agree (5),Strongly agree (5),Strongly disagree       (1),"Moved, touched,Inspired, enthusiastic,Energetic, lively,Joyful, wanting to dance,Powerful, strong,Nostalgic, sentimental",67e046e3bd41b4cbdfc27599,You are attending a celebration where music is the heart of the party. You are able to join in the fun which is aided by the music throughout the event.,1
2025-09-09 11:12:54,2025-09-09 11:17:52,IP Address,100,297,True,2025-09-09 11:17:52,R_8qvNbyCWiOlmKR3,anonymous,EN,58d3b42e9dbe3f0001258d95,Yes,47,Female,Music-loving nonmusician,Strongly agree (5),Strongly agree (5),Strongly agree (5),Strongly agree (5),Strongly agree (5),Strongly agree (5),3,4,4,4,Strongly agree (5),Strongly agree (5),4,4,3,Strongly agree (5),Strongly agree (5),4,4,3,3,4,Strongly agree (5),4,Strongly agree (5),2,3,2,2,2,4,3,4,Strongly agree (5),Strongly agree (5),Strongly disagree       (1),"Inspired, enthusiastic,Energetic, lively,Joyful, wanting to dance,Powerful, strong,Full of tenderness, warmhearted,Relaxed, peaceful",58d3b42e9dbe3f0001258d95,You are attending a celebration where music is the heart of the party. You are able to join in the fun which is aided by the music throughout the event.,1
2025-09-09 11:14:50,2025-09-09 11:17:52,IP Address,100,181,True,2025-09-09 11:17:52,R_2NwIEFYdU946cSN,anonymous,EN,5c5af2cc2b7de10001b7840b,Yes,56,Female,Music-loving nonmusician,4,4,4,2,Strongly disagree       (1),4,3,3,2,4,4,4,4,4,4,2,2,2,2,2,2,2,2,2,4,4,3,2,Strongly disagree       (1),2,2,3,3,3,Strongly disagree       (1),Strongly disagree       (1),"Inspired, enthusiastic,Energetic, lively,Joyful, wanting to dance,Powerful, strong",5c5af2cc2b7de10001b7840b,In order to get ready to exercise you decide to put on music which gives you the right frame of mind.,4
2025-09-09 11:14:30,2025-09-09 11:17:53,IP Address,100,202,True,2025-09-09 11:17:53,R_2tEHWAtZpiKLods,anonymous,EN,64ccf9cc977586e51e651f69,Yes,59,Female,Music-loving nonmusician,Strongly agree (5),Strongly agree (5),Strongly agree (5),Strongly agree (5),4,3,Strongly agree (5),Strongly agree (5),Strongly agree (5),Strongly agree (5),Strongly agree (5),Strongly agree (5),3,4,4,Strongly agree (5),Strongly agree (5),3,Strongly agree (5),3,Strongly agree (5),Strongly agree (5),Strongly agree (5),Strongly agree (5),Strongly agree (5),Strongly agree (5),3,3,3,3,Strongly agree (5),4,Strongly agree (5),Strongly agree (5),Strongly agree (5),Strongly disagree       (1),"Filled with wonder, amazed,Moved, touched,Inspired, enthusiastic,Energetic, lively,Joyful, wanting to dance,Full of tenderness, warmhearted,Relaxed, peaceful",64ccf9cc977586e51e651f69,"While with your friends at a cafe, a particular song comes on. You instantly recognise the music from your past, leading to an exchange of stories about your experiences together.",6
2025-09-09 11:13:16,2025-09-09 11:17:53,IP Address,100,276,True,2025-09-09 11:17:53,R_2kFklDfqaFBUrdW,anonymous,EN,676057168c08c71e4bb7cb6b,Yes,50,Male,Amateur musician,2,3,3,4,4,4,4,4,4,4,2,4,4,4,4,2,2,2,3,2,3,2,4,4,2,3,3,3,2,2,3,3,4,3,Strongly disagree       (1),Strongly disagree       (1),"Tense, uneasy,Melancholic, sad,Agitated, aggressive",676057168c08c71e4bb7cb6b,"You have just been told that you didn’t get the job you applied for. To handle the news, you turn to music to provide a sense of support as you manage your thoughts.",8
2025-09-09 11:13:02,2025-09-09 11:17:54,IP Address,100,291,True,2025-09-09 11:17:54,R_2Uiq5PKuv19KbUe,anonymous,EN,6303c0bf11a5be642b52830e,Yes,37,Female,Music-loving nonmusician,Strongly agree (5),4,3,4,Strongly agree (5),Strongly agree (5),4,4,3,Strongly agree (5),4,Strongly agree (5),3,3,3,3,3,3,3,4,3,4,4,4,3,2,2,3,3,3,4,4,4,4,2,Strongly disagree       (1),"Energetic, lively,Joyful, wanting to dance",6303c0bf11a5be642b52830e,"As you sit outside on your lunch break, you hear amazing music drifting in from a nearby building. While admiring the graceful nature of the music itself, you notice how it intensifies your lunch break into a unique and lasting experience.",12
2025-09-09 11:15:29,2025-09-09 11:17:59,IP Address,100,150,True,2025-09-09 11:18:00,R_2WBFfex2X1kwGjT,anonymous,EN,66636514bc4749ad83a2adc8,Yes,32,Male,Serious amateur musician,4,4,4,Strongly agree (5),4,4,3,4,4,4,Strongly agree (5),4,3,3,3,4,4,4,4,Strongly agree (5),3,4,Strongly agree (5),Strongly agree (5),Strongly agree (5),4,4,Strongly agree (5),4,4,4,4,Strongly agree (5),4,4,Strongly disagree       (1),"Moved, touched,Inspired, enthusiastic,Energetic, lively",66636514bc4749ad83a2adc8,"While out for a walk, you hear a busker playing incredible sounding music you have never discovered before. You are not sure what is attracting your interest to the music but you allow yourself to be taken in by the music and its new emotional direction.",11
2025-09-09 11:15:08,2025-09-09 11:18:00,IP Address,100,171,True,2025-09-09 11:18:00,R_2P5J5wZ5lHdTESs,anonymous,EN,66a3f631b56d7c748d02c597,Yes,56,Female,Professional musician,Strongly agree (5),Strongly agree (5),Strongly agree (5),Strongly agree (5),Strongly agree (5),Strongly agree (5),Strongly agree (5),Strongly agree (5),Strongly agree (5),Strongly agree (5),Strongly agree (5),Strongly agree (5),Strongly agree (5),Strongly agree (5),Strongly agree (5),Strongly agree (5),Strongly agree (5),Strongly agree (5),Strongly agree (5),Strongly agree (5),Strongly agree (5),Strongly agree (5),Strongly agree (5),Strongly agree (5),Strongly agree (5),Strongly agree (5),Strongly agree (5),Strongly agree (5),Strongly agree (5),Strongly agree (5),Strongly agree (5),Strongly agree (5),Strongly agree (5),Strongly agree (5),Strongly agree (5),Strongly disagree       (1),"Joyful, wanting to dance,Relaxed, peaceful",66a3f631b56d7c748d02c597,"After a long and demanding week, you take time to rest by listening to music. The stress melts away and you start to recover as you listen along.",3
2025-09-09 11:12:29,2025-09-09 11:18:01,IP Address,100,331,True,2025-09-09 11:18:01,R_83eGmEBWTPDSUOA,anonymous,EN,6672d8e448c47131ea7bae78,Yes,56,Male,Nonmusician,4,3,4,3,3,2,2,3,3,3,3,3,3,2,2,3,3,3,4,4,4,3,4,3,3,3,2,2,2,2,2,2,3,3,3,Strongly disagree       (1),"Nostalgic, sentimental",6672d8e448c47131ea7bae78,"You have an intricate task that requires your attention. To put your mind to it, you turn on a specific music playlist.",5
2025-09-09 11:14:53,2025-09-09 11:18:03,IP Address,100,190,True,2025-09-09 11:18:04,R_2gdNXAS5oBWJ9GX,anonymous,EN,59fabb7e38ed430001be6965,Yes,54,Male,Music-loving nonmusician,4,4,3,2,4,3,3,3,3,2,Strongly disagree       (1),3,3,3,Strongly agree (5),Strongly disagree       (1),2,Strongly disagree       (1),2,2,Strongly agree (5),Strongly agree (5),4,Strongly agree (5),4,4,4,Strongly disagree       (1),Strongly disagree       (1),Strongly disagree       (1),2,2,4,Strongly disagree       (1),Strongly disagree       (1),Strongly disagree       (1),"Moved, touched,Melancholic, sad,Nostalgic, sentimental",59fabb7e38ed430001be6965,"While listening to a playlist, you come across a song that deeply resonates with what you are experiencing. It communicated something about yourself that you’ve struggled to explain to others.",9
2025-09-09 11:12:58,2025-09-09 11:18:08,IP Address,100,309,True,2025-09-09 11:18:08,R_2TyGWEtHrhd5m1s,anonymous,EN,5ae9cde00335e200019e9eed,Yes,28,Female,Music-loving nonmusician,4,4,4,4,4,4,Strongly agree (5),4,4,4,3,3,4,4,3,4,Strongly agree (5),3,Strongly agree (5),4,4,4,Strongly agree (5),Strongly agree (5),4,3,2,4,4,Strongly disagree       (1),3,2,4,3,4,Strongly disagree       (1),"Full of tenderness, warmhearted,Relaxed, peaceful,Nostalgic, sentimental",5ae9cde00335e200019e9eed,"As you travel alone for an extended period, you put on your partner’s favourite music. The music makes you feel as if they are there with you.",7
2025-09-09 11:12:35,2025-09-09 11:18:08,IP Address,100,333,True,2025-09-09 11:18:09,R_8VQKs2vo2ISteF5,anonymous,EN,5cae75d2152633000129ae07,Yes,39,Female,Nonmusician,3,3,3,4,4,4,4,4,4,3,2,3,3,2,3,3,3,3,4,4,4,4,Strongly agree (5),Strongly agree (5),Strongly agree (5),Strongly agree (5),Strongly agree (5),3,3,4,3,3,Strongly agree (5),4,3,Strongly disagree       (1),"Melancholic, sad",5cae75d2152633000129ae07,"You have just been told that you didn’t get the job you applied for. To handle the news, you turn to music to provide a sense of support as you manage your thoughts.",8
2025-09-09 11:12:18,2025-09-09 11:18:11,IP Address,100,353,True,2025-09-09 11:18:11,R_8eWFwnJfYX4lo7Y,anonymous,EN,5ebebcf619a604258a233c4f,Yes,63,Male,Amateur musician,4,Strongly agree (5),3,4,4,4,Strongly agree (5),Strongly agree (5),Strongly agree (5),3,2,3,3,3,3,3,3,2,Strongly agree (5),4,4,4,Strongly agree (5),4,4,3,4,4,3,4,2,2,Strongly agree (5),4,2,Strongly disagree       (1),"Moved, touched,Relaxed, peaceful",5ebebcf619a604258a233c4f,"You have just been told that you didn’t get the job you applied for. To handle the news, you turn to music to provide a sense of support as you manage your thoughts.",8
2025-09-09 11:16:04,2025-09-09 11:18:11,IP Address,100,127,True,2025-09-09 11:18:12,R_8irocleT8t2BR2E,anonymous,EN,5b61d7e48de04c000171cfb9,Yes,46,Male,Music-loving nonmusician,Strongly agree (5),Strongly agree (5),Strongly agree (5),Strongly agree (5),Strongly agree (5),3,Strongly agree (5),Strongly agree (5),Strongly agree (5),3,Strongly agree (5),Strongly agree (5),Strongly agree (5),Strongly agree (5),4,Strongly agree (5),Strongly agree (5),Strongly agree (5),4,Strongly agree (5),Strongly agree (5),Strongly agree (5),Strongly agree (5),Strongly agree (5),Strongly agree (5),Strongly agree (5),Strongly agree (5),Strongly agree (5),Strongly agree (5),3,Strongly agree (5),Strongly agree (5),Strongly agree (5),Strongly agree (5),Strongly agree (5),Strongly disagree       (1),"Relaxed, peaceful,Nostalgic, sentimental",5b61d7e48de04c000171cfb9,"After a long and demanding week, you take time to rest by listening to music. The stress melts away and you start to recover as you listen along.",3
2025-09-09 11:14:11,2025-09-09 11:18:12,IP Address,100,240,True,2025-09-09 11:18:12,R_8n73UczyX4x3X1f,anonymous,EN,60b8f2c365ec36a3395896b6,Yes,54,Female,Music-loving nonmusician,4,4,4,4,4,4,4,4,4,3,4,4,3,3,3,3,3,3,4,3,3,4,4,4,3,4,4,4,3,4,4,4,4,4,3,Strongly disagree       (1),"Moved, touched,Inspired, enthusiastic,Full of tenderness, warmhearted,Relaxed, peaceful,Nostalgic, sentimental",60b8f2c365ec36a3395896b6,"Halfway through a concert, you realise you have been fully absorbed in the power and meaning of the music. It feels as if the music has taken you into a transcendent experience, which is exactly what you hoped for before the concert.",10
2025-09-09 11:12:58,2025-09-09 11:18:15,IP Address,100,317,True,2025-09-09 11:18:15,R_8GN4wS0ha0TzR5V,anonymous,EN,682b3f63d0e2c4eff64fe664,Yes,70,Male,Nonmusician,4,4,4,3,4,4,4,4,4,4,4,4,3,4,4,2,3,2,4,4,4,4,Strongly agree (5),4,2,3,3,Strongly disagree       (1),Strongly disagree       (1),Strongly disagree       (1),Strongly disagree       (1),2,4,4,Strongly disagree       (1),Strongly disagree       (1),"Moved, touched,Inspired, enthusiastic,Energetic, lively,Joyful, wanting to dance,Full of tenderness, warmhearted,Relaxed, peaceful,Nostalgic, sentimental",682b3f63d0e2c4eff64fe664,It was pointed out that you missed an important detail in your work which you now have to redo. You put on a music playlist to drown out self-criticism as you fix the mistake.,2
2025-09-09 11:14:39,2025-09-09 11:18:17,IP Address,100,217,True,2025-09-09 11:18:17,R_2h6c9p3JqXaLZon,anonymous,EN,60fdee023c5189fa0f6cbbf9,Yes,30,Female,Music-loving nonmusician,Strongly agree (5),Strongly agree (5),Strongly agree (5),4,4,Strongly agree (5),4,4,4,Strongly agree (5),Strongly agree (5),4,Strongly agree (5),Strongly agree (5),Strongly agree (5),Strongly agree (5),4,4,Strongly agree (5),4,4,Strongly agree (5),Strongly agree (5),Strongly agree (5),Strongly agree (5),Strongly agree (5),Strongly agree (5),Strongly agree (5),4,4,Strongly agree (5),Strongly agree (5),Strongly agree (5),Strongly agree (5),4,Strongly disagree       (1),"Moved, touched,Inspired, enthusiastic,Energetic, lively",60fdee023c5189fa0f6cbbf9,"While listening to a playlist, you come across a song that deeply resonates with what you are experiencing. It communicated something about yourself that you’ve struggled to explain to others.",9
2025-09-09 11:13:04,2025-09-09 11:18:18,IP Address,100,313,True,2025-09-09 11:18:18,R_8yjX2vr4v8k9rVZ,anonymous,EN,6030cf35e7fec0f5c6d201c5,Yes,66,Female,Music-loving nonmusician,Strongly agree (5),Strongly agree (5),Strongly agree (5),Strongly agree (5),Strongly agree (5),Strongly agree (5),Strongly agree (5),Strongly agree (5),Strongly agree (5),Strongly agree (5),Strongly agree (5),Strongly agree (5),Strongly agree (5),Strongly agree (5),Strongly agree (5),Strongly agree (5),Strongly agree (5),Strongly agree (5),Strongly agree (5),Strongly agree (5),Strongly agree (5),Strongly agree (5),Strongly agree (5),Strongly agree (5),4,Strongly agree (5),Strongly agree (5),4,4,4,Strongly agree (5),Strongly agree (5),Strongly agree (5),Strongly agree (5),4,Strongly disagree       (1),"Inspired, enthusiastic,Joyful, wanting to dance,Relaxed, peaceful",6030cf35e7fec0f5c6d201c5,"As you sit outside on your lunch break, you hear amazing music drifting in from a nearby building. While admiring the graceful nature of the music itself, you notice how it intensifies your lunch break into a unique and lasting experience.",12
2025-09-09 11:14:51,2025-09-09 11:18:18,IP Address,100,207,True,2025-09-09 11:18:19,R_2huihvqLzpK1cTn,anonymous,EN,6027b5f61ad4755b926babfe,Yes,66,Male,Serious amateur musician,4,Strongly agree (5),4,4,3,3,3,4,4,3,3,3,3,3,4,3,3,4,2,2,3,4,4,4,3,3,3,4,4,4,4,Strongly agree (5),Strongly agree (5),4,4,Strongly disagree       (1),"Filled with wonder, amazed,Moved, touched,Inspired, enthusiastic,Relaxed, peaceful",6027b5f61ad4755b926babfe,"As you sit outside on your lunch break, you hear amazing music drifting in from a nearby building. While admiring the graceful nature of the music itself, you notice how it intensifies your lunch break into a unique and lasting experience.",12
2025-09-09 11:14:57,2025-09-09 11:18:20,IP Address,100,202,True,2025-09-09 11:18:20,R_2Sk7ZYaaEaQmohM,anonymous,EN,6683f9cded466c62ba631d9e,Yes,50,Male,Nonmusician,3,3,3,Strongly disagree       (1),3,Strongly disagree       (1),4,4,Strongly agree (5),3,3,4,3,4,4,Strongly disagree       (1),Strongly disagree       (1),Strongly disagree       (1),Strongly disagree       (1),Strongly disagree       (1),3,3,Strongly agree (5),4,3,3,3,Strongly disagree       (1),Strongly disagree       (1),Strongly disagree       (1),Strongly disagree       (1),Strongly disagree       (1),3,3,3,Strongly disagree       (1),"Relaxed, peaceful",6683f9cded466c62ba631d9e,"You have an intricate task that requires your attention. To put your mind to it, you turn on a specific music playlist.",5
2025-09-09 11:13:14,2025-09-09 11:18:20,IP Address,100,306,True,2025-09-09 11:18:20,R_8OGW2EC9WiPj4RY,anonymous,EN,68b0352c1c6143ef8800b88f,Yes,30,Male,Nonmusician,4,4,4,4,3,2,4,Strongly agree (5),4,4,4,4,4,4,4,4,3,4,3,3,3,3,3,4,4,3,4,3,3,2,3,2,4,Strongly agree (5),4,Strongly disagree       (1),"Moved, touched,Energetic, lively,Powerful, strong,Nostalgic, sentimental",68b0352c1c6143ef8800b88f,"While with your friends at a cafe, a particular song comes on. You instantly recognise the music from your past, leading to an exchange of stories about your experiences together.",6
2025-09-09 11:13:00,2025-09-09 11:18:22,IP Address,100,322,True,2025-09-09 11:18:22,R_8R43uwXgM0xy521,anonymous,EN,61329bcf0acf6721508f7ed1,Yes,67,Male,Amateur musician,Strongly agree (5),Strongly agree (5),Strongly agree (5),Strongly agree (5),Strongly agree (5),Strongly agree (5),Strongly agree (5),Strongly agree (5),Strongly agree (5),Strongly agree (5),Strongly agree (5),4,Strongly agree (5),Strongly agree (5),Strongly agree (5),Strongly agree (5),Strongly agree (5),4,Strongly agree (5),Strongly agree (5),Strongly agree (5),Strongly agree (5),Strongly agree (5),Strongly agree (5),Strongly agree (5),2,2,4,3,Strongly agree (5),4,4,Strongly agree (5),Strongly agree (5),Strongly agree (5),Strongly agree (5),"Filled with wonder, amazed,Moved, touched,Enchanted, in awe,Inspired, enthusiastic,Powerful, strong,Full of tenderness, warmhearted,Relaxed, peaceful",61329bcf0acf6721508f7ed1,"Halfway through a concert, you realise you have been fully absorbed in the power and meaning of the music. It feels as if the music has taken you into a transcendent experience, which is exactly what you hoped for before the concert.",10
2025-09-09 11:15:40,2025-09-09 11:18:23,IP Address,100,162,True,2025-09-09 11:18:23,R_2kNzsLJxx9Jv7H8,anonymous,EN,6772e1e5965ccca40d8cfba9,Yes,34,Female,Music-loving nonmusician,Strongly agree (5),Strongly agree (5),4,Strongly agree (5),4,Strongly agree (5),4,Strongly agree (5),Strongly agree (5),2,4,3,2,2,2,3,Strongly agree (5),4,4,4,3,3,Strongly agree (5),Strongly agree (5),2,4,4,Strongly disagree       (1),Strongly disagree       (1),2,2,2,4,3,2,Strongly disagree       (1),"Moved, touched,Powerful, strong,Relaxed, peaceful",6772e1e5965ccca40d8cfba9,"As you travel alone for an extended period, you put on your partner’s favourite music. The music makes you feel as if they are there with you.",7
2025-09-09 11:16:04,2025-09-09 11:18:24,IP Address,100,140,True,2025-09-09 11:18:24,R_8pKRnBpxL3ABqJY,anonymous,EN,66435e2e5c5b5aceb2195908,Yes,35,Male,Nonmusician,Strongly agree (5),4,4,3,3,2,Strongly agree (5),Strongly agree (5),Strongly agree (5),4,4,4,Strongly agree (5),Strongly agree (5),4,Strongly disagree       (1),Strongly disagree       (1),2,3,2,Strongly agree (5),Strongly agree (5),4,Strongly agree (5),3,2,4,Strongly agree (5),Strongly disagree       (1),Strongly disagree       (1),4,4,4,2,Strongly disagree       (1),Strongly disagree       (1),"Inspired, enthusiastic",66435e2e5c5b5aceb2195908,"You have an intricate task that requires your attention. To put your mind to it, you turn on a specific music playlist.",5
2025-09-09 11:15:28,2025-09-09 11:18:26,IP Address,100,178,True,2025-09-09 11:18:26,R_2NfzS5T3GHMcusa,anonymous,EN,5defac7e56b506000cdd3b32,Yes,36,Male,Music-loving nonmusician,3,4,2,4,3,3,4,4,4,4,2,4,4,4,4,3,Strongly disagree       (1),Strongly disagree       (1),4,4,4,4,4,4,4,4,4,2,3,2,2,2,4,3,2,Strongly disagree       (1),"Inspired, enthusiastic,Tense, uneasy,Agitated, aggressive",5defac7e56b506000cdd3b32,It was pointed out that you missed an important detail in your work which you now have to redo. You put on a music playlist to drown out self-criticism as you fix the mistake.,2
2025-09-09 11:14:59,2025-09-09 11:18:31,IP Address,100,212,True,2025-09-09 11:18:31,R_2eY0gVPcmxrt8bc,anonymous,EN,5bf7290ed5ec8200015d07e7,Yes,49,Male,Music-loving nonmusician,4,Strongly agree (5),Strongly agree (5),3,3,3,3,3,3,3,4,4,4,4,4,3,3,3,3,3,3,3,4,Strongly agree (5),3,3,3,Strongly agree (5),4,4,3,3,Strongly agree (5),4,Strongly agree (5),Strongly disagree       (1),"Filled with wonder, amazed,Inspired, enthusiastic,Joyful, wanting to dance,Nostalgic, sentimental",5bf7290ed5ec8200015d07e7,"Halfway through a concert, you realise you have been fully absorbed in the power and meaning of the music. It feels as if the music has taken you into a transcendent experience, which is exactly what you hoped for before the concert.",10
2025-09-09 11:15:15,2025-09-09 11:18:32,IP Address,100,196,True,2025-09-09 11:18:32,R_2cqNjrwieUmjaxz,anonymous,EN,60aa5894c3afdc6292cf383b,Yes,48,Female,Music-loving nonmusician,Strongly agree (5),Strongly agree (5),Strongly agree (5),Strongly agree (5),Strongly agree (5),Strongly agree (5),Strongly agree (5),Strongly agree (5),Strongly agree (5),4,4,4,4,4,Strongly agree (5),4,3,3,4,Strongly agree (5),Strongly agree (5),4,Strongly agree (5),Strongly agree (5),3,3,3,3,3,3,Strongly agree (5),Strongly agree (5),Strongly agree (5),Strongly agree (5),3,Strongly disagree       (1),"Filled with wonder, amazed,Inspired, enthusiastic,Joyful, wanting to dance,Relaxed, peaceful",60aa5894c3afdc6292cf383b,"As you sit outside on your lunch break, you hear amazing music drifting in from a nearby building. While admiring the graceful nature of the music itself, you notice how it intensifies your lunch break into a unique and lasting experience.",12
2025-09-09 11:15:19,2025-09-09 11:18:33,IP Address,100,194,True,2025-09-09 11:18:34,R_2FPqxIVkXuCFL7c,anonymous,EN,615d4346d08006682817bf83,Yes,45,Female,Music-loving nonmusician,Strongly agree (5),Strongly agree (5),4,4,4,4,Strongly agree (5),Strongly agree (5),Strongly agree (5),4,2,2,3,2,3,4,4,4,3,3,4,4,Strongly agree (5),4,3,3,3,3,2,2,3,4,4,4,3,Strongly disagree       (1),"Moved, touched,Relaxed, peaceful",615d4346d08006682817bf83,"As you sit outside on your lunch break, you hear amazing music drifting in from a nearby building. While admiring the graceful nature of the music itself, you notice how it intensifies your lunch break into a unique and lasting experience.",12
2025-09-09 11:14:08,2025-09-09 11:18:33,IP Address,100,264,True,2025-09-09 11:18:34,R_2wSaQCQ27v2rLrz,anonymous,EN,63222311994c6e4c35bb2a55,Yes,56,Male,Nonmusician,Strongly agree (5),4,4,4,2,4,Strongly agree (5),Strongly agree (5),Strongly agree (5),4,2,2,4,3,3,4,Strongly agree (5),Strongly agree (5),Strongly agree (5),4,Strongly agree (5),Strongly agree (5),Strongly agree (5),Strongly agree (5),4,Strongly agree (5),Strongly agree (5),4,4,Strongly agree (5),3,4,Strongly agree (5),Strongly agree (5),3,Strongly disagree       (1),"Inspired, enthusiastic,Full of tenderness, warmhearted,Relaxed, peaceful,Melancholic, sad,Nostalgic, sentimental",63222311994c6e4c35bb2a55,"You have an intricate task that requires your attention. To put your mind to it, you turn on a specific music playlist.",5
2025-09-09 11:14:46,2025-09-09 11:18:36,IP Address,100,229,True,2025-09-09 11:18:36,R_215OkHWiVa33Lco,anonymous,EN,65107641138d7e50e2a290d0,Yes,28,Male,Music-loving nonmusician,4,4,3,3,2,4,4,4,4,4,3,3,2,2,2,Strongly disagree       (1),3,3,4,4,4,3,4,3,4,3,3,Strongly disagree       (1),Strongly disagree       (1),Strongly disagree       (1),3,3,3,3,Strongly disagree       (1),Strongly disagree       (1),None of these,65107641138d7e50e2a290d0,It was pointed out that you missed an important detail in your work which you now have to redo. You put on a music playlist to drown out self-criticism as you fix the mistake.,2
2025-09-09 11:15:15,2025-09-09 11:18:36,IP Address,100,200,True,2025-09-09 11:18:36,R_2MicNLxXdI7RS8B,anonymous,EN,6719280d44c996e04f9a5475,Yes,62,Female,Nonmusician,Strongly agree (5),Strongly agree (5),4,3,3,3,3,3,3,3,4,3,3,3,3,4,2,2,3,2,3,4,4,4,3,4,4,3,3,4,2,4,4,4,2,Strongly disagree       (1),"Filled with wonder, amazed,Moved, touched,Enchanted, in awe,Inspired, enthusiastic,Energetic, lively,Joyful, wanting to dance,Powerful, strong,Nostalgic, sentimental",6719280d44c996e04f9a5475,"While listening to a playlist, you come across a song that deeply resonates with what you are experiencing. It communicated something about yourself that you’ve struggled to explain to others.",9
2025-09-09 11:14:49,2025-09-09 11:18:36,IP Address,100,226,True,2025-09-09 11:18:36,R_2OUCrtW0XpCowfL,anonymous,EN,5e2781b465f174000af6a754,Yes,52,Female,Music-loving nonmusician,4,4,Strongly agree (5),3,3,4,4,4,4,3,4,4,4,4,3,4,4,4,4,4,4,4,4,4,3,4,4,3,3,3,4,4,4,4,2,Strongly disagree       (1),"Inspired, enthusiastic,Energetic, lively,Joyful, wanting to dance",5e2781b465f174000af6a754,"While out for a walk, you hear a busker playing incredible sounding music you have never discovered before. You are not sure what is attracting your interest to the music but you allow yourself to be taken in by the music and its new emotional direction.",11
2025-09-09 11:15:16,2025-09-09 11:18:36,IP Address,100,200,True,2025-09-09 11:18:37,R_2Q5TTPiUPeHkEW8,anonymous,EN,67911515704f23af2882fef6,Yes,77,Female,Music-loving nonmusician,4,4,4,3,4,4,2,2,2,4,4,3,3,4,3,4,4,4,4,4,2,Strongly disagree       (1),4,2,4,4,4,Strongly disagree       (1),Strongly disagree       (1),Strongly disagree       (1),2,3,3,2,3,Strongly disagree       (1),"Energetic, lively,Joyful, wanting to dance",67911515704f23af2882fef6,You are attending a celebration where music is the heart of the party. You are able to join in the fun which is aided by the music throughout the event.,1
2025-09-09 11:15:59,2025-09-09 11:18:43,IP Address,100,164,True,2025-09-09 11:18:44,R_8uEQnEjUyLP7DHS,anonymous,EN,5f01c3c006587930a898cd88,Yes,57,Male,Nonmusician,4,Strongly agree (5),Strongly agree (5),Strongly agree (5),4,4,4,4,4,Strongly agree (5),Strongly agree (5),4,4,4,4,4,4,4,Strongly agree (5),4,4,4,Strongly agree (5),4,4,4,4,4,4,4,4,4,Strongly agree (5),4,4,Strongly disagree       (1),"Filled with wonder, amazed,Energetic, lively,Full of tenderness, warmhearted,Relaxed, peaceful,Nostalgic, sentimental",5f01c3c006587930a898cd88,"While with your friends at a cafe, a particular song comes on. You instantly recognise the music from your past, leading to an exchange of stories about your experiences together.",6
2025-09-09 11:15:36,2025-09-09 11:18:44,IP Address,100,187,True,2025-09-09 11:18:45,R_84bH8Ygwgmjyf3X,anonymous,EN,66b7675b22f415fad0f8d8d1,Yes,38,Male,Music-loving nonmusician,4,3,4,4,4,4,Strongly agree (5),4,Strongly agree (5),4,4,Strongly agree (5),Strongly agree (5),Strongly agree (5),Strongly agree (5),4,4,4,3,3,3,Strongly agree (5),3,4,3,Strongly agree (5),Strongly agree (5),Strongly agree (5),2,2,3,4,Strongly agree (5),4,Strongly agree (5),Strongly disagree       (1),"Filled with wonder, amazed,Moved, touched,Enchanted, in awe,Energetic, lively,Relaxed, peaceful",66b7675b22f415fad0f8d8d1,"You have just been told that you didn’t get the job you applied for. To handle the news, you turn to music to provide a sense of support as you manage your thoughts.",8
2025-09-09 11:12:29,2025-09-09 11:18:45,IP Address,100,376,True,2025-09-09 11:18:46,R_8uNIKIAMH6KheLZ,anonymous,EN,5e4feb8037713502e9ed364b,Yes,23,Female,Nonmusician,Strongly agree (5),Strongly agree (5),Strongly agree (5),4,3,2,4,4,4,4,4,3,2,4,4,4,3,2,3,Strongly agree (5),3,4,4,Strongly agree (5),4,4,4,Strongly disagree       (1),Strongly disagree       (1),Strongly disagree       (1),2,3,3,2,4,Strongly disagree       (1),"Filled with wonder, amazed,Enchanted, in awe,Joyful, wanting to dance,Full of tenderness, warmhearted",5e4feb8037713502e9ed364b,"Halfway through a concert, you realise you have been fully absorbed in the power and meaning of the music. It feels as if the music has taken you into a transcendent experience, which is exactly what you hoped for before the concert.",10
2025-09-09 11:16:38,2025-09-09 11:18:46,IP Address,100,128,True,2025-09-09 11:18:46,R_8I43rV7NRyOJKPD,anonymous,EN,5ea97d9c3593b80714388e3d,Yes,30,Male,Music-loving nonmusician,3,Strongly agree (5),4,4,3,Strongly agree (5),3,4,4,3,3,4,3,4,Strongly agree (5),4,3,3,3,2,4,3,4,4,3,4,4,3,3,4,4,3,4,3,2,Strongly disagree       (1),"Enchanted, in awe,Inspired, enthusiastic,Energetic, lively,Powerful, strong",5ea97d9c3593b80714388e3d,It was pointed out that you missed an important detail in your work which you now have to redo. You put on a music playlist to drown out self-criticism as you fix the mistake.,2
2025-09-09 11:12:36,2025-09-09 11:18:50,IP Address,100,373,True,2025-09-09 11:18:52,R_2E9JdvbtPcIt80B,anonymous,EN,655e0a82d5d2084400745459,Yes,36,Male,Nonmusician,4,Strongly agree (5),Strongly agree (5),Strongly agree (5),Strongly agree (5),Strongly agree (5),Strongly agree (5),Strongly agree (5),Strongly agree (5),Strongly disagree       (1),2,2,2,4,3,Strongly disagree       (1),Strongly disagree       (1),Strongly disagree       (1),2,2,Strongly agree (5),Strongly agree (5),Strongly agree (5),Strongly agree (5),3,4,4,4,2,4,3,3,Strongly agree (5),Strongly agree (5),2,Strongly disagree       (1),"Moved, touched,Inspired, enthusiastic,Relaxed, peaceful",655e0a82d5d2084400745459,"After a long and demanding week, you take time to rest by listening to music. The stress melts away and you start to recover as you listen along.",3
2025-09-09 11:12:53,2025-09-09 11:18:55,IP Address,100,362,True,2025-09-09 11:18:55,R_25RfcovEnf0QzhR,anonymous,EN,598517f52e38840001455b12,Yes,34,Female,Nonmusician,4,4,Strongly agree (5),2,2,3,3,3,3,2,4,2,3,3,4,4,4,Strongly agree (5),4,4,3,4,4,Strongly agree (5),3,2,Strongly disagree       (1),Strongly disagree       (1),Strongly disagree       (1),Strongly disagree       (1),3,2,4,Strongly agree (5),Strongly agree (5),Strongly disagree       (1),"Inspired, enthusiastic,Energetic, lively,Joyful, wanting to dance",598517f52e38840001455b12,You are attending a celebration where music is the heart of the party. You are able to join in the fun which is aided by the music throughout the event.,1
2025-09-09 11:16:00,2025-09-09 11:18:55,IP Address,100,175,True,2025-09-09 11:18:56,R_85pYZBfNhcCS5zj,anonymous,EN,671d3690dc5df6d004cfb65e,Yes,33,Male,Nonmusician,3,4,3,3,2,2,4,4,3,3,4,3,3,4,4,3,2,3,3,3,4,4,3,3,3,3,3,2,2,3,3,3,4,3,3,Strongly disagree       (1),"Energetic, lively,Relaxed, peaceful,Nostalgic, sentimental",671d3690dc5df6d004cfb65e,"While listening to a playlist, you come across a song that deeply resonates with what you are experiencing. It communicated something about yourself that you’ve struggled to explain to others.",9
2025-09-09 11:15:07,2025-09-09 11:18:57,IP Address,100,229,True,2025-09-09 11:18:57,R_2GxqdsKO0b25kR6,anonymous,EN,5885129a6907b40001de425a,Yes,42,Female,Music-loving nonmusician,Strongly agree (5),Strongly agree (5),4,3,2,3,4,4,4,4,2,3,3,2,3,3,3,3,3,3,4,3,4,4,3,3,3,4,4,3,4,Strongly agree (5),Strongly agree (5),4,4,Strongly disagree       (1),"Moved, touched,Relaxed, peaceful,Nostalgic, sentimental",5885129a6907b40001de425a,"While out for a walk, you hear a busker playing incredible sounding music you have never discovered before. You are not sure what is attracting your interest to the music but you allow yourself to be taken in by the music and its new emotional direction.",11
2025-09-09 11:14:04,2025-09-09 11:19:03,IP Address,100,298,True,2025-09-09 11:19:03,R_2yw43CdgzuBijHr,anonymous,EN,5ee637a18976fc391312fe01,Yes,50,Male,Music-loving nonmusician,Strongly agree (5),Strongly agree (5),4,Strongly agree (5),Strongly agree (5),Strongly agree (5),4,Strongly agree (5),Strongly agree (5),4,4,Strongly agree (5),Strongly agree (5),Strongly agree (5),4,3,3,3,Strongly agree (5),Strongly agree (5),Strongly agree (5),Strongly agree (5),Strongly agree (5),Strongly agree (5),4,4,Strongly agree (5),Strongly agree (5),3,3,Strongly agree (5),Strongly agree (5),Strongly agree (5),Strongly agree (5),Strongly agree (5),Strongly disagree       (1),"Filled with wonder, amazed,Moved, touched,Enchanted, in awe,Inspired, enthusiastic,Relaxed, peaceful,Nostalgic, sentimental",5ee637a18976fc391312fe01,"As you travel alone for an extended period, you put on your partner’s favourite music. The music makes you feel as if they are there with you.",7
2025-09-09 11:14:23,2025-09-09 11:19:03,IP Address,100,280,True,2025-09-09 11:19:04,R_22PQ34z9qSI6ckd,anonymous,EN,6093e78e30fb90f291b261f9,Yes,55,Female,Music-loving nonmusician,Strongly agree (5),Strongly agree (5),Strongly agree (5),Strongly agree (5),4,Strongly agree (5),4,Strongly agree (5),Strongly agree (5),Strongly agree (5),Strongly agree (5),Strongly agree (5),4,Strongly agree (5),4,Strongly agree (5),Strongly agree (5),Strongly agree (5),4,Strongly agree (5),Strongly agree (5),Strongly agree (5),Strongly agree (5),4,4,4,Strongly agree (5),3,3,4,Strongly agree (5),Strongly agree (5),Strongly agree (5),4,Strongly agree (5),Strongly disagree       (1),"Inspired, enthusiastic,Powerful, strong,Nostalgic, sentimental",6093e78e30fb90f291b261f9,"As you sit outside on your lunch break, you hear amazing music drifting in from a nearby building. While admiring the graceful nature of the music itself, you notice how it intensifies your lunch break into a unique and lasting experience.",12
2025-09-09 11:12:19,2025-09-09 11:19:05,IP Address,100,405,True,2025-09-09 11:19:05,R_8mlAy959tFEjpm8,anonymous,EN,5c2a7509a4694800019815c7,Yes,35,Male,Music-loving nonmusician,3,4,2,4,2,2,3,4,4,4,3,3,4,4,4,3,Strongly disagree       (1),2,2,2,2,4,4,4,4,4,Strongly agree (5),4,4,4,4,4,4,2,2,Strongly disagree       (1),"Tense, uneasy,Melancholic, sad,Nostalgic, sentimental,Indifferent, bored",5c2a7509a4694800019815c7,It was pointed out that you missed an important detail in your work which you now have to redo. You put on a music playlist to drown out self-criticism as you fix the mistake.,2
2025-09-09 11:13:33,2025-09-09 11:19:08,IP Address,100,335,True,2025-09-09 11:19:09,R_8WMPc7esEPBwY4l,anonymous,EN,63d021639b090bcb4ece2e73,Yes,25,Male,Nonmusician,4,4,4,Strongly agree (5),4,4,Strongly agree (5),Strongly agree (5),4,4,4,4,4,3,4,2,4,3,4,Strongly agree (5),4,Strongly agree (5),Strongly agree (5),4,4,4,2,Strongly agree (5),Strongly agree (5),Strongly agree (5),4,Strongly agree (5),4,4,3,Strongly disagree       (1),"Filled with wonder, amazed,Inspired, enthusiastic,Joyful, wanting to dance",63d021639b090bcb4ece2e73,"While out for a walk, you hear a busker playing incredible sounding music you have never discovered before. You are not sure what is attracting your interest to the music but you allow yourself to be taken in by the music and its new emotional direction.",11
2025-09-09 11:17:03,2025-09-09 11:19:09,IP Address,100,125,True,2025-09-09 11:19:09,R_2ffFqQ597Ad54Tj,anonymous,EN,66a50183d6f19b4257015e67,Yes,65,Female,Nonmusician,Strongly disagree       (1),Strongly disagree       (1),Strongly disagree       (1),Strongly disagree       (1),2,Strongly disagree       (1),Strongly disagree       (1),Strongly disagree       (1),Strongly disagree       (1),Strongly disagree       (1),2,Strongly disagree       (1),Strongly disagree       (1),Strongly disagree       (1),Strongly disagree       (1),3,Strongly disagree       (1),Strongly disagree       (1),Strongly disagree       (1),Strongly disagree       (1),Strongly disagree       (1),Strongly disagree       (1),Strongly disagree       (1),Strongly disagree       (1),Strongly disagree       (1),Strongly disagree       (1),Strongly disagree       (1),Strongly disagree       (1),Strongly disagree       (1),Strongly disagree       (1),Strongly disagree       (1),Strongly disagree       (1),Strongly disagree       (1),Strongly disagree       (1),Strongly disagree       (1),Strongly disagree       (1),None of these,66a50183d6f19b4257015e67,"You have an intricate task that requires your attention. To put your mind to it, you turn on a specific music playlist.",5
2025-09-09 11:16:38,2025-09-09 11:19:11,IP Address,100,152,True,2025-09-09 11:19:11,R_2jrdrexljobsZDr,anonymous,EN,5ec28db2622c500632dc95bc,Yes,40,Female,Music-loving nonmusician,4,Strongly agree (5),Strongly agree (5),3,2,3,4,4,4,Strongly agree (5),4,4,3,2,3,4,4,4,4,4,4,3,Strongly agree (5),Strongly agree (5),4,4,3,Strongly agree (5),Strongly agree (5),4,4,Strongly agree (5),Strongly agree (5),4,4,Strongly disagree       (1),"Moved, touched,Inspired, enthusiastic,Energetic, lively,Powerful, strong,Full of tenderness, warmhearted",5ec28db2622c500632dc95bc,"While out for a walk, you hear a busker playing incredible sounding music you have never discovered before. You are not sure what is attracting your interest to the music but you allow yourself to be taken in by the music and its new emotional direction.",11
2025-09-09 11:11:24,2025-09-09 11:19:13,IP Address,100,468,True,2025-09-09 11:19:13,R_83ibypgeAq3WrJv,anonymous,EN,66e7381b679a09a5e859d755,Yes,39,Male,Music-loving nonmusician,Strongly agree (5),Strongly agree (5),4,4,4,4,Strongly agree (5),Strongly agree (5),4,Strongly agree (5),Strongly agree (5),Strongly agree (5),4,3,Strongly agree (5),4,4,Strongly agree (5),Strongly agree (5),2,4,4,Strongly agree (5),Strongly agree (5),Strongly agree (5),Strongly agree (5),4,4,Strongly agree (5),Strongly agree (5),Strongly agree (5),4,4,Strongly agree (5),3,Strongly disagree       (1),"Filled with wonder, amazed,Moved, touched,Powerful, strong,Nostalgic, sentimental",66e7381b679a09a5e859d755,"While out for a walk, you hear a busker playing incredible sounding music you have never discovered before. You are not sure what is attracting your interest to the music but you allow yourself to be taken in by the music and its new emotional direction.",11
2025-09-09 11:14:12,2025-09-09 11:19:12,IP Address,100,300,True,2025-09-09 11:19:13,R_8GDHyeMvJUUsNrC,anonymous,EN,5ece9e3b3a19db0cf5af6692,Yes,43,Male,Music-loving nonmusician,4,4,Strongly agree (5),4,3,4,4,4,4,4,4,4,3,4,4,4,4,4,4,4,4,4,4,4,4,4,3,Strongly agree (5),4,4,4,4,4,4,4,Strongly disagree       (1),"Filled with wonder, amazed,Inspired, enthusiastic,Energetic, lively,Joyful, wanting to dance,Full of tenderness, warmhearted",5ece9e3b3a19db0cf5af6692,You are attending a celebration where music is the heart of the party. You are able to join in the fun which is aided by the music throughout the event.,1
2025-09-09 11:13:41,2025-09-09 11:19:19,IP Address,100,337,True,2025-09-09 11:19:19,R_8S99PvqRp4pWwB4,anonymous,EN,5cdd4befd3651c001950e539,Yes,59,Female,Music-loving nonmusician,Strongly agree (5),4,4,Strongly agree (5),Strongly disagree       (1),4,3,3,3,Strongly disagree       (1),4,Strongly disagree       (1),Strongly disagree       (1),Strongly disagree       (1),Strongly disagree       (1),Strongly disagree       (1),Strongly disagree       (1),4,3,4,4,2,3,3,Strongly disagree       (1),Strongly disagree       (1),Strongly disagree       (1),Strongly disagree       (1),Strongly disagree       (1),Strongly disagree       (1),Strongly disagree       (1),Strongly disagree       (1),3,Strongly disagree       (1),Strongly disagree       (1),Strongly disagree       (1),"Energetic, lively,Joyful, wanting to dance",5cdd4befd3651c001950e539,"As you travel alone for an extended period, you put on your partner’s favourite music. The music makes you feel as if they are there with you.",7
2025-09-09 11:11:56,2025-09-09 11:19:19,IP Address,100,442,True,2025-09-09 11:19:20,R_8WvrrhjpubNXIkX,anonymous,EN,634688daf4776ef459edf673,Yes,32,Male,Music-loving nonmusician,Strongly agree (5),Strongly agree (5),Strongly agree (5),Strongly agree (5),Strongly agree (5),4,Strongly agree (5),Strongly agree (5),Strongly agree (5),Strongly agree (5),Strongly agree (5),Strongly agree (5),Strongly agree (5),Strongly agree (5),Strongly agree (5),Strongly agree (5),Strongly agree (5),Strongly agree (5),Strongly agree (5),Strongly agree (5),Strongly agree (5),Strongly agree (5),Strongly agree (5),Strongly agree (5),Strongly agree (5),Strongly agree (5),Strongly agree (5),Strongly agree (5),Strongly agree (5),Strongly agree (5),Strongly agree (5),Strongly agree (5),Strongly agree (5),Strongly agree (5),4,Strongly disagree       (1),"Filled with wonder, amazed,Inspired, enthusiastic,Energetic, lively,Joyful, wanting to dance,Powerful, strong,Relaxed, peaceful",634688daf4776ef459edf673,"While with your friends at a cafe, a particular song comes on. You instantly recognise the music from your past, leading to an exchange of stories about your experiences together.",6
2025-09-09 11:16:28,2025-09-09 11:19:20,IP Address,100,171,True,2025-09-09 11:19:20,R_8OHzk21pWjezYbJ,anonymous,EN,659c067de92634488b349626,Yes,19,Female,Serious amateur musician,Strongly agree (5),4,4,4,3,3,4,Strongly agree (5),Strongly agree (5),3,4,4,4,4,3,4,4,3,3,3,3,4,4,Strongly agree (5),3,4,4,4,3,4,3,3,Strongly agree (5),4,4,Strongly disagree       (1),"Moved, touched,Enchanted, in awe,Powerful, strong,Relaxed, peaceful",659c067de92634488b349626,"While listening to a playlist, you come across a song that deeply resonates with what you are experiencing. It communicated something about yourself that you’ve struggled to explain to others.",9
2025-09-09 11:16:55,2025-09-09 11:19:19,IP Address,100,144,True,2025-09-09 11:19:20,R_2cuUbYXOBcZm36N,anonymous,EN,66854df2e5fef4239ff63a7d,Yes,46,Male,Music-loving nonmusician,4,Strongly agree (5),3,3,4,4,4,4,4,4,4,4,2,4,4,3,4,4,2,2,2,3,3,4,4,3,3,4,3,2,3,3,4,2,3,Strongly disagree       (1),"Enchanted, in awe,Energetic, lively,Joyful, wanting to dance",66854df2e5fef4239ff63a7d,You are attending a celebration where music is the heart of the party. You are able to join in the fun which is aided by the music throughout the event.,1
2025-09-09 11:12:13,2025-09-09 11:19:24,IP Address,100,431,True,2025-09-09 11:19:25,R_8rZN2Yw3AB7ownG,anonymous,EN,601171f52ffe110619bc0d93,Yes,57,Female,Music-loving nonmusician,Strongly agree (5),Strongly agree (5),Strongly agree (5),4,3,Strongly agree (5),Strongly agree (5),Strongly agree (5),Strongly agree (5),2,2,3,3,2,3,3,3,3,3,3,4,Strongly agree (5),Strongly agree (5),4,3,4,2,Strongly agree (5),3,4,3,4,Strongly agree (5),Strongly agree (5),Strongly agree (5),Strongly disagree       (1),"Filled with wonder, amazed,Moved, touched,Enchanted, in awe,Powerful, strong,Relaxed, peaceful",601171f52ffe110619bc0d93,"Halfway through a concert, you realise you have been fully absorbed in the power and meaning of the music. It feels as if the music has taken you into a transcendent experience, which is exactly what you hoped for before the concert.",10
2025-09-09 11:17:08,2025-09-09 11:19:26,IP Address,100,137,True,2025-09-09 11:19:26,R_8sX6oeJEUul4mDL,anonymous,EN,6266bb8a00f77695fea1ecb0,Yes,53,Male,Serious amateur musician,Strongly agree (5),Strongly agree (5),3,Strongly agree (5),Strongly agree (5),4,Strongly agree (5),Strongly agree (5),Strongly agree (5),4,3,4,4,4,Strongly agree (5),Strongly agree (5),Strongly agree (5),Strongly agree (5),Strongly agree (5),Strongly agree (5),Strongly agree (5),Strongly agree (5),Strongly agree (5),Strongly agree (5),4,4,Strongly agree (5),Strongly agree (5),Strongly agree (5),Strongly agree (5),Strongly agree (5),Strongly agree (5),Strongly agree (5),Strongly agree (5),4,Strongly disagree       (1),"Filled with wonder, amazed,Moved, touched,Inspired, enthusiastic,Powerful, strong,Full of tenderness, warmhearted,Nostalgic, sentimental",6266bb8a00f77695fea1ecb0,"As you sit outside on your lunch break, you hear amazing music drifting in from a nearby building. While admiring the graceful nature of the music itself, you notice how it intensifies your lunch break into a unique and lasting experience.",12
2025-09-09 11:14:53,2025-09-09 11:19:27,IP Address,100,273,True,2025-09-09 11:19:27,R_2JoGuN8Ri6jFukp,anonymous,EN,66640059232bcc6a15b24803,Yes,38,Female,Music-loving nonmusician,Strongly agree (5),Strongly agree (5),Strongly agree (5),2,Strongly agree (5),3,3,3,Strongly agree (5),3,Strongly agree (5),4,2,3,Strongly agree (5),4,4,Strongly agree (5),4,4,Strongly agree (5),Strongly agree (5),Strongly agree (5),Strongly agree (5),4,Strongly agree (5),4,3,3,3,3,3,Strongly agree (5),Strongly agree (5),4,Strongly disagree       (1),"Filled with wonder, amazed,Moved, touched,Enchanted, in awe,Inspired, enthusiastic,Energetic, lively,Joyful, wanting to dance,Powerful, strong,Full of tenderness, warmhearted,Relaxed, peaceful",66640059232bcc6a15b24803,You are attending a celebration where music is the heart of the party. You are able to join in the fun which is aided by the music throughout the event.,1
2025-09-09 11:16:40,2025-09-09 11:19:27,IP Address,100,167,True,2025-09-09 11:19:28,R_8HqPDLgCnoX5GaR,anonymous,EN,63d7b30ddc8ceb61c74fe85b,Yes,41,Male,Music-loving nonmusician,4,3,4,2,Strongly disagree       (1),2,3,3,3,Strongly agree (5),Strongly agree (5),4,2,3,4,3,Strongly disagree       (1),4,Strongly disagree       (1),2,2,3,3,3,3,4,4,Strongly disagree       (1),Strongly disagree       (1),Strongly disagree       (1),Strongly disagree       (1),2,4,Strongly disagree       (1),2,Strongly disagree       (1),"Inspired, enthusiastic,Energetic, lively,Powerful, strong",63d7b30ddc8ceb61c74fe85b,In order to get ready to exercise you decide to put on music which gives you the right frame of mind.,4
2025-09-09 11:14:23,2025-09-09 11:19:28,IP Address,100,305,True,2025-09-09 11:19:28,R_2nBgGWhseYojCvt,anonymous,EN,559272f4fdf99b7e42e96932,Yes,54,Male,Amateur musician,Strongly agree (5),Strongly agree (5),3,Strongly agree (5),4,4,Strongly agree (5),Strongly agree (5),Strongly agree (5),Strongly agree (5),Strongly agree (5),Strongly agree (5),4,4,4,Strongly disagree       (1),2,2,2,2,2,Strongly agree (5),4,4,2,2,4,Strongly disagree       (1),Strongly disagree       (1),Strongly disagree       (1),2,Strongly disagree       (1),Strongly agree (5),4,2,Strongly disagree       (1),"Inspired, enthusiastic,Energetic, lively,Joyful, wanting to dance,Relaxed, peaceful",559272f4fdf99b7e42e96932,In order to get ready to exercise you decide to put on music which gives you the right frame of mind.,4
2025-09-09 11:16:14,2025-09-09 11:19:28,IP Address,100,194,True,2025-09-09 11:19:29,R_8puoWUBnUEJXqws,anonymous,EN,5e3f04fdb721da159417a725,Yes,55,Female,Music-loving nonmusician,4,Strongly agree (5),Strongly agree (5),2,2,Strongly disagree       (1),3,3,3,2,4,3,2,3,4,4,4,4,3,3,3,Strongly agree (5),Strongly agree (5),4,3,3,2,4,Strongly agree (5),4,3,3,4,4,3,Strongly disagree       (1),"Inspired, enthusiastic,Joyful, wanting to dance",5e3f04fdb721da159417a725,You are attending a celebration where music is the heart of the party. You are able to join in the fun which is aided by the music throughout the event.,1
2025-09-09 11:17:14,2025-09-09 11:19:29,IP Address,100,134,True,2025-09-09 11:19:30,R_2teP04NNQ0X0dln,anonymous,EN,601c277aabe00c6bc759bf69,Yes,29,Male,Music-loving nonmusician,4,4,Strongly agree (5),3,2,3,3,4,3,4,3,3,3,3,3,4,4,4,3,3,4,4,4,4,3,4,4,3,3,3,4,4,4,4,3,Strongly disagree       (1),"Inspired, enthusiastic,Energetic, lively,Nostalgic, sentimental",601c277aabe00c6bc759bf69,"As you travel alone for an extended period, you put on your partner’s favourite music. The music makes you feel as if they are there with you.",7
2025-09-09 11:17:25,2025-09-09 11:19:32,IP Address,100,127,True,2025-09-09 11:19:33,R_2odrnDI7PVlKOo3,anonymous,EN,6294ce94ea81c4554b141010,Yes,34,Male,Music-loving nonmusician,Strongly agree (5),4,4,3,Strongly disagree       (1),3,4,4,Strongly agree (5),3,Strongly agree (5),3,4,4,4,Strongly agree (5),Strongly agree (5),4,3,3,2,4,4,Strongly agree (5),4,3,4,Strongly disagree       (1),Strongly disagree       (1),Strongly disagree       (1),4,4,4,4,4,Strongly disagree       (1),"Moved, touched,Inspired, enthusiastic,Energetic, lively,Joyful, wanting to dance,Powerful, strong",6294ce94ea81c4554b141010,You are attending a celebration where music is the heart of the party. You are able to join in the fun which is aided by the music throughout the event.,1
2025-09-09 11:14:28,2025-09-09 11:19:33,IP Address,100,305,True,2025-09-09 11:19:33,R_8ypSD4deZ7vmiNL,anonymous,EN,653bc92a11da9d70e7ad81c3,Yes,41,Female,Music-loving nonmusician,Strongly agree (5),4,Strongly agree (5),Strongly agree (5),4,Strongly agree (5),Strongly agree (5),4,4,Strongly agree (5),4,Strongly agree (5),3,3,Strongly agree (5),3,Strongly agree (5),2,4,Strongly agree (5),Strongly agree (5),4,Strongly agree (5),4,Strongly agree (5),Strongly agree (5),Strongly agree (5),2,2,2,4,2,4,3,3,Strongly disagree       (1),"Powerful, strong,Relaxed, peaceful",653bc92a11da9d70e7ad81c3,"You have just been told that you didn’t get the job you applied for. To handle the news, you turn to music to provide a sense of support as you manage your thoughts.",8
2025-09-09 11:17:21,2025-09-09 11:19:34,IP Address,100,132,True,2025-09-09 11:19:34,R_8jlK7VkbwE6jFAE,anonymous,EN,5e61f36dc7061b0c396928f2,Yes,43,Female,Music-loving nonmusician,3,4,3,4,3,4,Strongly agree (5),4,Strongly agree (5),3,3,3,3,3,3,4,4,3,4,4,4,Strongly agree (5),4,4,3,3,3,Strongly agree (5),4,Strongly agree (5),3,3,Strongly agree (5),4,4,Strongly disagree       (1),"Filled with wonder, amazed,Moved, touched,Enchanted, in awe,Relaxed, peaceful",5e61f36dc7061b0c396928f2,"Halfway through a concert, you realise you have been fully absorbed in the power and meaning of the music. It feels as if the music has taken you into a transcendent experience, which is exactly what you hoped for before the concert.",10
2025-09-09 11:14:16,2025-09-09 11:19:37,IP Address,100,321,True,2025-09-09 11:19:38,R_2kOicNbo2grXc4h,anonymous,EN,66cfab152c56aa0472529001,Yes,45,Male,Music-loving nonmusician,4,Strongly agree (5),3,4,2,4,Strongly agree (5),4,Strongly agree (5),2,2,2,2,2,Strongly agree (5),2,Strongly disagree       (1),2,4,4,Strongly agree (5),4,4,4,3,4,2,3,3,4,4,3,4,4,4,Strongly disagree       (1),"Moved, touched,Full of tenderness, warmhearted,Relaxed, peaceful,Nostalgic, sentimental",66cfab152c56aa0472529001,"As you travel alone for an extended period, you put on your partner’s favourite music. The music makes you feel as if they are there with you.",7
2025-09-09 11:16:11,2025-09-09 11:19:40,IP Address,100,208,True,2025-09-09 11:19:40,R_2K6DCYucRptauge,anonymous,EN,5eb4909c2f46f82f9280a49b,Yes,25,Male,Music-loving nonmusician,4,4,4,Strongly agree (5),4,4,Strongly agree (5),4,4,4,4,3,3,4,4,4,4,Strongly agree (5),4,3,Strongly agree (5),3,Strongly agree (5),Strongly agree (5),Strongly agree (5),4,Strongly agree (5),4,4,3,Strongly agree (5),3,Strongly agree (5),3,4,Strongly disagree       (1),"Moved, touched,Energetic, lively,Nostalgic, sentimental",5eb4909c2f46f82f9280a49b,"You have just been told that you didn’t get the job you applied for. To handle the news, you turn to music to provide a sense of support as you manage your thoughts.",8
2025-09-09 11:17:35,2025-09-09 11:19:43,IP Address,100,128,True,2025-09-09 11:19:43,R_2PhBj4A3PcUM4s3,anonymous,EN,6121ef6ae0e3a6085e8fd707,Yes,41,Female,Nonmusician,2,4,2,3,4,2,4,4,3,3,2,3,3,3,4,Strongly disagree       (1),Strongly disagree       (1),Strongly disagree       (1),4,3,4,Strongly agree (5),4,Strongly agree (5),2,2,4,3,2,3,4,4,Strongly agree (5),3,2,Strongly disagree       (1),"Enchanted, in awe,Nostalgic, sentimental",6121ef6ae0e3a6085e8fd707,In order to get ready to exercise you decide to put on music which gives you the right frame of mind.,4
2025-09-09 11:12:58,2025-09-09 11:19:43,IP Address,100,405,True,2025-09-09 11:19:44,R_27rFNyfECITzPO8,anonymous,EN,6664c7aa5c1c7846d3618f74,Yes,27,Female,Semiprofessional musician,Strongly agree (5),Strongly agree (5),Strongly agree (5),Strongly agree (5),Strongly agree (5),Strongly agree (5),Strongly agree (5),Strongly agree (5),Strongly agree (5),Strongly agree (5),Strongly agree (5),Strongly agree (5),Strongly agree (5),Strongly agree (5),Strongly agree (5),Strongly agree (5),Strongly agree (5),Strongly agree (5),Strongly agree (5),Strongly agree (5),Strongly agree (5),Strongly agree (5),Strongly agree (5),Strongly agree (5),Strongly agree (5),Strongly agree (5),Strongly agree (5),Strongly agree (5),Strongly agree (5),Strongly agree (5),Strongly agree (5),Strongly agree (5),Strongly agree (5),Strongly agree (5),Strongly agree (5),Strongly agree (5),"Filled with wonder, amazed,Moved, touched,Inspired, enthusiastic,Energetic, lively,Joyful, wanting to dance,Powerful, strong,Full of tenderness, warmhearted",6664c7aa5c1c7846d3618f74,You are attending a celebration where music is the heart of the party. You are able to join in the fun which is aided by the music throughout the event.,1
2025-09-09 11:14:55,2025-09-09 11:19:44,IP Address,100,289,True,2025-09-09 11:19:44,R_2ixmDHD5Ts5s0tH,anonymous,EN,63eaae9ee1256094c6a221cc,Yes,64,Female,Music-loving nonmusician,4,4,4,Strongly agree (5),4,Strongly agree (5),4,4,Strongly agree (5),4,4,4,4,4,Strongly agree (5),Strongly disagree       (1),3,2,3,Strongly disagree       (1),3,Strongly agree (5),Strongly agree (5),4,4,4,Strongly agree (5),2,Strongly disagree       (1),2,2,4,4,3,2,Strongly disagree       (1),"Relaxed, peaceful,Melancholic, sad,Agitated, aggressive",63eaae9ee1256094c6a221cc,It was pointed out that you missed an important detail in your work which you now have to redo. You put on a music playlist to drown out self-criticism as you fix the mistake.,2
2025-09-09 11:16:09,2025-09-09 11:19:45,IP Address,100,216,True,2025-09-09 11:19:45,R_2isLghS6ooY0lMF,anonymous,EN,5b673490e89b0d0001a885e7,Yes,59,Female,Music-loving nonmusician,Strongly agree (5),Strongly agree (5),4,2,2,2,4,4,4,4,4,Strongly agree (5),4,4,Strongly agree (5),4,4,4,4,4,4,4,4,4,4,4,2,2,2,2,4,4,Strongly agree (5),Strongly agree (5),2,Strongly disagree       (1),"Inspired, enthusiastic,Energetic, lively,Joyful, wanting to dance",5b673490e89b0d0001a885e7,In order to get ready to exercise you decide to put on music which gives you the right frame of mind.,4
2025-09-09 11:14:31,2025-09-09 11:19:46,IP Address,100,315,True,2025-09-09 11:19:46,R_8Vaz90SDikqCb1f,anonymous,EN,5a03241a6e1ea9000124dead,Yes,48,Male,Music-loving nonmusician,Strongly agree (5),Strongly agree (5),4,4,3,3,Strongly agree (5),4,Strongly agree (5),3,4,3,Strongly agree (5),4,Strongly agree (5),Strongly agree (5),4,3,3,3,4,4,Strongly agree (5),Strongly agree (5),3,4,4,Strongly disagree       (1),2,3,4,Strongly agree (5),Strongly agree (5),Strongly agree (5),4,Strongly disagree       (1),"Filled with wonder, amazed,Inspired, enthusiastic,Full of tenderness, warmhearted,Relaxed, peaceful,Nostalgic, sentimental",5a03241a6e1ea9000124dead,"While with your friends at a cafe, a particular song comes on. You instantly recognise the music from your past, leading to an exchange of stories about your experiences together.",6
2025-09-09 11:16:56,2025-09-09 11:19:46,IP Address,100,169,True,2025-09-09 11:19:46,R_8D5UOpfuz6wF3c7,anonymous,EN,63cd461c5f597e27b2a054fb,Yes,57,Female,Amateur musician,Strongly agree (5),4,3,Strongly agree (5),Strongly agree (5),Strongly agree (5),Strongly agree (5),4,Strongly agree (5),4,3,4,Strongly agree (5),Strongly agree (5),4,Strongly agree (5),Strongly agree (5),Strongly agree (5),4,Strongly agree (5),Strongly agree (5),Strongly agree (5),Strongly agree (5),Strongly agree (5),Strongly agree (5),Strongly agree (5),4,Strongly agree (5),Strongly agree (5),Strongly agree (5),Strongly agree (5),4,Strongly agree (5),4,Strongly agree (5),Strongly disagree       (1),"Filled with wonder, amazed,Moved, touched,Enchanted, in awe,Full of tenderness, warmhearted,Relaxed, peaceful",63cd461c5f597e27b2a054fb,"While listening to a playlist, you come across a song that deeply resonates with what you are experiencing. It communicated something about yourself that you’ve struggled to explain to others.",9
2025-09-09 11:17:14,2025-09-09 11:19:48,IP Address,100,153,True,2025-09-09 11:19:48,R_2XmgJhRk6x6zAqd,anonymous,EN,6061ef11da123a1d9e55c6c8,Yes,42,Male,Nonmusician,4,4,4,2,Strongly disagree       (1),3,3,3,4,2,3,3,2,3,2,2,2,3,3,3,3,3,3,3,3,3,4,2,2,Strongly disagree       (1),3,2,3,2,2,Strongly disagree       (1),"Inspired, enthusiastic,Nostalgic, sentimental",6061ef11da123a1d9e55c6c8,In order to get ready to exercise you decide to put on music which gives you the right frame of mind.,4
2025-09-09 11:16:24,2025-09-09 11:19:48,IP Address,100,204,True,2025-09-09 11:19:48,R_8Cmr5J7EiNiMIt6,anonymous,EN,60aff9a6354c706f21c27da1,Yes,40,Female,Nonmusician,Strongly agree (5),Strongly agree (5),Strongly agree (5),Strongly agree (5),Strongly agree (5),Strongly agree (5),Strongly agree (5),Strongly agree (5),Strongly agree (5),Strongly agree (5),Strongly agree (5),Strongly agree (5),Strongly agree (5),Strongly agree (5),Strongly agree (5),Strongly agree (5),Strongly agree (5),Strongly agree (5),Strongly agree (5),Strongly agree (5),Strongly agree (5),Strongly agree (5),Strongly agree (5),Strongly agree (5),Strongly agree (5),Strongly agree (5),Strongly agree (5),Strongly agree (5),Strongly agree (5),Strongly agree (5),Strongly agree (5),Strongly agree (5),Strongly agree (5),Strongly agree (5),Strongly agree (5),Strongly disagree       (1),"Moved, touched,Inspired, enthusiastic,Full of tenderness, warmhearted,Nostalgic, sentimental",60aff9a6354c706f21c27da1,"While with your friends at a cafe, a particular song comes on. You instantly recognise the music from your past, leading to an exchange of stories about your experiences together.",6
2025-09-09 11:14:54,2025-09-09 11:19:48,IP Address,100,294,True,2025-09-09 11:19:49,R_2IQL17eUaWjsoA3,anonymous,EN,5ba3be96258e340001cebb06,Yes,64,Male,Music-loving nonmusician,Strongly agree (5),Strongly agree (5),4,2,4,Strongly agree (5),4,4,Strongly agree (5),4,4,4,4,3,Strongly agree (5),4,2,3,4,Strongly agree (5),4,Strongly agree (5),Strongly agree (5),Strongly agree (5),4,4,4,4,4,Strongly agree (5),4,4,Strongly agree (5),Strongly agree (5),Strongly agree (5),Strongly disagree       (1),"Filled with wonder, amazed,Moved, touched,Inspired, enthusiastic,Relaxed, peaceful",5ba3be96258e340001cebb06,"Halfway through a concert, you realise you have been fully absorbed in the power and meaning of the music. It feels as if the music has taken you into a transcendent experience, which is exactly what you hoped for before the concert.",10
2025-09-09 11:13:01,2025-09-09 11:19:49,IP Address,100,407,True,2025-09-09 11:19:49,R_2cUMCac7y8IxWrL,anonymous,EN,672c33aafed3be2f2a6ccfa0,Yes,40,Male,Music-loving nonmusician,Strongly agree (5),2,Strongly disagree       (1),Strongly agree (5),Strongly agree (5),3,3,2,3,3,Strongly disagree       (1),Strongly disagree       (1),Strongly agree (5),Strongly agree (5),Strongly agree (5),2,4,Strongly disagree       (1),4,4,Strongly agree (5),Strongly agree (5),Strongly agree (5),Strongly agree (5),Strongly agree (5),Strongly agree (5),4,Strongly agree (5),4,Strongly agree (5),Strongly agree (5),Strongly agree (5),Strongly agree (5),Strongly agree (5),4,Strongly disagree       (1),"Moved, touched,Nostalgic, sentimental",672c33aafed3be2f2a6ccfa0,"As you travel alone for an extended period, you put on your partner’s favourite music. The music makes you feel as if they are there with you.",7
2025-09-09 11:17:00,2025-09-09 11:19:49,IP Address,100,169,True,2025-09-09 11:19:50,R_2NwY2R8QCKDb1vP,anonymous,EN,5755c957eb80c4000741a9ce,Yes,42,Male,Music-loving nonmusician,4,4,3,3,3,3,Strongly agree (5),4,Strongly agree (5),4,Strongly agree (5),Strongly agree (5),4,4,3,2,2,Strongly disagree       (1),3,Strongly disagree       (1),Strongly disagree       (1),Strongly agree (5),Strongly agree (5),Strongly agree (5),2,2,3,Strongly disagree       (1),Strongly disagree       (1),Strongly disagree       (1),3,3,4,4,Strongly disagree       (1),Strongly disagree       (1),"Energetic, lively,Tense, uneasy",5755c957eb80c4000741a9ce,It was pointed out that you missed an important detail in your work which you now have to redo. You put on a music playlist to drown out self-criticism as you fix the mistake.,2
2025-09-09 11:17:04,2025-09-09 11:19:50,IP Address,100,166,True,2025-09-09 11:19:51,R_2JgIpRpPPOO8oX7,anonymous,EN,62ff3d3ee03b44e79bb2d479,Yes,34,Male,Nonmusician,Strongly agree (5),Strongly agree (5),Strongly agree (5),4,2,3,3,4,3,3,4,2,2,2,4,4,4,4,Strongly agree (5),Strongly agree (5),3,Strongly agree (5),4,4,2,3,2,3,3,4,4,4,Strongly agree (5),Strongly agree (5),Strongly agree (5),Strongly disagree       (1),"Filled with wonder, amazed,Enchanted, in awe,Inspired, enthusiastic,Powerful, strong",62ff3d3ee03b44e79bb2d479,"Halfway through a concert, you realise you have been fully absorbed in the power and meaning of the music. It feels as if the music has taken you into a transcendent experience, which is exactly what you hoped for before the concert.",10
2025-09-09 11:17:00,2025-09-09 11:19:51,IP Address,100,170,True,2025-09-09 11:19:51,R_8TCeeVyaTzbYdd7,anonymous,EN,6779b59fcee735f80b55aa62,Yes,29,Male,Amateur musician,Strongly agree (5),Strongly agree (5),Strongly agree (5),Strongly agree (5),4,4,Strongly agree (5),Strongly agree (5),Strongly agree (5),Strongly agree (5),Strongly agree (5),Strongly agree (5),Strongly agree (5),4,4,Strongly agree (5),Strongly agree (5),Strongly agree (5),3,Strongly agree (5),Strongly agree (5),Strongly agree (5),Strongly agree (5),Strongly agree (5),Strongly agree (5),Strongly agree (5),Strongly agree (5),Strongly agree (5),Strongly agree (5),Strongly agree (5),Strongly agree (5),Strongly agree (5),Strongly agree (5),Strongly agree (5),Strongly agree (5),Strongly disagree       (1),"Inspired, enthusiastic,Energetic, lively,Powerful, strong,Nostalgic, sentimental",6779b59fcee735f80b55aa62,"You have just been told that you didn’t get the job you applied for. To handle the news, you turn to music to provide a sense of support as you manage your thoughts.",8
2025-09-09 11:16:02,2025-09-09 11:19:52,IP Address,100,230,True,2025-09-09 11:19:52,R_8c1udSZTtX2mK09,anonymous,EN,60f20aac9a3cd813c94175b4,Yes,43,Female,Nonmusician,4,Strongly agree (5),Strongly agree (5),Strongly agree (5),4,3,Strongly agree (5),Strongly agree (5),Strongly agree (5),3,3,4,4,3,Strongly agree (5),2,2,2,Strongly agree (5),Strongly agree (5),3,Strongly agree (5),Strongly agree (5),Strongly agree (5),4,Strongly agree (5),Strongly agree (5),3,3,3,4,Strongly agree (5),Strongly agree (5),Strongly agree (5),4,Strongly disagree       (1),"Filled with wonder, amazed,Moved, touched,Inspired, enthusiastic,Powerful, strong,Full of tenderness, warmhearted,Relaxed, peaceful,Nostalgic, sentimental",60f20aac9a3cd813c94175b4,"As you sit outside on your lunch break, you hear amazing music drifting in from a nearby building. While admiring the graceful nature of the music itself, you notice how it intensifies your lunch break into a unique and lasting experience.",12
2025-09-09 11:16:30,2025-09-09 11:19:55,IP Address,100,204,True,2025-09-09 11:19:55,R_8OS1WcaivLeQDV7,anonymous,EN,5e204990b062543612e9a254,Yes,27,Female,Music-loving nonmusician,Strongly agree (5),Strongly agree (5),Strongly agree (5),Strongly agree (5),Strongly agree (5),Strongly agree (5),Strongly agree (5),Strongly agree (5),Strongly agree (5),4,Strongly agree (5),4,3,4,Strongly agree (5),2,2,3,Strongly agree (5),Strongly agree (5),Strongly agree (5),Strongly agree (5),Strongly agree (5),Strongly agree (5),4,4,4,3,3,3,3,3,4,3,3,Strongly disagree       (1),"Relaxed, peaceful,Melancholic, sad,Nostalgic, sentimental",5e204990b062543612e9a254,"You have just been told that you didn’t get the job you applied for. To handle the news, you turn to music to provide a sense of support as you manage your thoughts.",8
2025-09-09 11:16:08,2025-09-09 11:19:58,IP Address,100,230,True,2025-09-09 11:19:58,R_8im7YPkoP57xF3E,anonymous,EN,6734acb87201d0735d63632c,Yes,25,Male,Nonmusician,Strongly agree (5),Strongly agree (5),Strongly agree (5),2,Strongly agree (5),Strongly agree (5),Strongly agree (5),Strongly agree (5),4,Strongly agree (5),Strongly agree (5),Strongly agree (5),Strongly agree (5),Strongly agree (5),Strongly agree (5),Strongly agree (5),4,Strongly agree (5),Strongly agree (5),Strongly agree (5),Strongly agree (5),4,Strongly agree (5),Strongly agree (5),Strongly agree (5),Strongly agree (5),Strongly agree (5),Strongly agree (5),Strongly agree (5),4,Strongly agree (5),4,Strongly agree (5),Strongly agree (5),4,Strongly disagree       (1),"Moved, touched,Enchanted, in awe,Inspired, enthusiastic,Energetic, lively,Joyful, wanting to dance,Powerful, strong",6734acb87201d0735d63632c,"Halfway through a concert, you realise you have been fully absorbed in the power and meaning of the music. It feels as if the music has taken you into a transcendent experience, which is exactly what you hoped for before the concert.",10
2025-09-09 11:16:40,2025-09-09 11:19:59,IP Address,100,198,True,2025-09-09 11:19:59,R_2ZhLoTG1fH2dRBL,anonymous,EN,637e3297cb88d8b2f69b9c7f,Yes,34,Female,Music-loving nonmusician,4,4,Strongly agree (5),4,4,4,4,4,4,Strongly agree (5),4,Strongly agree (5),4,4,4,3,3,3,4,4,4,4,4,4,4,4,4,2,2,4,4,4,3,3,3,Strongly disagree       (1),"Inspired, enthusiastic,Energetic, lively,Powerful, strong",637e3297cb88d8b2f69b9c7f,In order to get ready to exercise you decide to put on music which gives you the right frame of mind.,4
2025-09-09 11:17:35,2025-09-09 11:20:03,IP Address,100,148,True,2025-09-09 11:20:03,R_2tn4pjPEq4tnRQd,anonymous,EN,5dcb2bb4ae3b3b814b5fe27d,Yes,35,Prefer not to say,Music-loving nonmusician,4,Strongly agree (5),Strongly agree (5),4,Strongly agree (5),4,Strongly agree (5),Strongly agree (5),4,Strongly agree (5),Strongly agree (5),Strongly agree (5),Strongly agree (5),Strongly agree (5),4,Strongly agree (5),4,4,Strongly agree (5),Strongly agree (5),Strongly agree (5),4,Strongly agree (5),4,Strongly agree (5),Strongly agree (5),Strongly agree (5),Strongly agree (5),Strongly agree (5),4,4,4,Strongly agree (5),3,4,Strongly disagree       (1),"Filled with wonder, amazed,Energetic, lively,Full of tenderness, warmhearted",5dcb2bb4ae3b3b814b5fe27d,"While out for a walk, you hear a busker playing incredible sounding music you have never discovered before. You are not sure what is attracting your interest to the music but you allow yourself to be taken in by the music and its new emotional direction.",11
2025-09-09 11:17:30,2025-09-09 11:20:09,IP Address,100,158,True,2025-09-09 11:20:09,R_21zvRsEUhqJ5xCy,anonymous,EN,6658b5c4eacd7bcadeef868c,Yes,42,Female,Music-loving nonmusician,3,3,2,Strongly agree (5),Strongly agree (5),Strongly agree (5),4,4,4,3,2,4,4,4,4,2,2,3,Strongly agree (5),4,4,Strongly agree (5),Strongly agree (5),Strongly agree (5),Strongly agree (5),4,Strongly agree (5),3,3,3,3,3,Strongly agree (5),3,2,Strongly disagree       (1),"Tense, uneasy,Melancholic, sad,Agitated, aggressive",6658b5c4eacd7bcadeef868c,"You have just been told that you didn’t get the job you applied for. To handle the news, you turn to music to provide a sense of support as you manage your thoughts.",8
2025-09-09 11:15:03,2025-09-09 11:20:10,IP Address,100,307,True,2025-09-09 11:20:10,R_2oFG1SED2l8hMW3,anonymous,EN,5a6b844fe6cc4a0001b6a656,Yes,41,Female,Music-loving nonmusician,4,4,4,Strongly disagree       (1),Strongly disagree       (1),Strongly disagree       (1),4,4,4,4,3,2,2,2,2,4,4,3,2,2,Strongly disagree       (1),2,2,3,3,4,2,3,3,3,3,3,4,4,4,Strongly disagree       (1),"Joyful, wanting to dance,Relaxed, peaceful",5a6b844fe6cc4a0001b6a656,You are attending a celebration where music is the heart of the party. You are able to join in the fun which is aided by the music throughout the event.,1
2025-09-09 11:12:12,2025-09-09 11:20:10,IP Address,100,478,True,2025-09-09 11:20:11,R_2XaOkoLId4UXiMp,anonymous,EN,5adb3e135f327e0001fb329c,Yes,39,Female,Nonmusician,Strongly agree (5),Strongly agree (5),Strongly agree (5),4,4,4,Strongly agree (5),Strongly agree (5),Strongly agree (5),4,4,4,3,Strongly agree (5),3,3,3,3,4,Strongly agree (5),4,4,4,4,2,2,3,2,Strongly disagree       (1),2,3,3,Strongly agree (5),4,4,Strongly disagree       (1),"Moved, touched,Enchanted, in awe,Powerful, strong,Relaxed, peaceful",5adb3e135f327e0001fb329c,"You have an intricate task that requires your attention. To put your mind to it, you turn on a specific music playlist.",5
2025-09-09 11:12:23,2025-09-09 11:20:12,IP Address,100,468,True,2025-09-09 11:20:12,R_80IBItCeVo7QJr2,anonymous,EN,5f45882f55090e1a65935ffd,Yes,50,Male,Music-loving nonmusician,Strongly agree (5),Strongly agree (5),4,4,3,3,Strongly agree (5),Strongly agree (5),Strongly agree (5),4,4,3,4,4,4,4,4,4,3,3,4,4,Strongly agree (5),Strongly agree (5),4,4,4,2,2,2,3,3,Strongly agree (5),Strongly agree (5),4,Strongly disagree       (1),"Inspired, enthusiastic,Relaxed, peaceful,Nostalgic, sentimental",5f45882f55090e1a65935ffd,"While with your friends at a cafe, a particular song comes on. You instantly recognise the music from your past, leading to an exchange of stories about your experiences together.",6
2025-09-09 11:14:56,2025-09-09 11:20:18,IP Address,100,321,True,2025-09-09 11:20:18,R_2Lt9HoO8sW3SvAm,anonymous,EN,58d0632c2fc72000011f8c57,Yes,49,Male,Amateur musician,Strongly agree (5),Strongly agree (5),4,4,4,4,Strongly agree (5),4,4,3,3,3,4,3,4,3,4,4,Strongly agree (5),4,4,4,Strongly agree (5),4,3,4,4,3,3,4,4,4,4,4,4,Strongly disagree       (1),"Moved, touched,Inspired, enthusiastic,Full of tenderness, warmhearted,Relaxed, peaceful",58d0632c2fc72000011f8c57,"As you travel alone for an extended period, you put on your partner’s favourite music. The music makes you feel as if they are there with you.",7
2025-09-09 11:16:22,2025-09-09 11:20:20,IP Address,100,237,True,2025-09-09 11:20:20,R_2g1hrPeuE2JRAg9,anonymous,EN,5a6bb8829d65ec00017e8290,Yes,51,Female,Music-loving nonmusician,Strongly disagree       (1),3,3,Strongly disagree       (1),4,Strongly disagree       (1),Strongly agree (5),Strongly agree (5),Strongly agree (5),Strongly agree (5),Strongly agree (5),Strongly agree (5),Strongly agree (5),Strongly agree (5),Strongly agree (5),Strongly disagree       (1),3,3,Strongly disagree       (1),Strongly disagree       (1),3,4,Strongly agree (5),3,3,3,3,Strongly disagree       (1),Strongly disagree       (1),Strongly disagree       (1),3,3,Strongly agree (5),Strongly agree (5),3,Strongly disagree       (1),"Filled with wonder, amazed,Moved, touched,Enchanted, in awe,Inspired, enthusiastic,Energetic, lively,Joyful, wanting to dance,Relaxed, peaceful,Nostalgic, sentimental",5a6bb8829d65ec00017e8290,"You have an intricate task that requires your attention. To put your mind to it, you turn on a specific music playlist.",5
2025-09-09 11:16:47,2025-09-09 11:20:21,IP Address,100,213,True,2025-09-09 11:20:21,R_2taQCGNw3L0BMh5,anonymous,EN,67364209fa9fe83464c0be80,Yes,64,Male,Music-loving nonmusician,4,4,3,3,2,3,4,4,4,3,3,3,4,4,4,4,4,2,4,4,4,4,4,4,3,3,3,2,3,3,3,3,4,4,3,Strongly disagree       (1),"Full of tenderness, warmhearted,Relaxed, peaceful,Nostalgic, sentimental",67364209fa9fe83464c0be80,"As you travel alone for an extended period, you put on your partner’s favourite music. The music makes you feel as if they are there with you.",7
2025-09-09 11:17:49,2025-09-09 11:20:23,IP Address,100,154,True,2025-09-09 11:20:23,R_8aPjpIwfem2e1dl,anonymous,EN,5cbb1374517cd00001310c43,Yes,30,Female,Music-loving nonmusician,Strongly agree (5),Strongly agree (5),4,3,2,3,3,3,3,3,2,2,3,3,3,2,2,3,3,3,3,4,4,3,3,3,3,Strongly disagree       (1),Strongly disagree       (1),Strongly disagree       (1),3,2,4,4,2,Strongly disagree       (1),"Moved, touched,Relaxed, peaceful,Nostalgic, sentimental",5cbb1374517cd00001310c43,"As you travel alone for an extended period, you put on your partner’s favourite music. The music makes you feel as if they are there with you.",7
2025-09-09 11:18:00,2025-09-09 11:20:24,IP Address,100,144,True,2025-09-09 11:20:25,R_8C11X6pI3hPK3AZ,anonymous,EN,5ea0613bef1e880130b36f45,Yes,66,Female,Nonmusician,4,4,4,4,2,2,4,2,4,2,4,Strongly disagree       (1),3,3,3,3,3,2,4,4,3,4,4,4,2,3,2,3,2,2,4,4,4,4,4,Strongly disagree       (1),"Moved, touched,Inspired, enthusiastic,Powerful, strong,Relaxed, peaceful",5ea0613bef1e880130b36f45,"Halfway through a concert, you realise you have been fully absorbed in the power and meaning of the music. It feels as if the music has taken you into a transcendent experience, which is exactly what you hoped for before the concert.",10
2025-09-09 11:16:28,2025-09-09 11:20:24,IP Address,100,236,True,2025-09-09 11:20:25,R_8XIJUWQLvvXG17r,anonymous,EN,56cf683331a5bc000de1d20e,Yes,61,Female,Music-loving nonmusician,4,4,3,3,3,4,3,Strongly agree (5),Strongly agree (5),2,Strongly disagree       (1),2,3,2,3,2,2,Strongly disagree       (1),3,3,2,4,4,4,2,2,3,3,3,3,2,2,Strongly agree (5),4,2,Strongly disagree       (1),"Moved, touched,Relaxed, peaceful,Nostalgic, sentimental",56cf683331a5bc000de1d20e,"After a long and demanding week, you take time to rest by listening to music. The stress melts away and you start to recover as you listen along.",3
2025-09-09 11:13:07,2025-09-09 11:20:25,IP Address,100,437,True,2025-09-09 11:20:25,R_2NfZRhpGNwNCIIX,anonymous,EN,58f3d7699fbdde00011e99f7,Yes,38,Male,Serious amateur musician,Strongly agree (5),Strongly agree (5),4,4,4,Strongly disagree       (1),4,4,4,4,Strongly agree (5),2,2,2,3,2,3,2,4,4,4,4,4,4,2,4,4,Strongly disagree       (1),Strongly disagree       (1),Strongly disagree       (1),2,4,Strongly agree (5),4,4,Strongly disagree       (1),"Inspired, enthusiastic,Relaxed, peaceful",58f3d7699fbdde00011e99f7,"After a long and demanding week, you take time to rest by listening to music. The stress melts away and you start to recover as you listen along.",3
2025-09-09 11:17:22,2025-09-09 11:20:27,IP Address,100,185,True,2025-09-09 11:20:27,R_2LbCrrbXEWCJS6U,anonymous,EN,5e80e70d3c00ce7d6fdb69ef,Yes,47,Male,Music-loving nonmusician,Strongly agree (5),Strongly agree (5),4,Strongly agree (5),4,Strongly agree (5),4,4,4,2,4,2,3,4,4,3,3,2,2,2,2,3,3,2,2,2,2,3,Strongly disagree       (1),2,4,4,Strongly agree (5),Strongly agree (5),3,Strongly disagree       (1),"Inspired, enthusiastic,Relaxed, peaceful",5e80e70d3c00ce7d6fdb69ef,"While out for a walk, you hear a busker playing incredible sounding music you have never discovered before. You are not sure what is attracting your interest to the music but you allow yourself to be taken in by the music and its new emotional direction.",11
2025-09-09 11:17:50,2025-09-09 11:20:28,IP Address,100,157,True,2025-09-09 11:20:29,R_81chJk2Bg6zjV0R,anonymous,EN,5ea1d789f5c6d70c14fbe739,Yes,41,Male,Nonmusician,4,4,3,3,3,2,4,4,4,3,3,3,3,3,3,4,3,4,2,3,2,3,3,4,3,3,3,Strongly disagree       (1),Strongly disagree       (1),Strongly disagree       (1),4,3,3,3,4,Strongly disagree       (1),"Inspired, enthusiastic,Energetic, lively,Powerful, strong,Nostalgic, sentimental",5ea1d789f5c6d70c14fbe739,You are attending a celebration where music is the heart of the party. You are able to join in the fun which is aided by the music throughout the event.,1
2025-09-09 11:16:33,2025-09-09 11:20:30,IP Address,100,237,True,2025-09-09 11:20:31,R_8N4dxR0b9foBPFR,anonymous,EN,677a444780108278c1d722e6,Yes,38,Female,Music-loving nonmusician,4,Strongly agree (5),4,4,4,3,3,3,3,Strongly agree (5),Strongly agree (5),Strongly agree (5),2,3,3,Strongly agree (5),3,4,4,4,4,4,4,4,Strongly agree (5),4,4,3,3,3,3,3,4,4,3,Strongly disagree       (1),"Energetic, lively,Joyful, wanting to dance,Powerful, strong,Nostalgic, sentimental",677a444780108278c1d722e6,You are attending a celebration where music is the heart of the party. You are able to join in the fun which is aided by the music throughout the event.,1
2025-09-09 11:15:36,2025-09-09 11:20:31,IP Address,100,294,True,2025-09-09 11:20:31,R_8LYB4hCtoyDRyNz,anonymous,EN,5f4c31d0fae2768463fdf436,Yes,29,Female,Music-loving nonmusician,Strongly agree (5),Strongly agree (5),2,3,3,3,Strongly agree (5),Strongly agree (5),4,Strongly agree (5),3,Strongly agree (5),3,Strongly agree (5),2,Strongly disagree       (1),Strongly disagree       (1),Strongly disagree       (1),Strongly disagree       (1),3,4,Strongly disagree       (1),4,Strongly agree (5),Strongly disagree       (1),Strongly disagree       (1),Strongly disagree       (1),Strongly disagree       (1),Strongly disagree       (1),Strongly disagree       (1),Strongly disagree       (1),Strongly disagree       (1),3,3,Strongly disagree       (1),Strongly disagree       (1),"Inspired, enthusiastic,Relaxed, peaceful",5f4c31d0fae2768463fdf436,"You have an intricate task that requires your attention. To put your mind to it, you turn on a specific music playlist.",5
2025-09-09 11:18:09,2025-09-09 11:20:31,IP Address,100,142,True,2025-09-09 11:20:31,R_8xNs9iRWcXGKdLH,anonymous,EN,62b5edc0f30897b95f76308b,Yes,42,Male,Music-loving nonmusician,4,4,4,4,4,4,4,4,3,3,3,3,3,3,3,2,2,2,2,3,3,4,4,4,3,4,4,2,2,2,4,3,3,3,2,Strongly disagree       (1),"Inspired, enthusiastic,Joyful, wanting to dance,Relaxed, peaceful",62b5edc0f30897b95f76308b,"After a long and demanding week, you take time to rest by listening to music. The stress melts away and you start to recover as you listen along.",3
2025-09-09 11:16:23,2025-09-09 11:20:31,IP Address,100,247,True,2025-09-09 11:20:32,R_8fjeHi6Ivgq7RU6,anonymous,EN,595804ea8b58be00012c25a1,Yes,53,Male,Music-loving nonmusician,Strongly agree (5),Strongly agree (5),4,Strongly agree (5),4,3,Strongly agree (5),4,Strongly agree (5),4,4,4,4,3,4,4,4,Strongly agree (5),4,4,4,Strongly agree (5),Strongly agree (5),Strongly agree (5),4,4,4,2,Strongly disagree       (1),2,4,4,Strongly agree (5),Strongly agree (5),3,Strongly disagree       (1),"Relaxed, peaceful,Nostalgic, sentimental",595804ea8b58be00012c25a1,"While with your friends at a cafe, a particular song comes on. You instantly recognise the music from your past, leading to an exchange of stories about your experiences together.",6
2025-09-09 11:17:20,2025-09-09 11:20:37,IP Address,100,196,True,2025-09-09 11:20:37,R_2g2wWHahYd58zot,anonymous,EN,5c4b2a7dcee399000113cd85,Yes,41,Female,Music-loving nonmusician,Strongly agree (5),4,4,Strongly agree (5),3,3,4,4,4,Strongly agree (5),4,4,4,Strongly agree (5),4,2,2,2,4,4,Strongly agree (5),Strongly agree (5),4,Strongly agree (5),4,4,4,4,2,4,4,4,4,4,3,Strongly disagree       (1),"Inspired, enthusiastic,Powerful, strong",5c4b2a7dcee399000113cd85,It was pointed out that you missed an important detail in your work which you now have to redo. You put on a music playlist to drown out self-criticism as you fix the mistake.,2
2025-09-09 11:17:15,2025-09-09 11:20:38,IP Address,100,202,True,2025-09-09 11:20:38,R_2dtR8c3ikKQX3AB,anonymous,EN,67fbe860ceaf5c3054dd9654,Yes,51,Female,Music-loving nonmusician,4,4,4,3,4,3,4,4,4,4,3,3,4,4,4,4,3,4,4,3,4,3,4,4,4,4,3,3,3,3,3,4,3,3,3,Strongly disagree       (1),"Nostalgic, sentimental",67fbe860ceaf5c3054dd9654,"While with your friends at a cafe, a particular song comes on. You instantly recognise the music from your past, leading to an exchange of stories about your experiences together.",6
2025-09-09 11:17:43,2025-09-09 11:20:39,IP Address,100,175,True,2025-09-09 11:20:39,R_8a33QSrqd3HiDsJ,anonymous,EN,5fd5ef3cb8ec2745c10454e3,Yes,57,Female,Music-loving nonmusician,4,4,4,3,2,2,4,4,4,3,3,4,3,3,3,4,3,2,3,3,4,4,4,3,3,4,3,2,3,3,3,3,4,3,2,Strongly disagree       (1),"Inspired, enthusiastic,Relaxed, peaceful,Nostalgic, sentimental",5fd5ef3cb8ec2745c10454e3,"You have an intricate task that requires your attention. To put your mind to it, you turn on a specific music playlist.",5
2025-09-09 11:14:46,2025-09-09 11:20:39,IP Address,100,352,True,2025-09-09 11:20:39,R_23JTfZLHAfn7Z3b,anonymous,EN,672cf6205a2ec818a3f9a822,Yes,45,Male,Amateur musician,4,4,4,4,4,4,4,4,4,4,3,4,4,3,4,Strongly agree (5),Strongly agree (5),4,Strongly agree (5),Strongly agree (5),4,4,Strongly agree (5),Strongly agree (5),4,4,3,3,3,4,4,4,Strongly agree (5),Strongly agree (5),4,Strongly disagree       (1),"Filled with wonder, amazed,Moved, touched,Inspired, enthusiastic,Energetic, lively,Powerful, strong,Full of tenderness, warmhearted,Relaxed, peaceful,Melancholic, sad,Nostalgic, sentimental",672cf6205a2ec818a3f9a822,"As you travel alone for an extended period, you put on your partner’s favourite music. The music makes you feel as if they are there with you.",7
2025-09-09 11:17:46,2025-09-09 11:20:40,IP Address,100,174,True,2025-09-09 11:20:40,R_810AxvSef7dAePT,anonymous,EN,66fd3f6c93c24ecc119be354,Yes,39,Male,Nonmusician,Strongly agree (5),Strongly agree (5),Strongly agree (5),Strongly agree (5),Strongly agree (5),Strongly agree (5),2,2,2,Strongly agree (5),Strongly agree (5),Strongly agree (5),Strongly agree (5),Strongly agree (5),Strongly agree (5),4,4,Strongly agree (5),4,Strongly agree (5),Strongly agree (5),Strongly agree (5),Strongly agree (5),Strongly agree (5),4,4,Strongly agree (5),3,4,4,Strongly agree (5),Strongly agree (5),Strongly agree (5),3,3,Strongly disagree       (1),"Energetic, lively,Powerful, strong",66fd3f6c93c24ecc119be354,"You have just been told that you didn’t get the job you applied for. To handle the news, you turn to music to provide a sense of support as you manage your thoughts.",8
2025-09-09 11:15:17,2025-09-09 11:20:40,IP Address,100,323,True,2025-09-09 11:20:41,R_8jOhh29uyh76tMw,anonymous,EN,5c48b35ca775fb00011f2314,Yes,53,Male,Nonmusician,3,3,3,3,2,2,3,3,3,3,3,2,3,3,4,2,2,2,3,3,3,4,3,3,4,4,4,3,3,3,3,3,3,3,4,Strongly disagree       (1),None of these,5c48b35ca775fb00011f2314,"While listening to a playlist, you come across a song that deeply resonates with what you are experiencing. It communicated something about yourself that you’ve struggled to explain to others.",9
2025-09-09 11:18:30,2025-09-09 11:20:42,IP Address,100,131,True,2025-09-09 11:20:42,R_8gNnJDyEDZtLy3z,anonymous,EN,6127c89a145f6be7b6527daa,Yes,36,Female,Music-loving nonmusician,3,3,3,4,Strongly agree (5),4,4,3,4,Strongly agree (5),4,Strongly agree (5),4,Strongly agree (5),4,2,2,Strongly disagree       (1),2,3,2,Strongly agree (5),4,4,2,3,4,3,2,3,2,2,4,4,2,Strongly disagree       (1),"Inspired, enthusiastic,Relaxed, peaceful",6127c89a145f6be7b6527daa,It was pointed out that you missed an important detail in your work which you now have to redo. You put on a music playlist to drown out self-criticism as you fix the mistake.,2
2025-09-09 11:15:43,2025-09-09 11:20:46,IP Address,100,302,True,2025-09-09 11:20:47,R_8AyeyvJvB357nrP,anonymous,EN,5e806d09f8a96f7471c88ae0,Yes,71,Male,Amateur musician,Strongly agree (5),3,Strongly agree (5),2,Strongly disagree       (1),2,2,4,2,Strongly agree (5),4,2,Strongly agree (5),4,4,Strongly disagree       (1),Strongly disagree       (1),Strongly disagree       (1),Strongly disagree       (1),Strongly disagree       (1),2,2,2,3,3,4,2,Strongly disagree       (1),2,Strongly disagree       (1),Strongly disagree       (1),Strongly disagree       (1),Strongly agree (5),Strongly agree (5),3,Strongly disagree       (1),"Enchanted, in awe,Inspired, enthusiastic,Energetic, lively,Joyful, wanting to dance,Full of tenderness, warmhearted",5e806d09f8a96f7471c88ae0,In order to get ready to exercise you decide to put on music which gives you the right frame of mind.,4
2025-09-09 11:18:10,2025-09-09 11:20:47,IP Address,100,157,True,2025-09-09 11:20:47,R_8fDjTJvVfQOHG4w,anonymous,EN,66800c32331345ae34d25cce,Yes,20,Female,Music-loving nonmusician,Strongly agree (5),4,Strongly agree (5),4,4,Strongly agree (5),4,4,Strongly agree (5),4,Strongly agree (5),3,4,3,4,2,3,3,Strongly agree (5),4,Strongly agree (5),4,Strongly agree (5),Strongly agree (5),3,4,4,Strongly disagree       (1),Strongly disagree       (1),Strongly disagree       (1),4,Strongly agree (5),4,Strongly agree (5),3,Strongly disagree       (1),"Inspired, enthusiastic,Energetic, lively,Full of tenderness, warmhearted",66800c32331345ae34d25cce,"As you sit outside on your lunch break, you hear amazing music drifting in from a nearby building. While admiring the graceful nature of the music itself, you notice how it intensifies your lunch break into a unique and lasting experience.",12
2025-09-09 11:18:16,2025-09-09 11:20:48,IP Address,100,151,True,2025-09-09 11:20:48,R_8axeeyzU3UELwcF,anonymous,EN,62eac867210f0e2e8d322d44,Yes,54,Female,Music-loving nonmusician,Strongly agree (5),Strongly agree (5),Strongly agree (5),4,4,4,4,Strongly agree (5),Strongly agree (5),4,4,4,Strongly agree (5),Strongly agree (5),4,4,4,4,Strongly agree (5),Strongly agree (5),4,4,4,4,4,4,4,4,4,4,4,Strongly agree (5),Strongly agree (5),Strongly agree (5),4,Strongly disagree       (1),"Moved, touched,Inspired, enthusiastic,Full of tenderness, warmhearted,Relaxed, peaceful",62eac867210f0e2e8d322d44,"As you sit outside on your lunch break, you hear amazing music drifting in from a nearby building. While admiring the graceful nature of the music itself, you notice how it intensifies your lunch break into a unique and lasting experience.",12
2025-09-09 11:13:11,2025-09-09 11:20:48,IP Address,100,457,True,2025-09-09 11:20:49,R_84drGdu7ZvY1yna,anonymous,EN,5d6efaf57e41e600016209b4,Yes,31,Male,Music-loving nonmusician,Strongly agree (5),Strongly agree (5),Strongly agree (5),4,4,3,Strongly agree (5),Strongly agree (5),Strongly agree (5),Strongly agree (5),Strongly agree (5),Strongly agree (5),Strongly agree (5),4,Strongly agree (5),2,2,2,2,2,3,Strongly agree (5),Strongly agree (5),Strongly agree (5),4,4,4,4,3,4,4,4,4,4,3,Strongly disagree       (1),"Inspired, enthusiastic,Energetic, lively,Powerful, strong,Nostalgic, sentimental",5d6efaf57e41e600016209b4,"After a long and demanding week, you take time to rest by listening to music. The stress melts away and you start to recover as you listen along.",3
2025-09-09 11:17:19,2025-09-09 11:20:49,IP Address,100,209,True,2025-09-09 11:20:49,R_2tkRYtlWB6TQNEg,anonymous,EN,66f69dcc061074dacb886b52,Yes,27,Male,Music-loving nonmusician,4,3,2,4,3,4,4,4,4,3,4,4,3,3,3,4,3,4,4,3,4,3,Strongly agree (5),3,3,3,3,3,3,3,3,3,4,4,3,Strongly disagree       (1),"Enchanted, in awe,Joyful, wanting to dance,Powerful, strong",66f69dcc061074dacb886b52,"Halfway through a concert, you realise you have been fully absorbed in the power and meaning of the music. It feels as if the music has taken you into a transcendent experience, which is exactly what you hoped for before the concert.",10
2025-09-09 11:16:40,2025-09-09 11:20:49,IP Address,100,248,True,2025-09-09 11:20:50,R_8Pz2RdTOO4fgRJm,anonymous,EN,5f6ba6c02e4b9c0f364b990e,Yes,56,Male,Music-loving nonmusician,4,Strongly agree (5),4,4,4,3,4,4,4,3,3,3,3,3,3,3,3,3,3,3,4,4,4,4,3,3,3,3,3,3,4,3,4,Strongly agree (5),3,Strongly disagree       (1),"Relaxed, peaceful",5f6ba6c02e4b9c0f364b990e,"As you sit outside on your lunch break, you hear amazing music drifting in from a nearby building. While admiring the graceful nature of the music itself, you notice how it intensifies your lunch break into a unique and lasting experience.",12
2025-09-09 11:14:26,2025-09-09 11:20:53,IP Address,100,387,True,2025-09-09 11:20:54,R_2VfqmUGGXvg6B1W,anonymous,EN,573a34f614f69e000d7d670f,Yes,45,Male,Music-loving nonmusician,Strongly agree (5),Strongly agree (5),Strongly agree (5),Strongly agree (5),Strongly agree (5),Strongly agree (5),Strongly agree (5),Strongly agree (5),Strongly agree (5),Strongly agree (5),Strongly agree (5),4,Strongly agree (5),Strongly agree (5),Strongly agree (5),Strongly agree (5),Strongly agree (5),4,Strongly agree (5),3,Strongly agree (5),Strongly agree (5),Strongly agree (5),Strongly agree (5),4,Strongly agree (5),Strongly agree (5),Strongly agree (5),4,Strongly agree (5),Strongly agree (5),Strongly agree (5),4,Strongly agree (5),Strongly agree (5),Strongly agree (5),"Inspired, enthusiastic,Joyful, wanting to dance,Nostalgic, sentimental",573a34f614f69e000d7d670f,"While listening to a playlist, you come across a song that deeply resonates with what you are experiencing. It communicated something about yourself that you’ve struggled to explain to others.",9
2025-09-09 11:20:48,2025-09-09 11:20:54,IP Address,100,5,True,2025-09-09 11:20:55,R_8w4R53ARAhCpJZv,anonymous,EN,60b3950b9a1de417d37bb8d2,No,,,,,,,,,,,,,,,,,,,,,,,,,,,,,,,,,,,,,,,,,60b3950b9a1de417d37bb8d2,You are attending a celebration where music is the heart of the party. You are able to join in the fun which is aided by the music throughout the event.,1
2025-09-09 11:17:27,2025-09-09 11:20:59,IP Address,100,212,True,2025-09-09 11:21:00,R_8agxhAj7YfvLlus,anonymous,EN,5c00fefa4c14cf00019cc374,Yes,44,Male,Serious amateur musician,Strongly agree (5),Strongly agree (5),Strongly agree (5),4,4,3,Strongly agree (5),Strongly agree (5),Strongly agree (5),4,4,Strongly agree (5),3,4,4,Strongly agree (5),3,4,Strongly agree (5),Strongly agree (5),4,Strongly agree (5),Strongly agree (5),Strongly agree (5),Strongly agree (5),Strongly agree (5),Strongly agree (5),4,Strongly agree (5),Strongly agree (5),4,4,Strongly agree (5),Strongly agree (5),Strongly disagree       (1),Strongly disagree       (1),"Moved, touched,Powerful, strong,Relaxed, peaceful,Nostalgic, sentimental,Agitated, aggressive",5c00fefa4c14cf00019cc374,"While listening to a playlist, you come across a song that deeply resonates with what you are experiencing. It communicated something about yourself that you’ve struggled to explain to others.",9
2025-09-09 11:14:57,2025-09-09 11:21:01,IP Address,100,364,True,2025-09-09 11:21:01,R_20MJRSQL1osK2wt,anonymous,EN,66d042517a5a2a2868f1a2a0,Yes,55,Female,Nonmusician,Strongly agree (5),Strongly agree (5),4,4,3,3,Strongly agree (5),Strongly agree (5),4,4,3,4,3,4,3,4,4,4,3,3,Strongly agree (5),2,Strongly agree (5),Strongly agree (5),4,3,3,4,3,3,3,3,4,4,3,Strongly disagree       (1),"Joyful, wanting to dance,Relaxed, peaceful,Nostalgic, sentimental",66d042517a5a2a2868f1a2a0,"While with your friends at a cafe, a particular song comes on. You instantly recognise the music from your past, leading to an exchange of stories about your experiences together.",6
2025-09-09 11:16:17,2025-09-09 11:21:04,IP Address,100,286,True,2025-09-09 11:21:04,R_23lIMc39qv7MJiE,anonymous,EN,5c89510e12c937001745a2ed,Yes,65,Female,Music-loving nonmusician,Strongly agree (5),Strongly agree (5),Strongly agree (5),4,3,3,4,Strongly agree (5),4,3,3,3,3,3,4,4,4,4,4,3,4,4,4,4,4,4,4,4,4,4,3,Strongly agree (5),Strongly agree (5),Strongly agree (5),4,Strongly disagree       (1),"Filled with wonder, amazed,Moved, touched,Enchanted, in awe,Joyful, wanting to dance,Full of tenderness, warmhearted,Relaxed, peaceful",5c89510e12c937001745a2ed,"While out for a walk, you hear a busker playing incredible sounding music you have never discovered before. You are not sure what is attracting your interest to the music but you allow yourself to be taken in by the music and its new emotional direction.",11
2025-09-09 11:16:19,2025-09-09 11:21:05,IP Address,100,286,True,2025-09-09 11:21:06,R_2yjyKna2rB8R6W3,anonymous,EN,5d0806849fa4ad0018638a46,Yes,55,Female,Music-loving nonmusician,4,4,4,4,4,3,4,3,3,4,4,3,3,3,4,4,4,4,3,4,3,4,4,4,4,4,4,3,3,3,4,Strongly agree (5),4,4,4,Strongly disagree       (1),"Inspired, enthusiastic,Joyful, wanting to dance,Nostalgic, sentimental",5d0806849fa4ad0018638a46,"While with your friends at a cafe, a particular song comes on. You instantly recognise the music from your past, leading to an exchange of stories about your experiences together.",6
2025-09-09 11:17:56,2025-09-09 11:21:07,IP Address,100,190,True,2025-09-09 11:21:07,R_2gI5oPjjZB73P0J,anonymous,EN,63e6a31a1f62653eee8e0d1a,Yes,33,Male,Music-loving nonmusician,4,4,4,4,4,Strongly agree (5),4,4,3,4,4,Strongly agree (5),4,4,4,2,Strongly disagree       (1),Strongly disagree       (1),3,3,2,4,4,4,3,2,3,2,2,2,3,2,3,3,2,Strongly disagree       (1),"Inspired, enthusiastic,Energetic, lively,Powerful, strong,Relaxed, peaceful",63e6a31a1f62653eee8e0d1a,It was pointed out that you missed an important detail in your work which you now have to redo. You put on a music playlist to drown out self-criticism as you fix the mistake.,2
2025-09-09 11:17:34,2025-09-09 11:21:08,IP Address,100,213,True,2025-09-09 11:21:08,R_20ou5GwDNvo1Tpe,anonymous,EN,669d5265b980bf3846b82821,Yes,39,Male,Nonmusician,4,4,4,Strongly agree (5),4,3,Strongly agree (5),Strongly agree (5),Strongly agree (5),3,2,3,3,3,3,3,3,3,3,3,4,4,Strongly agree (5),4,3,3,3,4,4,3,3,2,4,3,4,Strongly disagree       (1),"Moved, touched,Relaxed, peaceful",669d5265b980bf3846b82821,"After a long and demanding week, you take time to rest by listening to music. The stress melts away and you start to recover as you listen along.",3
2025-09-09 11:17:30,2025-09-09 11:21:08,IP Address,100,218,True,2025-09-09 11:21:08,R_8NEv8pnQ9EXsdR5,anonymous,EN,5e480e306f7753000b908cb2,Yes,70,Male,Music-loving nonmusician,Strongly agree (5),Strongly agree (5),Strongly agree (5),Strongly agree (5),Strongly agree (5),Strongly agree (5),4,4,2,Strongly agree (5),Strongly agree (5),Strongly agree (5),Strongly agree (5),Strongly agree (5),Strongly agree (5),2,2,Strongly disagree       (1),Strongly agree (5),4,Strongly agree (5),3,Strongly agree (5),Strongly agree (5),3,2,4,2,2,2,3,2,4,3,Strongly disagree       (1),Strongly disagree       (1),"Tense, uneasy",5e480e306f7753000b908cb2,It was pointed out that you missed an important detail in your work which you now have to redo. You put on a music playlist to drown out self-criticism as you fix the mistake.,2
2025-09-09 11:17:30,2025-09-09 11:21:15,IP Address,100,224,True,2025-09-09 11:21:15,R_8OIxKkAyEH4Kyg5,anonymous,EN,5e2872fffcdb020467d12799,Yes,79,Male,Music-loving nonmusician,Strongly agree (5),4,4,Strongly disagree       (1),Strongly disagree       (1),Strongly disagree       (1),2,2,3,Strongly disagree       (1),3,Strongly disagree       (1),2,Strongly disagree       (1),3,4,2,Strongly disagree       (1),Strongly disagree       (1),2,Strongly disagree       (1),2,2,2,Strongly disagree       (1),2,2,Strongly disagree       (1),Strongly disagree       (1),Strongly disagree       (1),Strongly disagree       (1),3,4,4,4,Strongly disagree       (1),"Inspired, enthusiastic,Nostalgic, sentimental",5e2872fffcdb020467d12799,"While with your friends at a cafe, a particular song comes on. You instantly recognise the music from your past, leading to an exchange of stories about your experiences together.",6
2025-09-09 11:18:19,2025-09-09 11:21:17,IP Address,100,177,True,2025-09-09 11:21:17,R_8nVDejMGhEuASUF,anonymous,EN,5f1ad337b6464a21cea3a611,Yes,51,Female,Serious amateur musician,Strongly agree (5),4,4,4,3,3,3,4,4,4,4,4,Strongly agree (5),Strongly agree (5),Strongly agree (5),4,4,3,Strongly agree (5),Strongly agree (5),4,Strongly agree (5),4,4,Strongly agree (5),Strongly agree (5),Strongly agree (5),Strongly agree (5),Strongly agree (5),Strongly agree (5),4,4,4,4,3,Strongly disagree       (1),"Filled with wonder, amazed,Moved, touched,Inspired, enthusiastic,Powerful, strong,Full of tenderness, warmhearted,Nostalgic, sentimental",5f1ad337b6464a21cea3a611,"As you travel alone for an extended period, you put on your partner’s favourite music. The music makes you feel as if they are there with you.",7
2025-09-09 11:18:24,2025-09-09 11:21:17,IP Address,100,172,True,2025-09-09 11:21:17,R_8rvwy1ssl4IjO6A,anonymous,EN,56896501d3d6a7000ca23da8,Yes,35,Female,Amateur musician,4,4,3,2,3,3,4,3,3,3,4,4,3,3,3,3,3,3,4,3,4,Strongly agree (5),Strongly agree (5),Strongly agree (5),Strongly agree (5),Strongly agree (5),Strongly agree (5),2,2,2,3,3,4,3,4,Strongly disagree       (1),"Melancholic, sad,Agitated, aggressive",56896501d3d6a7000ca23da8,"You have just been told that you didn’t get the job you applied for. To handle the news, you turn to music to provide a sense of support as you manage your thoughts.",8
2025-09-09 11:18:18,2025-09-09 11:21:18,IP Address,100,180,True,2025-09-09 11:21:18,R_8I9U5x0pJhyuAdc,anonymous,EN,654e37a130d94b47675dcebe,Yes,35,Male,Music-loving nonmusician,Strongly agree (5),4,4,3,2,4,Strongly agree (5),Strongly agree (5),Strongly agree (5),2,Strongly agree (5),4,Strongly agree (5),4,2,4,4,Strongly agree (5),3,4,Strongly agree (5),Strongly agree (5),4,4,3,3,4,2,2,2,3,3,4,Strongly agree (5),4,Strongly agree (5),"Enchanted, in awe,Inspired, enthusiastic,Energetic, lively,Joyful, wanting to dance,Full of tenderness, warmhearted,Relaxed, peaceful,Nostalgic, sentimental",654e37a130d94b47675dcebe,You are attending a celebration where music is the heart of the party. You are able to join in the fun which is aided by the music throughout the event.,1
2025-09-09 11:17:47,2025-09-09 11:21:24,IP Address,100,216,True,2025-09-09 11:21:25,R_2DXPHLvXa8U1oGQ,anonymous,EN,573dbfc9cc30e7000dc57410,Yes,60,Female,Amateur musician,4,Strongly agree (5),Strongly agree (5),2,Strongly disagree       (1),2,3,3,4,2,3,4,2,2,3,Strongly agree (5),Strongly agree (5),Strongly agree (5),2,2,2,2,2,4,3,3,Strongly disagree       (1),Strongly disagree       (1),Strongly disagree       (1),Strongly disagree       (1),4,4,Strongly agree (5),Strongly agree (5),4,Strongly disagree       (1),"Inspired, enthusiastic,Energetic, lively,Full of tenderness, warmhearted,Nostalgic, sentimental",573dbfc9cc30e7000dc57410,"While with your friends at a cafe, a particular song comes on. You instantly recognise the music from your past, leading to an exchange of stories about your experiences together.",6
2025-09-09 11:19:18,2025-09-09 11:21:26,IP Address,100,128,True,2025-09-09 11:21:27,R_8s6WDsvq9BGAD7Z,anonymous,EN,63e52c5f3f35059ca0272e19,Yes,43,Male,Music-loving nonmusician,4,4,4,4,4,3,4,4,4,4,4,4,4,4,4,4,4,3,4,4,4,4,4,4,4,4,3,4,4,4,2,3,4,4,3,Strongly disagree       (1),"Energetic, lively,Powerful, strong",63e52c5f3f35059ca0272e19,"You have just been told that you didn’t get the job you applied for. To handle the news, you turn to music to provide a sense of support as you manage your thoughts.",8
2025-09-09 11:12:59,2025-09-09 11:21:28,IP Address,100,508,True,2025-09-09 11:21:28,R_29YA04qNJN60PAd,anonymous,EN,5e1b795dc799223a3b447ada,Yes,24,Male,Nonmusician,4,Strongly agree (5),4,Strongly agree (5),4,4,Strongly agree (5),4,Strongly agree (5),Strongly agree (5),Strongly agree (5),4,Strongly agree (5),4,Strongly agree (5),Strongly agree (5),4,4,Strongly agree (5),4,Strongly agree (5),4,4,Strongly agree (5),3,Strongly agree (5),Strongly agree (5),4,4,3,4,4,4,Strongly agree (5),Strongly agree (5),Strongly agree (5),"Filled with wonder, amazed,Moved, touched,Energetic, lively,Joyful, wanting to dance",5e1b795dc799223a3b447ada,"Halfway through a concert, you realise you have been fully absorbed in the power and meaning of the music. It feels as if the music has taken you into a transcendent experience, which is exactly what you hoped for before the concert.",10
2025-09-09 11:18:39,2025-09-09 11:21:41,IP Address,100,181,True,2025-09-09 11:21:41,R_8WBcWN3PZbrUCIb,anonymous,EN,6655e3832dcc68a1d2ee9229,Yes,39,Male,Music-loving nonmusician,4,Strongly agree (5),Strongly agree (5),Strongly agree (5),3,Strongly agree (5),4,4,4,4,Strongly agree (5),Strongly agree (5),2,4,4,4,4,4,4,4,2,4,4,4,3,4,4,Strongly disagree       (1),Strongly disagree       (1),Strongly disagree       (1),4,4,Strongly agree (5),4,4,Strongly disagree       (1),"Nostalgic, sentimental",6655e3832dcc68a1d2ee9229,"While out for a walk, you hear a busker playing incredible sounding music you have never discovered before. You are not sure what is attracting your interest to the music but you allow yourself to be taken in by the music and its new emotional direction.",11
2025-09-09 11:18:22,2025-09-09 11:21:44,IP Address,100,201,True,2025-09-09 11:21:44,R_8LSBQWhzmOVyZE9,anonymous,EN,5caccbc4976d010014b9cd9d,Yes,39,Male,Music-loving nonmusician,Strongly agree (5),Strongly agree (5),Strongly agree (5),4,Strongly agree (5),Strongly agree (5),Strongly agree (5),Strongly agree (5),Strongly agree (5),4,4,Strongly agree (5),Strongly agree (5),Strongly agree (5),Strongly agree (5),4,4,4,4,3,3,Strongly agree (5),Strongly agree (5),Strongly agree (5),2,2,3,3,3,3,4,4,Strongly agree (5),Strongly agree (5),4,Strongly disagree       (1),"Moved, touched,Enchanted, in awe,Inspired, enthusiastic,Relaxed, peaceful",5caccbc4976d010014b9cd9d,"Halfway through a concert, you realise you have been fully absorbed in the power and meaning of the music. It feels as if the music has taken you into a transcendent experience, which is exactly what you hoped for before the concert.",10
2025-09-09 11:17:35,2025-09-09 11:21:44,IP Address,100,248,True,2025-09-09 11:21:44,R_23ZURZUNmZ8glbP,anonymous,EN,62682277645054f5802459b8,Yes,59,Male,Music-loving nonmusician,4,3,3,4,3,2,4,4,3,3,Strongly disagree       (1),3,3,3,3,3,2,2,Strongly disagree       (1),Strongly disagree       (1),4,4,3,4,Strongly disagree       (1),4,4,Strongly disagree       (1),Strongly disagree       (1),Strongly disagree       (1),4,4,4,3,Strongly disagree       (1),Strongly disagree       (1),"Relaxed, peaceful",62682277645054f5802459b8,"As you sit outside on your lunch break, you hear amazing music drifting in from a nearby building. While admiring the graceful nature of the music itself, you notice how it intensifies your lunch break into a unique and lasting experience.",12
2025-09-09 11:18:32,2025-09-09 11:21:45,IP Address,100,193,True,2025-09-09 11:21:46,R_8jTEvAtYmuyoT9e,anonymous,EN,652d3c440e9e1391e8840a53,Yes,66,Male,Music-loving nonmusician,Strongly agree (5),Strongly agree (5),3,2,Strongly disagree       (1),2,3,3,4,4,4,3,2,3,3,2,Strongly disagree       (1),Strongly disagree       (1),Strongly disagree       (1),2,3,3,3,4,Strongly disagree       (1),2,3,Strongly disagree       (1),Strongly disagree       (1),Strongly disagree       (1),Strongly disagree       (1),Strongly disagree       (1),Strongly agree (5),4,2,Strongly disagree       (1),"Inspired, enthusiastic",652d3c440e9e1391e8840a53,In order to get ready to exercise you decide to put on music which gives you the right frame of mind.,4
2025-09-09 11:17:22,2025-09-09 11:21:48,IP Address,100,265,True,2025-09-09 11:21:48,R_2hRu2c1ltxGIDpO,anonymous,EN,66c79285c1221fc28251f780,Yes,40,Male,Amateur musician,Strongly agree (5),Strongly agree (5),4,4,4,Strongly agree (5),Strongly agree (5),4,4,4,4,4,Strongly agree (5),4,4,4,3,4,Strongly agree (5),4,4,4,4,Strongly agree (5),4,4,Strongly agree (5),Strongly agree (5),4,Strongly agree (5),Strongly agree (5),4,Strongly agree (5),Strongly agree (5),4,Strongly disagree       (1),"Filled with wonder, amazed,Moved, touched,Inspired, enthusiastic,Energetic, lively,Relaxed, peaceful,Melancholic, sad,Nostalgic, sentimental",66c79285c1221fc28251f780,"You have an intricate task that requires your attention. To put your mind to it, you turn on a specific music playlist.",5
2025-09-09 11:17:43,2025-09-09 11:21:48,IP Address,100,245,True,2025-09-09 11:21:48,R_8qHzqRqjt8VD7sa,anonymous,EN,660a6b953836d16312814993,Yes,32,Male,Music-loving nonmusician,4,4,4,4,3,3,4,4,3,3,4,3,Strongly agree (5),4,3,4,Strongly agree (5),3,4,4,4,4,3,3,4,4,3,3,4,Strongly agree (5),3,Strongly agree (5),4,4,3,Strongly disagree       (1),"Filled with wonder, amazed,Joyful, wanting to dance,Powerful, strong",660a6b953836d16312814993,"You have an intricate task that requires your attention. To put your mind to it, you turn on a specific music playlist.",5
2025-09-09 11:18:42,2025-09-09 11:21:50,IP Address,100,188,True,2025-09-09 11:21:51,R_2FaAZVBoUshPzJN,anonymous,EN,66c764bb87f9e57e31bb6901,Yes,62,Female,Music-loving nonmusician,Strongly agree (5),Strongly agree (5),Strongly agree (5),3,4,2,Strongly agree (5),4,4,3,Strongly agree (5),3,3,3,4,Strongly agree (5),Strongly agree (5),Strongly agree (5),2,3,3,3,4,4,3,4,4,Strongly agree (5),4,Strongly agree (5),3,3,Strongly agree (5),Strongly agree (5),Strongly agree (5),Strongly disagree       (1),"Filled with wonder, amazed,Moved, touched,Enchanted, in awe,Joyful, wanting to dance,Full of tenderness, warmhearted,Relaxed, peaceful,Nostalgic, sentimental",66c764bb87f9e57e31bb6901,"Halfway through a concert, you realise you have been fully absorbed in the power and meaning of the music. It feels as if the music has taken you into a transcendent experience, which is exactly what you hoped for before the concert.",10
2025-09-09 11:19:24,2025-09-09 11:21:51,IP Address,100,146,True,2025-09-09 11:21:51,R_2ASkmV7zHjs2tvS,anonymous,EN,571bdaa76b0894001362f780,Yes,44,Female,Amateur musician,4,Strongly agree (5),3,3,2,3,4,4,4,2,Strongly disagree       (1),2,3,2,3,3,3,3,4,4,4,4,3,3,3,3,3,3,2,3,4,4,Strongly agree (5),Strongly agree (5),3,Strongly disagree       (1),"Filled with wonder, amazed,Moved, touched,Enchanted, in awe,Inspired, enthusiastic,Relaxed, peaceful",571bdaa76b0894001362f780,"As you sit outside on your lunch break, you hear amazing music drifting in from a nearby building. While admiring the graceful nature of the music itself, you notice how it intensifies your lunch break into a unique and lasting experience.",12
2025-09-09 11:16:57,2025-09-09 11:21:51,IP Address,100,294,True,2025-09-09 11:21:52,R_8Cku93pAV0yzw1g,anonymous,EN,5687d434369319000c269c03,Yes,53,Female,Music-loving nonmusician,3,3,3,2,3,2,3,2,3,2,3,2,3,2,3,3,3,2,3,3,3,3,2,3,2,2,2,3,3,4,3,3,3,3,4,Strongly disagree       (1),"Energetic, lively",5687d434369319000c269c03,You are attending a celebration where music is the heart of the party. You are able to join in the fun which is aided by the music throughout the event.,1
2025-09-09 11:18:52,2025-09-09 11:21:52,IP Address,100,179,True,2025-09-09 11:21:53,R_2zYpaMbSrkr8oLv,anonymous,EN,55c495d2fdf99b2d6cabb691,Yes,29,Female,Music-loving nonmusician,4,3,3,3,2,Strongly disagree       (1),4,3,3,Strongly agree (5),4,Strongly agree (5),4,4,4,Strongly disagree       (1),Strongly disagree       (1),3,Strongly disagree       (1),2,3,Strongly disagree       (1),2,3,3,2,Strongly disagree       (1),Strongly disagree       (1),Strongly disagree       (1),Strongly disagree       (1),3,Strongly disagree       (1),3,3,Strongly disagree       (1),Strongly disagree       (1),"Inspired, enthusiastic",55c495d2fdf99b2d6cabb691,"You have an intricate task that requires your attention. To put your mind to it, you turn on a specific music playlist.",5
2025-09-09 11:18:37,2025-09-09 11:21:53,IP Address,100,195,True,2025-09-09 11:21:53,R_2qfri7tcXeCtAby,anonymous,EN,67db2ea56e3dd10aeebf61ab,Yes,77,Female,Music-loving nonmusician,3,4,2,2,2,4,4,4,4,2,Strongly disagree       (1),Strongly disagree       (1),2,2,4,Strongly disagree       (1),2,4,3,2,2,4,4,4,2,4,4,2,2,2,2,2,4,2,2,Strongly disagree       (1),"Moved, touched,Relaxed, peaceful,Nostalgic, sentimental",67db2ea56e3dd10aeebf61ab,"While listening to a playlist, you come across a song that deeply resonates with what you are experiencing. It communicated something about yourself that you’ve struggled to explain to others.",9
2025-09-09 11:18:42,2025-09-09 11:22:01,IP Address,100,198,True,2025-09-09 11:22:01,R_2xKnRZVYR8DBZQA,anonymous,EN,59205fcb97a88c000145d191,Yes,56,Female,Music-loving nonmusician,4,4,4,4,2,2,3,3,4,4,2,3,3,3,3,4,4,4,3,3,3,3,3,4,3,4,3,3,3,3,3,3,4,4,3,Strongly disagree       (1),"Nostalgic, sentimental",59205fcb97a88c000145d191,"While with your friends at a cafe, a particular song comes on. You instantly recognise the music from your past, leading to an exchange of stories about your experiences together.",6
2025-09-09 11:19:51,2025-09-09 11:22:01,IP Address,100,129,True,2025-09-09 11:22:01,R_8kNU9YFDcUpP0wx,anonymous,EN,652fd6db8f5f2657e3ce2f0e,Yes,44,Female,Music-loving nonmusician,3,4,4,4,4,4,Strongly agree (5),Strongly agree (5),Strongly agree (5),3,3,3,3,3,3,3,3,3,3,3,4,Strongly agree (5),Strongly agree (5),Strongly agree (5),3,3,3,3,3,4,3,3,4,3,3,Strongly disagree       (1),"Full of tenderness, warmhearted",652fd6db8f5f2657e3ce2f0e,"After a long and demanding week, you take time to rest by listening to music. The stress melts away and you start to recover as you listen along.",3
2025-09-09 11:20:26,2025-09-09 11:22:02,IP Address,100,95,True,2025-09-09 11:22:02,R_8PXCiBzJNpYPGTr,anonymous,EN,5cfbef1b50597d0001e8f11e,Yes,27,Male,Music-loving nonmusician,3,4,Strongly agree (5),4,4,4,4,Strongly agree (5),4,3,4,4,2,4,4,4,3,4,4,Strongly agree (5),4,Strongly agree (5),4,4,4,4,2,Strongly disagree       (1),2,2,4,4,3,2,4,Strongly disagree       (1),"Full of tenderness, warmhearted,Relaxed, peaceful",5cfbef1b50597d0001e8f11e,"While with your friends at a cafe, a particular song comes on. You instantly recognise the music from your past, leading to an exchange of stories about your experiences together.",6
2025-09-09 11:17:50,2025-09-09 11:22:05,IP Address,100,254,True,2025-09-09 11:22:05,R_2nVk2lpCSYbNwLt,anonymous,EN,60147f790be39349d775e4f2,Yes,65,Female,Amateur musician,4,4,3,2,2,3,3,2,3,3,Strongly disagree       (1),4,2,2,2,Strongly disagree       (1),Strongly disagree       (1),Strongly disagree       (1),Strongly disagree       (1),Strongly disagree       (1),Strongly disagree       (1),Strongly disagree       (1),3,2,2,Strongly disagree       (1),Strongly disagree       (1),Strongly disagree       (1),Strongly disagree       (1),Strongly disagree       (1),Strongly disagree       (1),Strongly disagree       (1),4,4,Strongly disagree       (1),Strongly disagree       (1),"Inspired, enthusiastic,Energetic, lively",60147f790be39349d775e4f2,In order to get ready to exercise you decide to put on music which gives you the right frame of mind.,4
2025-09-09 11:17:08,2025-09-09 11:22:14,IP Address,100,306,True,2025-09-09 11:22:15,R_2FR6srDB667GCZm,anonymous,EN,64a192250c9ae684b340206d,Yes,69,Female,Music-loving nonmusician,3,Strongly agree (5),3,3,4,3,4,4,4,Strongly disagree       (1),4,Strongly disagree       (1),2,Strongly disagree       (1),Strongly disagree       (1),2,2,2,Strongly disagree       (1),Strongly disagree       (1),4,4,4,4,4,4,3,4,Strongly agree (5),4,Strongly agree (5),Strongly agree (5),4,4,Strongly agree (5),Strongly disagree       (1),"Moved, touched,Powerful, strong,Relaxed, peaceful",64a192250c9ae684b340206d,"As you sit outside on your lunch break, you hear amazing music drifting in from a nearby building. While admiring the graceful nature of the music itself, you notice how it intensifies your lunch break into a unique and lasting experience.",12
2025-09-09 11:19:20,2025-09-09 11:22:19,IP Address,100,178,True,2025-09-09 11:22:19,R_2tsc48ym4CgTvwF,anonymous,EN,5bf87090e250e40001ab4233,Yes,43,Male,Amateur musician,Strongly agree (5),Strongly agree (5),Strongly agree (5),Strongly agree (5),4,3,4,Strongly agree (5),Strongly agree (5),4,4,Strongly agree (5),4,4,4,4,4,4,Strongly agree (5),4,4,Strongly agree (5),3,4,Strongly agree (5),4,4,3,3,3,Strongly agree (5),Strongly agree (5),Strongly agree (5),4,4,Strongly disagree       (1),"Filled with wonder, amazed,Enchanted, in awe,Inspired, enthusiastic,Energetic, lively,Powerful, strong,Relaxed, peaceful",5bf87090e250e40001ab4233,"While listening to a playlist, you come across a song that deeply resonates with what you are experiencing. It communicated something about yourself that you’ve struggled to explain to others.",9
2025-09-09 11:18:17,2025-09-09 11:22:21,IP Address,100,243,True,2025-09-09 11:22:21,R_8bSuiWsGyzbouNH,anonymous,EN,5e283f576dbb560114ac7714,Yes,46,Male,Music-loving nonmusician,Strongly agree (5),Strongly agree (5),4,3,Strongly disagree       (1),Strongly disagree       (1),4,3,3,4,Strongly agree (5),4,2,3,4,3,3,2,2,2,3,3,Strongly agree (5),Strongly agree (5),4,4,2,4,4,4,Strongly agree (5),Strongly agree (5),Strongly agree (5),4,2,Strongly disagree       (1),"Moved, touched,Inspired, enthusiastic",5e283f576dbb560114ac7714,"While out for a walk, you hear a busker playing incredible sounding music you have never discovered before. You are not sure what is attracting your interest to the music but you allow yourself to be taken in by the music and its new emotional direction.",11
2025-09-09 11:17:45,2025-09-09 11:22:21,IP Address,100,276,True,2025-09-09 11:22:22,R_8eV0lHLoSIDqQRQ,anonymous,EN,63469c570cfe46f801523b66,Yes,37,Female,Music-loving nonmusician,2,2,2,2,2,3,2,2,2,2,2,2,2,2,2,3,2,2,2,2,2,2,2,2,2,2,2,2,2,2,2,2,2,2,2,Strongly disagree       (1),"Tense, uneasy,Indifferent, bored,Agitated, aggressive",63469c570cfe46f801523b66,"As you travel alone for an extended period, you put on your partner’s favourite music. The music makes you feel as if they are there with you.",7
2025-09-09 11:22:13,2025-09-09 11:22:23,IP Address,100,9,True,2025-09-09 11:22:23,R_8EEGKmkSio8BhFc,anonymous,EN,66cc6eb364154a51d4d44eb1,No,,,,,,,,,,,,,,,,,,,,,,,,,,,,,,,,,,,,,,,,,66cc6eb364154a51d4d44eb1,"You have an intricate task that requires your attention. To put your mind to it, you turn on a specific music playlist.",5
2025-09-09 11:19:37,2025-09-09 11:22:28,IP Address,100,171,True,2025-09-09 11:22:29,R_26fqaxTiFf0ANr3,anonymous,EN,60c71716aeb3d04db3271894,Yes,39,Male,Music-loving nonmusician,4,4,4,4,2,3,4,Strongly agree (5),Strongly agree (5),4,3,Strongly agree (5),Strongly agree (5),Strongly agree (5),4,2,2,4,4,4,4,3,Strongly agree (5),4,3,3,4,3,3,3,4,3,4,4,3,Strongly disagree       (1),"Powerful, strong,Tense, uneasy,Agitated, aggressive",60c71716aeb3d04db3271894,In order to get ready to exercise you decide to put on music which gives you the right frame of mind.,4
2025-09-09 11:16:55,2025-09-09 11:22:29,IP Address,100,334,True,2025-09-09 11:22:30,R_2dc0GefVK3DlYag,anonymous,EN,68a5e7f258f1c07e3db17751,Yes,23,Male,Serious amateur musician,4,Strongly agree (5),Strongly agree (5),4,3,3,4,4,Strongly agree (5),4,Strongly agree (5),4,4,4,4,4,4,Strongly agree (5),3,4,Strongly agree (5),3,Strongly agree (5),4,4,4,4,4,4,4,4,4,Strongly agree (5),4,4,Strongly disagree       (1),"Filled with wonder, amazed,Moved, touched,Enchanted, in awe,Inspired, enthusiastic,Energetic, lively,Joyful, wanting to dance,Powerful, strong,Full of tenderness, warmhearted,Relaxed, peaceful",68a5e7f258f1c07e3db17751,"As you travel alone for an extended period, you put on your partner’s favourite music. The music makes you feel as if they are there with you.",7
2025-09-09 11:19:40,2025-09-09 11:22:30,IP Address,100,169,True,2025-09-09 11:22:30,R_8QDU47EU5nIqxRy,anonymous,EN,563f734bcbd4c60005dc9442,Yes,52,Male,Nonmusician,Strongly disagree       (1),2,2,2,Strongly disagree       (1),Strongly disagree       (1),2,2,2,2,2,Strongly disagree       (1),Strongly disagree       (1),Strongly disagree       (1),Strongly disagree       (1),Strongly disagree       (1),Strongly disagree       (1),Strongly disagree       (1),Strongly disagree       (1),Strongly disagree       (1),2,2,2,2,Strongly disagree       (1),Strongly disagree       (1),2,2,Strongly disagree       (1),2,Strongly disagree       (1),Strongly disagree       (1),Strongly disagree       (1),2,Strongly disagree       (1),Strongly disagree       (1),None of these,563f734bcbd4c60005dc9442,It was pointed out that you missed an important detail in your work which you now have to redo. You put on a music playlist to drown out self-criticism as you fix the mistake.,2
2025-09-09 11:18:47,2025-09-09 11:22:30,IP Address,100,223,True,2025-09-09 11:22:31,R_2zuSXSnp8QWx52V,anonymous,EN,603b9be389c6cf7d0dd74fd1,Yes,38,Male,Music-loving nonmusician,3,Strongly agree (5),3,3,2,3,Strongly agree (5),4,4,3,4,4,3,3,3,Strongly agree (5),Strongly disagree       (1),Strongly agree (5),Strongly agree (5),Strongly agree (5),4,Strongly agree (5),Strongly agree (5),Strongly agree (5),3,4,Strongly agree (5),4,Strongly agree (5),Strongly agree (5),Strongly disagree       (1),Strongly disagree       (1),Strongly agree (5),Strongly agree (5),3,Strongly disagree       (1),"Moved, touched,Powerful, strong,Full of tenderness, warmhearted,Relaxed, peaceful,Nostalgic, sentimental",603b9be389c6cf7d0dd74fd1,"As you travel alone for an extended period, you put on your partner’s favourite music. The music makes you feel as if they are there with you.",7
2025-09-09 11:20:57,2025-09-09 11:22:31,IP Address,100,94,True,2025-09-09 11:22:32,R_2HNOdwOKOPtRuz6,anonymous,EN,611a84cad4328e2779125bdd,Yes,25,Female,Music-loving nonmusician,4,4,Strongly agree (5),4,Strongly disagree       (1),3,4,4,4,Strongly agree (5),Strongly agree (5),Strongly agree (5),3,4,3,3,4,2,3,4,4,2,3,Strongly disagree       (1),Strongly agree (5),4,4,Strongly disagree       (1),Strongly disagree       (1),Strongly disagree       (1),3,3,3,3,2,Strongly disagree       (1),"Inspired, enthusiastic,Energetic, lively,Joyful, wanting to dance,Powerful, strong,Relaxed, peaceful",611a84cad4328e2779125bdd,"After a long and demanding week, you take time to rest by listening to music. The stress melts away and you start to recover as you listen along.",3
2025-09-09 11:14:31,2025-09-09 11:22:32,IP Address,100,480,True,2025-09-09 11:22:32,R_8EYj2V0lAlna13e,anonymous,EN,5978f6f009bdcf000153f43d,Yes,60,Male,Music-loving nonmusician,Strongly agree (5),Strongly agree (5),Strongly agree (5),4,4,4,Strongly agree (5),Strongly agree (5),Strongly agree (5),Strongly agree (5),2,3,4,Strongly agree (5),4,3,3,3,3,2,3,4,Strongly agree (5),Strongly agree (5),3,4,Strongly disagree       (1),Strongly disagree       (1),Strongly disagree       (1),3,3,3,Strongly agree (5),Strongly agree (5),3,Strongly disagree       (1),"Powerful, strong,Relaxed, peaceful",5978f6f009bdcf000153f43d,In order to get ready to exercise you decide to put on music which gives you the right frame of mind.,4
2025-09-09 11:18:23,2025-09-09 11:22:35,IP Address,100,251,True,2025-09-09 11:22:35,R_8VISWCBmwIBdmpD,anonymous,EN,5c2b80f371d2760001eff037,Yes,46,Female,Music-loving nonmusician,3,4,Strongly agree (5),4,4,4,Strongly agree (5),4,4,4,4,4,4,4,4,3,2,3,4,4,4,4,4,Strongly agree (5),4,4,Strongly agree (5),3,3,3,4,4,4,4,4,Strongly disagree       (1),"Filled with wonder, amazed,Full of tenderness, warmhearted,Relaxed, peaceful,Nostalgic, sentimental",5c2b80f371d2760001eff037,"After a long and demanding week, you take time to rest by listening to music. The stress melts away and you start to recover as you listen along.",3
2025-09-09 11:18:58,2025-09-09 11:22:39,IP Address,100,220,True,2025-09-09 11:22:40,R_8wGl8bohOR6x9jr,anonymous,EN,677e7a411cbcd54ed0c8f545,Yes,61,Male,Serious amateur musician,3,4,4,3,3,2,4,3,3,2,4,3,2,2,3,4,4,3,3,4,4,4,3,3,3,4,4,2,2,2,2,2,Strongly agree (5),4,4,Strongly disagree       (1),"Moved, touched,Energetic, lively,Powerful, strong,Relaxed, peaceful",677e7a411cbcd54ed0c8f545,In order to get ready to exercise you decide to put on music which gives you the right frame of mind.,4
2025-09-09 11:20:07,2025-09-09 11:22:40,IP Address,100,153,True,2025-09-09 11:22:41,R_2qHSk8EKxDKIu53,anonymous,EN,65a6d3a1037ca2ea8cc07642,Yes,23,Female,Nonmusician,Strongly agree (5),Strongly agree (5),Strongly agree (5),Strongly disagree       (1),Strongly agree (5),Strongly agree (5),4,Strongly agree (5),Strongly agree (5),3,3,Strongly disagree       (1),Strongly disagree       (1),3,Strongly agree (5),Strongly disagree       (1),Strongly disagree       (1),Strongly disagree       (1),Strongly agree (5),4,3,3,Strongly agree (5),Strongly disagree       (1),2,Strongly agree (5),Strongly agree (5),Strongly agree (5),Strongly disagree       (1),Strongly disagree       (1),4,Strongly disagree       (1),Strongly agree (5),3,Strongly disagree       (1),Strongly disagree       (1),"Inspired, enthusiastic,Energetic, lively",65a6d3a1037ca2ea8cc07642,In order to get ready to exercise you decide to put on music which gives you the right frame of mind.,4
2025-09-09 11:17:21,2025-09-09 11:22:41,IP Address,100,320,True,2025-09-09 11:22:41,R_2qEtMMBS8F2QmYp,anonymous,EN,5eeddefa177a7322144cbc5e,Yes,51,Male,Music-loving nonmusician,Strongly agree (5),Strongly agree (5),Strongly agree (5),Strongly agree (5),3,3,Strongly agree (5),Strongly agree (5),Strongly agree (5),2,2,Strongly disagree       (1),Strongly disagree       (1),Strongly disagree       (1),Strongly disagree       (1),3,3,Strongly disagree       (1),2,2,3,4,Strongly agree (5),Strongly agree (5),Strongly agree (5),4,4,2,2,2,2,2,Strongly agree (5),Strongly agree (5),Strongly agree (5),Strongly disagree       (1),"Moved, touched,Joyful, wanting to dance,Relaxed, peaceful,Nostalgic, sentimental",5eeddefa177a7322144cbc5e,"After a long and demanding week, you take time to rest by listening to music. The stress melts away and you start to recover as you listen along.",3
2025-09-09 11:22:38,2025-09-09 11:22:51,IP Address,100,12,True,2025-09-09 11:22:51,R_8C2nkxH2u59juKt,anonymous,EN,5fec4bf28fd71dda83c7f34e,No,,,,,,,,,,,,,,,,,,,,,,,,,,,,,,,,,,,,,,,,,5fec4bf28fd71dda83c7f34e,"You have an intricate task that requires your attention. To put your mind to it, you turn on a specific music playlist.",5
2025-09-09 11:21:01,2025-09-09 11:22:54,IP Address,100,113,True,2025-09-09 11:22:55,R_2OVqlfuhCARS8lX,anonymous,EN,60b3950b9a1de417d37bb8d2,Yes,33,Male,Music-loving nonmusician,4,4,2,4,3,3,4,3,4,4,Strongly agree (5),4,4,4,3,3,4,2,3,3,4,3,3,3,3,4,4,3,Strongly disagree       (1),2,2,3,4,3,4,Strongly disagree       (1),"Inspired, enthusiastic,Energetic, lively,Relaxed, peaceful",60b3950b9a1de417d37bb8d2,"You have an intricate task that requires your attention. To put your mind to it, you turn on a specific music playlist.",5
2025-09-09 11:19:27,2025-09-09 11:22:58,IP Address,100,211,True,2025-09-09 11:22:59,R_8oac8420zM3EgUh,anonymous,EN,5db31089a1f8d3000c10a6c5,Yes,63,Female,Music-loving nonmusician,Strongly agree (5),Strongly agree (5),Strongly agree (5),4,Strongly disagree       (1),3,4,4,4,Strongly agree (5),Strongly agree (5),Strongly agree (5),Strongly agree (5),Strongly agree (5),Strongly agree (5),4,4,Strongly agree (5),Strongly disagree       (1),Strongly disagree       (1),Strongly agree (5),Strongly agree (5),Strongly agree (5),Strongly agree (5),4,4,Strongly disagree       (1),3,Strongly disagree       (1),4,4,3,4,3,Strongly agree (5),Strongly disagree       (1),"Inspired, enthusiastic,Energetic, lively,Nostalgic, sentimental",5db31089a1f8d3000c10a6c5,"While with your friends at a cafe, a particular song comes on. You instantly recognise the music from your past, leading to an exchange of stories about your experiences together.",6
2025-09-09 11:19:33,2025-09-09 11:23:08,IP Address,100,215,True,2025-09-09 11:23:09,R_2iqWErjns6QEjOo,anonymous,EN,6763319d93b606ee9bee6e54,Yes,19,Female,Amateur musician,4,4,Strongly agree (5),Strongly agree (5),2,Strongly agree (5),3,4,3,3,2,2,2,2,2,2,2,3,Strongly agree (5),Strongly agree (5),Strongly agree (5),4,4,4,3,4,4,2,2,3,2,2,4,3,2,Strongly disagree       (1),"Melancholic, sad,Indifferent, bored",6763319d93b606ee9bee6e54,"You have just been told that you didn’t get the job you applied for. To handle the news, you turn to music to provide a sense of support as you manage your thoughts.",8
2025-09-09 11:19:46,2025-09-09 11:23:11,IP Address,100,204,True,2025-09-09 11:23:11,R_8zElNeTWW4AsIuZ,anonymous,EN,5f4a9eb861da210d3496cb34,Yes,62,Female,Music-loving nonmusician,4,Strongly agree (5),4,3,2,2,Strongly agree (5),4,4,4,4,3,3,3,Strongly agree (5),4,3,4,Strongly agree (5),Strongly agree (5),4,Strongly agree (5),4,4,4,4,4,3,2,2,4,3,Strongly agree (5),4,4,Strongly disagree       (1),"Enchanted, in awe,Inspired, enthusiastic,Energetic, lively,Joyful, wanting to dance,Powerful, strong",5f4a9eb861da210d3496cb34,You are attending a celebration where music is the heart of the party. You are able to join in the fun which is aided by the music throughout the event.,1
2025-09-09 11:20:25,2025-09-09 11:23:17,IP Address,100,171,True,2025-09-09 11:23:17,R_8HZ8sOwgcKcKT2C,anonymous,EN,5ad06853b438910001ac8bee,Yes,33,Female,Music-loving nonmusician,4,4,3,Strongly agree (5),4,4,4,4,4,4,3,4,4,3,3,2,2,4,4,4,4,4,4,4,3,4,4,3,2,3,Strongly agree (5),4,3,3,3,Strongly disagree       (1),"Moved, touched,Relaxed, peaceful,Melancholic, sad",5ad06853b438910001ac8bee,It was pointed out that you missed an important detail in your work which you now have to redo. You put on a music playlist to drown out self-criticism as you fix the mistake.,2
2025-09-09 11:16:15,2025-09-09 11:23:17,IP Address,100,421,True,2025-09-09 11:23:17,R_22W6bUrsY23Rh3a,anonymous,EN,5ba22638474398000172c47b,Yes,31,Male,Nonmusician,Strongly agree (5),4,2,Strongly agree (5),4,3,4,Strongly agree (5),4,Strongly agree (5),4,Strongly agree (5),Strongly agree (5),Strongly agree (5),Strongly agree (5),3,3,4,Strongly agree (5),Strongly agree (5),4,4,Strongly agree (5),4,4,4,Strongly agree (5),2,2,2,4,4,Strongly agree (5),3,2,Strongly disagree       (1),"Tense, uneasy,Agitated, aggressive",5ba22638474398000172c47b,It was pointed out that you missed an important detail in your work which you now have to redo. You put on a music playlist to drown out self-criticism as you fix the mistake.,2
2025-09-09 11:20:44,2025-09-09 11:23:18,IP Address,100,153,True,2025-09-09 11:23:18,R_8rZbqhoPuwS9krZ,anonymous,EN,65466a2dd5eda75680390e5a,Yes,26,Male,Music-loving nonmusician,Strongly agree (5),Strongly agree (5),3,Strongly agree (5),Strongly agree (5),4,4,3,4,4,4,Strongly agree (5),Strongly agree (5),Strongly agree (5),Strongly agree (5),2,2,2,4,4,Strongly agree (5),3,4,4,3,3,3,4,3,2,3,2,4,2,Strongly agree (5),Strongly disagree       (1),"Powerful, strong",65466a2dd5eda75680390e5a,"You have an intricate task that requires your attention. To put your mind to it, you turn on a specific music playlist.",5
2025-09-09 11:19:46,2025-09-09 11:23:21,IP Address,100,214,True,2025-09-09 11:23:21,R_8VDchCQTiqxKou2,anonymous,EN,58ff31a1d10e2b000108579e,Yes,57,Male,Amateur musician,4,4,3,3,4,3,4,3,4,4,3,4,Strongly disagree       (1),Strongly disagree       (1),Strongly disagree       (1),3,2,3,3,4,4,Strongly agree (5),4,4,4,4,4,Strongly agree (5),Strongly agree (5),Strongly agree (5),Strongly agree (5),Strongly agree (5),Strongly agree (5),4,3,Strongly disagree       (1),"Filled with wonder, amazed,Moved, touched,Enchanted, in awe,Full of tenderness, warmhearted,Relaxed, peaceful,Melancholic, sad,Nostalgic, sentimental",58ff31a1d10e2b000108579e,"While listening to a playlist, you come across a song that deeply resonates with what you are experiencing. It communicated something about yourself that you’ve struggled to explain to others.",9
2025-09-09 11:14:05,2025-09-09 11:23:22,IP Address,100,557,True,2025-09-09 11:23:22,R_2tGBaJ3gUwoFqaj,anonymous,EN,5bd2a0799afb5b00015be460,Yes,42,Female,Music-loving nonmusician,Strongly agree (5),Strongly agree (5),4,4,3,Strongly agree (5),4,Strongly agree (5),4,Strongly disagree       (1),Strongly agree (5),Strongly disagree       (1),Strongly agree (5),4,Strongly agree (5),3,4,3,4,Strongly agree (5),3,4,Strongly agree (5),4,4,3,4,Strongly agree (5),3,Strongly agree (5),Strongly agree (5),Strongly agree (5),4,Strongly agree (5),Strongly agree (5),Strongly disagree       (1),"Filled with wonder, amazed,Moved, touched,Inspired, enthusiastic,Joyful, wanting to dance,Powerful, strong,Relaxed, peaceful,Nostalgic, sentimental,Agitated, aggressive",5bd2a0799afb5b00015be460,"While out for a walk, you hear a busker playing incredible sounding music you have never discovered before. You are not sure what is attracting your interest to the music but you allow yourself to be taken in by the music and its new emotional direction.",11
2025-09-09 11:21:42,2025-09-09 11:23:22,IP Address,100,100,True,2025-09-09 11:23:23,R_8Ka6DJT03eZ4kkl,anonymous,EN,55b95e2ffdf99b469f622883,Yes,33,Female,Nonmusician,2,2,2,2,2,2,3,Strongly disagree       (1),2,4,3,3,4,3,4,Strongly disagree       (1),2,Strongly disagree       (1),Strongly disagree       (1),Strongly disagree       (1),4,Strongly disagree       (1),3,3,2,Strongly disagree       (1),Strongly disagree       (1),Strongly disagree       (1),Strongly disagree       (1),Strongly disagree       (1),2,2,Strongly disagree       (1),Strongly disagree       (1),Strongly disagree       (1),Strongly disagree       (1),"Inspired, enthusiastic,Energetic, lively",55b95e2ffdf99b469f622883,It was pointed out that you missed an important detail in your work which you now have to redo. You put on a music playlist to drown out self-criticism as you fix the mistake.,2
2025-09-09 11:20:06,2025-09-09 11:23:24,IP Address,100,197,True,2025-09-09 11:23:24,R_8diyHFDV3RAUrNw,anonymous,EN,677658eb18c1cf6e2a53a01f,Yes,50,Female,Music-loving nonmusician,4,Strongly agree (5),4,Strongly agree (5),4,4,3,3,2,2,4,4,2,3,2,Strongly agree (5),Strongly agree (5),Strongly agree (5),Strongly agree (5),Strongly agree (5),3,4,4,Strongly agree (5),3,3,Strongly agree (5),4,Strongly disagree       (1),4,2,3,Strongly agree (5),4,Strongly agree (5),Strongly disagree       (1),"Filled with wonder, amazed,Enchanted, in awe,Powerful, strong",677658eb18c1cf6e2a53a01f,"Halfway through a concert, you realise you have been fully absorbed in the power and meaning of the music. It feels as if the music has taken you into a transcendent experience, which is exactly what you hoped for before the concert.",10
2025-09-09 11:17:00,2025-09-09 11:23:32,IP Address,100,391,True,2025-09-09 11:23:32,R_2l9oef5AEpZJWVo,anonymous,EN,5b68c9eb87af310001584803,Yes,29,Male,Music-loving nonmusician,4,Strongly agree (5),Strongly agree (5),2,2,2,4,4,Strongly agree (5),4,Strongly agree (5),4,Strongly agree (5),Strongly agree (5),4,Strongly agree (5),4,4,Strongly agree (5),4,Strongly agree (5),Strongly agree (5),Strongly agree (5),4,Strongly agree (5),4,4,4,Strongly agree (5),4,Strongly agree (5),Strongly agree (5),Strongly agree (5),Strongly agree (5),4,Strongly disagree       (1),"Melancholic, sad,Nostalgic, sentimental",5b68c9eb87af310001584803,"You have just been told that you didn’t get the job you applied for. To handle the news, you turn to music to provide a sense of support as you manage your thoughts.",8
2025-09-09 11:19:22,2025-09-09 11:23:33,IP Address,100,250,True,2025-09-09 11:23:33,R_87mc4fqQT0YLdvT,anonymous,EN,63b55a15c5bed86cb84c4fb7,Yes,71,Female,Music-loving nonmusician,3,4,4,4,2,3,4,Strongly agree (5),Strongly agree (5),2,2,3,3,3,3,2,2,2,3,2,2,4,4,4,4,3,4,4,4,4,2,2,4,3,3,Strongly disagree       (1),"Moved, touched,Inspired, enthusiastic,Relaxed, peaceful,Nostalgic, sentimental",63b55a15c5bed86cb84c4fb7,"After a long and demanding week, you take time to rest by listening to music. The stress melts away and you start to recover as you listen along.",3
2025-09-09 11:19:43,2025-09-09 11:23:40,IP Address,100,236,True,2025-09-09 11:23:40,R_2pMXS5vfEgw01kC,anonymous,EN,57278abae386b9000e3f1d58,Yes,62,Male,Amateur musician,4,Strongly agree (5),Strongly agree (5),Strongly agree (5),4,3,4,4,4,3,4,3,4,3,4,2,3,2,4,4,4,Strongly agree (5),Strongly agree (5),4,3,3,3,3,3,4,3,2,Strongly agree (5),Strongly agree (5),4,Strongly disagree       (1),"Filled with wonder, amazed,Moved, touched,Energetic, lively",57278abae386b9000e3f1d58,"Halfway through a concert, you realise you have been fully absorbed in the power and meaning of the music. It feels as if the music has taken you into a transcendent experience, which is exactly what you hoped for before the concert.",10
2025-09-09 11:21:44,2025-09-09 11:23:44,IP Address,100,119,True,2025-09-09 11:23:44,R_2phF00pFZGLEJgx,anonymous,EN,668d729af9abd257e52541e6,Yes,28,Male,Nonmusician,Strongly agree (5),Strongly agree (5),4,Strongly agree (5),Strongly agree (5),Strongly agree (5),3,Strongly agree (5),Strongly agree (5),Strongly agree (5),Strongly agree (5),Strongly agree (5),Strongly agree (5),Strongly agree (5),Strongly agree (5),Strongly agree (5),Strongly agree (5),Strongly agree (5),Strongly agree (5),Strongly agree (5),4,Strongly agree (5),Strongly agree (5),4,Strongly agree (5),Strongly agree (5),Strongly agree (5),Strongly agree (5),3,2,Strongly agree (5),Strongly agree (5),Strongly agree (5),4,Strongly agree (5),Strongly disagree       (1),"Joyful, wanting to dance,Powerful, strong,Nostalgic, sentimental",668d729af9abd257e52541e6,"You have an intricate task that requires your attention. To put your mind to it, you turn on a specific music playlist.",5
2025-09-09 11:17:25,2025-09-09 11:23:46,IP Address,100,381,True,2025-09-09 11:23:47,R_2OAXwjQrHG5GklA,anonymous,EN,67f8c966e81fca013fa2407a,Yes,54,Male,Amateur musician,3,Strongly agree (5),3,4,Strongly agree (5),2,3,3,3,3,4,4,3,Strongly disagree       (1),Strongly disagree       (1),4,3,4,3,3,4,Strongly agree (5),3,Strongly agree (5),4,3,Strongly agree (5),Strongly agree (5),4,Strongly agree (5),4,3,4,3,3,Strongly disagree       (1),"Moved, touched,Inspired, enthusiastic,Powerful, strong,Tense, uneasy,Melancholic, sad",67f8c966e81fca013fa2407a,"While listening to a playlist, you come across a song that deeply resonates with what you are experiencing. It communicated something about yourself that you’ve struggled to explain to others.",9
2025-09-09 11:20:52,2025-09-09 11:23:52,IP Address,100,180,True,2025-09-09 11:23:53,R_2gOffptbwR4Rg9V,anonymous,EN,5f119d6034b87902fdd7d772,Yes,32,Prefer not to say,Amateur musician,4,4,4,2,3,3,3,3,3,2,2,2,4,2,4,2,2,2,2,2,2,3,4,4,2,2,2,4,2,2,4,4,Strongly agree (5),4,4,Strongly disagree       (1),"Filled with wonder, amazed,Moved, touched,Enchanted, in awe,Powerful, strong",5f119d6034b87902fdd7d772,"Halfway through a concert, you realise you have been fully absorbed in the power and meaning of the music. It feels as if the music has taken you into a transcendent experience, which is exactly what you hoped for before the concert.",10
2025-09-09 11:22:01,2025-09-09 11:23:53,IP Address,100,111,True,2025-09-09 11:23:54,R_8HnbCfeeLZuCeeB,anonymous,EN,6171a2b0fe9fb7af0052c2c2,Yes,34,Male,Amateur musician,Strongly agree (5),Strongly agree (5),Strongly agree (5),Strongly agree (5),Strongly agree (5),Strongly agree (5),Strongly agree (5),Strongly agree (5),Strongly agree (5),Strongly agree (5),Strongly agree (5),4,Strongly agree (5),Strongly agree (5),Strongly agree (5),Strongly agree (5),Strongly agree (5),Strongly agree (5),2,2,Strongly agree (5),Strongly agree (5),Strongly agree (5),Strongly agree (5),Strongly agree (5),Strongly agree (5),Strongly agree (5),Strongly agree (5),Strongly agree (5),Strongly agree (5),Strongly agree (5),Strongly agree (5),Strongly agree (5),Strongly agree (5),2,Strongly agree (5),"Moved, touched,Enchanted, in awe,Relaxed, peaceful,Melancholic, sad",6171a2b0fe9fb7af0052c2c2,"After a long and demanding week, you take time to rest by listening to music. The stress melts away and you start to recover as you listen along.",3
2025-09-09 11:22:05,2025-09-09 11:24:03,IP Address,100,117,True,2025-09-09 11:24:03,R_8h9mcw633RAW97f,anonymous,EN,611cf78346c5e728a66f1ebe,Yes,35,Female,Music-loving nonmusician,Strongly agree (5),Strongly agree (5),4,4,2,Strongly agree (5),3,2,2,Strongly agree (5),Strongly agree (5),Strongly agree (5),2,2,2,Strongly disagree       (1),Strongly disagree       (1),Strongly disagree       (1),2,2,3,3,2,2,3,2,3,Strongly disagree       (1),Strongly disagree       (1),Strongly disagree       (1),3,3,4,3,2,Strongly disagree       (1),"Inspired, enthusiastic,Energetic, lively,Joyful, wanting to dance,Powerful, strong",611cf78346c5e728a66f1ebe,In order to get ready to exercise you decide to put on music which gives you the right frame of mind.,4
2025-09-09 11:20:39,2025-09-09 11:24:04,IP Address,100,204,True,2025-09-09 11:24:04,R_8c6DOURxm1dnfWW,anonymous,EN,681b72a2c71900147281b597,Yes,50,Male,Music-loving nonmusician,3,4,4,4,3,2,4,4,4,2,2,2,3,2,3,3,3,4,3,3,3,4,4,4,2,2,3,4,4,4,Strongly agree (5),Strongly agree (5),Strongly agree (5),4,Strongly agree (5),Strongly disagree       (1),"Filled with wonder, amazed,Moved, touched,Enchanted, in awe,Powerful, strong,Full of tenderness, warmhearted,Relaxed, peaceful",681b72a2c71900147281b597,"As you sit outside on your lunch break, you hear amazing music drifting in from a nearby building. While admiring the graceful nature of the music itself, you notice how it intensifies your lunch break into a unique and lasting experience.",12
2025-09-09 11:20:51,2025-09-09 11:24:07,IP Address,100,196,True,2025-09-09 11:24:07,R_2Egv6sjoL6B1zLP,anonymous,EN,5a9fa90f873cda00010d29d8,Yes,26,Male,Nonmusician,2,2,4,Strongly agree (5),Strongly agree (5),Strongly agree (5),Strongly agree (5),Strongly agree (5),Strongly agree (5),Strongly agree (5),Strongly agree (5),Strongly agree (5),Strongly agree (5),2,2,2,Strongly disagree       (1),2,4,Strongly agree (5),4,Strongly agree (5),Strongly agree (5),Strongly agree (5),4,Strongly agree (5),Strongly agree (5),Strongly agree (5),Strongly disagree       (1),4,Strongly disagree       (1),Strongly agree (5),Strongly agree (5),4,4,Strongly disagree       (1),"Melancholic, sad",5a9fa90f873cda00010d29d8,"You have just been told that you didn’t get the job you applied for. To handle the news, you turn to music to provide a sense of support as you manage your thoughts.",8
2025-09-09 11:19:48,2025-09-09 11:24:08,IP Address,100,260,True,2025-09-09 11:24:08,R_2er6blukj8rcAW7,anonymous,EN,6158efbedd66f692c944fd9e,Yes,27,Female,Music-loving nonmusician,Strongly agree (5),4,4,Strongly disagree       (1),4,2,4,4,4,3,4,4,2,2,4,2,2,4,Strongly agree (5),4,2,Strongly agree (5),Strongly agree (5),4,4,Strongly agree (5),4,4,3,2,4,4,Strongly agree (5),4,2,Strongly disagree       (1),"Moved, touched,Enchanted, in awe,Joyful, wanting to dance,Relaxed, peaceful",6158efbedd66f692c944fd9e,"While listening to a playlist, you come across a song that deeply resonates with what you are experiencing. It communicated something about yourself that you’ve struggled to explain to others.",9
2025-09-09 11:21:14,2025-09-09 11:24:09,IP Address,100,175,True,2025-09-09 11:24:09,R_8rw4T4WTMSCFiI4,anonymous,EN,6760580a076f255d33dcf1ae,Yes,19,Male,Music-loving nonmusician,4,4,Strongly agree (5),4,3,4,4,4,4,4,4,4,3,3,4,4,4,3,3,4,3,4,4,4,3,3,3,3,3,4,4,4,4,4,Strongly agree (5),Strongly disagree       (1),"Filled with wonder, amazed,Moved, touched,Enchanted, in awe,Energetic, lively,Powerful, strong",6760580a076f255d33dcf1ae,"Halfway through a concert, you realise you have been fully absorbed in the power and meaning of the music. It feels as if the music has taken you into a transcendent experience, which is exactly what you hoped for before the concert.",10
2025-09-09 11:21:06,2025-09-09 11:24:19,IP Address,100,192,True,2025-09-09 11:24:20,R_81NqfzIzHp46q56,anonymous,EN,5dbf261c3b89f23ccd3007af,Yes,38,Male,Music-loving nonmusician,3,3,Strongly disagree       (1),2,Strongly disagree       (1),Strongly disagree       (1),Strongly disagree       (1),Strongly disagree       (1),Strongly disagree       (1),2,2,2,2,2,2,Strongly disagree       (1),Strongly disagree       (1),2,Strongly disagree       (1),Strongly disagree       (1),Strongly disagree       (1),Strongly disagree       (1),Strongly disagree       (1),Strongly disagree       (1),Strongly disagree       (1),Strongly disagree       (1),2,Strongly disagree       (1),Strongly disagree       (1),Strongly disagree       (1),2,2,3,Strongly disagree       (1),2,Strongly disagree       (1),"Melancholic, sad",5dbf261c3b89f23ccd3007af,"While listening to a playlist, you come across a song that deeply resonates with what you are experiencing. It communicated something about yourself that you’ve struggled to explain to others.",9
2025-09-09 11:21:00,2025-09-09 11:24:24,IP Address,100,203,True,2025-09-09 11:24:24,R_2FMdag44YgnmLW9,anonymous,EN,57d0db6cf7bcd90001cd47bc,Yes,51,Male,Nonmusician,Strongly agree (5),Strongly agree (5),Strongly agree (5),3,4,3,3,3,3,3,Strongly agree (5),4,3,4,4,3,3,3,4,4,Strongly agree (5),4,4,4,3,4,3,3,4,4,4,Strongly agree (5),Strongly agree (5),3,3,Strongly disagree       (1),"Inspired, enthusiastic,Energetic, lively,Nostalgic, sentimental",57d0db6cf7bcd90001cd47bc,"While with your friends at a cafe, a particular song comes on. You instantly recognise the music from your past, leading to an exchange of stories about your experiences together.",6
2025-09-09 11:21:58,2025-09-09 11:24:26,IP Address,100,148,True,2025-09-09 11:24:27,R_2WuyW0XM7mphIsh,anonymous,EN,676580fa5bded2910a43ed67,Yes,22,Male,Nonmusician,4,4,4,4,3,3,2,4,3,Strongly agree (5),4,4,4,4,3,4,4,4,3,4,4,3,4,3,4,3,4,3,2,Strongly disagree       (1),3,3,3,4,3,3,"Filled with wonder, amazed,Joyful, wanting to dance,Powerful, strong,Relaxed, peaceful",676580fa5bded2910a43ed67,You are attending a celebration where music is the heart of the party. You are able to join in the fun which is aided by the music throughout the event.,1
2025-09-09 11:21:39,2025-09-09 11:24:27,IP Address,100,167,True,2025-09-09 11:24:27,R_8qaP6gV2jLVAKtO,anonymous,EN,5eb82e4312c92a06cac8dcc1,Yes,56,Male,Nonmusician,3,Strongly agree (5),4,4,2,Strongly agree (5),Strongly agree (5),Strongly agree (5),Strongly agree (5),4,Strongly disagree       (1),3,2,2,2,4,2,2,3,4,4,4,Strongly agree (5),4,Strongly disagree       (1),Strongly disagree       (1),Strongly disagree       (1),Strongly agree (5),Strongly agree (5),Strongly agree (5),3,4,4,Strongly agree (5),3,Strongly disagree       (1),"Moved, touched,Inspired, enthusiastic,Full of tenderness, warmhearted,Relaxed, peaceful,Nostalgic, sentimental",5eb82e4312c92a06cac8dcc1,"After a long and demanding week, you take time to rest by listening to music. The stress melts away and you start to recover as you listen along.",3
2025-09-09 11:20:50,2025-09-09 11:24:27,IP Address,100,216,True,2025-09-09 11:24:27,R_81DjOJqRTK15A2t,anonymous,EN,5f72ef4d071d430009ec2fee,Yes,43,Male,Music-loving nonmusician,4,4,Strongly agree (5),4,2,4,3,2,2,Strongly agree (5),Strongly agree (5),Strongly agree (5),Strongly agree (5),Strongly agree (5),4,4,2,3,4,2,4,3,3,2,4,4,4,2,2,Strongly disagree       (1),2,3,4,3,3,Strongly disagree       (1),"Inspired, enthusiastic,Energetic, lively,Powerful, strong",5f72ef4d071d430009ec2fee,In order to get ready to exercise you decide to put on music which gives you the right frame of mind.,4
2025-09-09 11:13:28,2025-09-09 11:24:28,IP Address,100,660,True,2025-09-09 11:24:29,R_2QVKbhEdegcJScn,anonymous,EN,5eadc384e00264461f74d7c8,Yes,51,Female,Music-loving nonmusician,Strongly agree (5),4,3,4,4,2,Strongly agree (5),2,2,Strongly agree (5),3,4,4,4,Strongly agree (5),3,4,Strongly agree (5),4,Strongly agree (5),4,3,Strongly agree (5),4,4,4,4,3,4,Strongly agree (5),4,4,Strongly agree (5),3,3,Strongly disagree       (1),"Inspired, enthusiastic,Energetic, lively,Powerful, strong",5eadc384e00264461f74d7c8,"You have an intricate task that requires your attention. To put your mind to it, you turn on a specific music playlist.",5
2025-09-09 11:22:01,2025-09-09 11:24:29,IP Address,100,147,True,2025-09-09 11:24:29,R_2Fs9VI1o9l9tqCq,anonymous,EN,5ea9a6a68db51d0dfd2edfe2,Yes,35,Male,Serious amateur musician,4,4,4,4,Strongly agree (5),Strongly agree (5),4,3,3,3,4,4,4,4,4,4,4,4,4,4,4,4,4,4,4,2,4,4,4,4,4,4,4,4,4,Strongly disagree       (1),"Filled with wonder, amazed,Moved, touched,Enchanted, in awe,Inspired, enthusiastic",5ea9a6a68db51d0dfd2edfe2,"Halfway through a concert, you realise you have been fully absorbed in the power and meaning of the music. It feels as if the music has taken you into a transcendent experience, which is exactly what you hoped for before the concert.",10
2025-09-09 11:22:19,2025-09-09 11:24:31,IP Address,100,132,True,2025-09-09 11:24:32,R_2Rh1wLy6SMVfun9,anonymous,EN,57c74977b23f0e000182dc3f,Yes,35,Female,Amateur musician,Strongly agree (5),Strongly agree (5),Strongly agree (5),Strongly agree (5),Strongly agree (5),Strongly agree (5),Strongly agree (5),Strongly agree (5),Strongly agree (5),Strongly agree (5),Strongly agree (5),Strongly agree (5),Strongly agree (5),Strongly agree (5),Strongly agree (5),3,3,Strongly disagree       (1),Strongly agree (5),Strongly agree (5),Strongly agree (5),Strongly agree (5),Strongly agree (5),Strongly agree (5),Strongly agree (5),3,Strongly agree (5),3,4,Strongly agree (5),Strongly agree (5),Strongly agree (5),Strongly agree (5),Strongly agree (5),4,Strongly disagree       (1),"Filled with wonder, amazed,Moved, touched,Enchanted, in awe,Inspired, enthusiastic,Energetic, lively,Joyful, wanting to dance,Powerful, strong,Full of tenderness, warmhearted,Relaxed, peaceful,Nostalgic, sentimental",57c74977b23f0e000182dc3f,"As you sit outside on your lunch break, you hear amazing music drifting in from a nearby building. While admiring the graceful nature of the music itself, you notice how it intensifies your lunch break into a unique and lasting experience.",12
2025-09-09 11:21:15,2025-09-09 11:24:38,IP Address,100,203,True,2025-09-09 11:24:38,R_8I3LYkV0JGMXWLg,anonymous,EN,5d07fc124e753800168ccafe,Yes,23,Male,Music-loving nonmusician,4,Strongly agree (5),4,4,4,Strongly agree (5),Strongly agree (5),4,4,2,3,4,3,4,4,2,3,2,3,3,4,4,4,4,4,4,2,2,3,2,4,4,4,4,4,Strongly disagree       (1),"Moved, touched,Powerful, strong",5d07fc124e753800168ccafe,"While listening to a playlist, you come across a song that deeply resonates with what you are experiencing. It communicated something about yourself that you’ve struggled to explain to others.",9
2025-09-09 11:18:02,2025-09-09 11:24:40,IP Address,100,397,True,2025-09-09 11:24:40,R_8Nzi3JjI77yLGj2,anonymous,EN,5c2e322b86f8be000162051d,Yes,39,Female,Serious amateur musician,Strongly agree (5),Strongly agree (5),4,2,4,4,Strongly agree (5),4,Strongly agree (5),3,3,4,3,4,4,4,4,3,4,4,4,Strongly agree (5),Strongly agree (5),Strongly agree (5),4,Strongly agree (5),Strongly agree (5),2,Strongly disagree       (1),3,4,4,Strongly agree (5),Strongly agree (5),4,Strongly disagree       (1),"Filled with wonder, amazed,Moved, touched,Enchanted, in awe,Inspired, enthusiastic,Powerful, strong,Nostalgic, sentimental",5c2e322b86f8be000162051d,"While listening to a playlist, you come across a song that deeply resonates with what you are experiencing. It communicated something about yourself that you’ve struggled to explain to others.",9
2025-09-09 11:19:08,2025-09-09 11:24:41,IP Address,100,332,True,2025-09-09 11:24:41,R_8PcPGT4fqD0QhEL,anonymous,EN,66a8d816cf36ee2611136029,Yes,53,Female,Music-loving nonmusician,4,Strongly agree (5),4,Strongly agree (5),Strongly agree (5),Strongly agree (5),Strongly agree (5),Strongly agree (5),4,4,3,4,4,4,Strongly agree (5),Strongly agree (5),Strongly agree (5),Strongly agree (5),3,4,4,Strongly agree (5),4,Strongly agree (5),4,4,3,3,2,3,Strongly agree (5),4,Strongly agree (5),Strongly agree (5),Strongly agree (5),Strongly disagree       (1),"Filled with wonder, amazed,Inspired, enthusiastic,Energetic, lively,Joyful, wanting to dance",66a8d816cf36ee2611136029,You are attending a celebration where music is the heart of the party. You are able to join in the fun which is aided by the music throughout the event.,1
2025-09-09 11:22:12,2025-09-09 11:24:43,IP Address,100,151,True,2025-09-09 11:24:44,R_216zh70ouqfHOoi,anonymous,EN,5ecc16488c01ab7c7a8978ea,Yes,30,Female,Music-loving nonmusician,4,4,Strongly agree (5),Strongly agree (5),4,4,2,4,4,Strongly agree (5),Strongly agree (5),Strongly agree (5),Strongly agree (5),Strongly agree (5),Strongly agree (5),2,Strongly disagree       (1),2,3,3,2,4,4,4,2,4,4,Strongly disagree       (1),Strongly disagree       (1),Strongly disagree       (1),Strongly disagree       (1),2,3,Strongly disagree       (1),2,Strongly disagree       (1),"Tense, uneasy",5ecc16488c01ab7c7a8978ea,It was pointed out that you missed an important detail in your work which you now have to redo. You put on a music playlist to drown out self-criticism as you fix the mistake.,2
2025-09-09 11:22:31,2025-09-09 11:24:52,IP Address,100,140,True,2025-09-09 11:24:53,R_866WHkt8ptxvSkF,anonymous,EN,5eb05ee34ca8a81042c289ab,Yes,34,Female,Music-loving nonmusician,Strongly agree (5),Strongly agree (5),Strongly agree (5),Strongly agree (5),Strongly agree (5),4,Strongly agree (5),Strongly agree (5),Strongly agree (5),Strongly disagree       (1),3,Strongly disagree       (1),Strongly agree (5),Strongly agree (5),Strongly agree (5),4,3,4,Strongly agree (5),Strongly agree (5),Strongly agree (5),Strongly agree (5),Strongly agree (5),Strongly agree (5),Strongly agree (5),Strongly agree (5),Strongly agree (5),3,3,3,Strongly agree (5),Strongly agree (5),Strongly agree (5),Strongly agree (5),3,Strongly disagree       (1),"Joyful, wanting to dance,Relaxed, peaceful,Nostalgic, sentimental",5eb05ee34ca8a81042c289ab,"After a long and demanding week, you take time to rest by listening to music. The stress melts away and you start to recover as you listen along.",3
2025-09-09 11:22:43,2025-09-09 11:24:55,IP Address,100,131,True,2025-09-09 11:24:55,R_8FPNAXvIJhGdj6f,anonymous,EN,5eb5a8cb24edf10dc07e97c0,Yes,33,Female,Music-loving nonmusician,Strongly agree (5),Strongly agree (5),Strongly agree (5),Strongly agree (5),Strongly agree (5),Strongly agree (5),3,3,Strongly agree (5),Strongly agree (5),Strongly agree (5),Strongly agree (5),Strongly agree (5),Strongly agree (5),Strongly agree (5),3,2,2,Strongly agree (5),4,4,3,Strongly agree (5),3,3,2,Strongly agree (5),2,2,2,3,4,4,4,3,Strongly disagree       (1),"Joyful, wanting to dance,Powerful, strong",5eb5a8cb24edf10dc07e97c0,In order to get ready to exercise you decide to put on music which gives you the right frame of mind.,4
2025-09-09 11:20:49,2025-09-09 11:24:55,IP Address,100,245,True,2025-09-09 11:24:55,R_80U0Fe3aTZAAv7Z,anonymous,EN,6658b1d67df7606690e4d6da,Yes,37,Female,Music-loving nonmusician,Strongly agree (5),Strongly agree (5),4,4,3,3,4,3,4,Strongly agree (5),4,Strongly agree (5),4,Strongly agree (5),Strongly agree (5),Strongly agree (5),Strongly agree (5),4,Strongly agree (5),Strongly agree (5),Strongly agree (5),4,4,Strongly agree (5),Strongly agree (5),3,4,2,Strongly disagree       (1),2,Strongly agree (5),4,Strongly agree (5),Strongly agree (5),2,Strongly disagree       (1),"Inspired, enthusiastic,Powerful, strong,Relaxed, peaceful",6658b1d67df7606690e4d6da,"As you travel alone for an extended period, you put on your partner’s favourite music. The music makes you feel as if they are there with you.",7
2025-09-09 11:21:48,2025-09-09 11:24:57,IP Address,100,189,True,2025-09-09 11:24:58,R_27s3Ggkd8MhggtX,anonymous,EN,5d8125f63d05eb0001731115,Yes,35,Female,Music-loving nonmusician,4,Strongly agree (5),Strongly agree (5),4,4,3,3,4,3,3,4,4,3,3,3,4,4,3,3,3,3,Strongly agree (5),Strongly agree (5),Strongly agree (5),4,Strongly agree (5),Strongly agree (5),4,4,Strongly agree (5),Strongly agree (5),Strongly agree (5),Strongly agree (5),Strongly agree (5),4,Strongly disagree       (1),"Moved, touched,Enchanted, in awe,Inspired, enthusiastic",5d8125f63d05eb0001731115,"As you sit outside on your lunch break, you hear amazing music drifting in from a nearby building. While admiring the graceful nature of the music itself, you notice how it intensifies your lunch break into a unique and lasting experience.",12
2025-09-09 11:19:46,2025-09-09 11:24:58,IP Address,100,311,True,2025-09-09 11:24:58,R_2PnHZO09VfTQ2T4,anonymous,EN,5a85b865eea3d300016e6e0f,Yes,59,Female,Music-loving nonmusician,Strongly agree (5),Strongly agree (5),4,3,3,2,4,4,4,2,4,3,4,3,4,4,3,3,4,4,4,3,4,4,3,3,4,2,3,2,3,3,4,4,3,Strongly disagree       (1),"Moved, touched,Relaxed, peaceful,Melancholic, sad,Nostalgic, sentimental",5a85b865eea3d300016e6e0f,"As you travel alone for an extended period, you put on your partner’s favourite music. The music makes you feel as if they are there with you.",7
2025-09-09 11:21:53,2025-09-09 11:24:58,IP Address,100,185,True,2025-09-09 11:24:58,R_2OeKj44i1uX6XaV,anonymous,EN,639762efb285e1d3b801de17,Yes,54,Male,Music-loving nonmusician,4,4,4,3,2,3,3,3,4,4,3,3,4,4,4,4,4,4,3,2,3,4,4,4,4,3,3,3,3,3,3,3,4,4,3,Strongly disagree       (1),"Inspired, enthusiastic,Energetic, lively,Joyful, wanting to dance,Nostalgic, sentimental",639762efb285e1d3b801de17,"While with your friends at a cafe, a particular song comes on. You instantly recognise the music from your past, leading to an exchange of stories about your experiences together.",6
2025-09-09 11:21:21,2025-09-09 11:25:09,IP Address,100,228,True,2025-09-09 11:25:09,R_8w5IexPt93f2OBx,anonymous,EN,664a246302d643b16e5b07db,Yes,27,Female,Music-loving nonmusician,2,3,2,3,2,2,2,2,3,2,3,2,3,3,2,3,3,4,2,3,4,2,3,2,2,2,2,Strongly disagree       (1),2,Strongly disagree       (1),2,4,3,2,2,Strongly disagree       (1),"Full of tenderness, warmhearted,Relaxed, peaceful,Melancholic, sad,Nostalgic, sentimental",664a246302d643b16e5b07db,"As you travel alone for an extended period, you put on your partner’s favourite music. The music makes you feel as if they are there with you.",7
2025-09-09 11:23:03,2025-09-09 11:25:09,IP Address,100,126,True,2025-09-09 11:25:09,R_2jwHykGqmubKaNO,anonymous,EN,64455cfdcc83f30266ad2345,Yes,50,Male,Music-loving nonmusician,Strongly agree (5),Strongly agree (5),Strongly agree (5),Strongly agree (5),Strongly agree (5),Strongly agree (5),Strongly agree (5),Strongly agree (5),Strongly agree (5),Strongly agree (5),Strongly agree (5),Strongly agree (5),Strongly agree (5),Strongly agree (5),Strongly agree (5),3,3,3,Strongly disagree       (1),3,Strongly agree (5),Strongly agree (5),Strongly agree (5),Strongly agree (5),Strongly agree (5),Strongly agree (5),Strongly agree (5),Strongly agree (5),Strongly agree (5),Strongly agree (5),3,3,Strongly agree (5),Strongly agree (5),3,Strongly disagree       (1),"Nostalgic, sentimental,Indifferent, bored",64455cfdcc83f30266ad2345,It was pointed out that you missed an important detail in your work which you now have to redo. You put on a music playlist to drown out self-criticism as you fix the mistake.,2
2025-09-09 11:22:35,2025-09-09 11:25:11,IP Address,100,155,True,2025-09-09 11:25:12,R_2pRS4J0MF6lJZZd,anonymous,EN,65dcb1277d4c8c0b58de2db7,Yes,60,Male,Amateur musician,4,4,3,3,3,2,3,3,2,2,3,3,2,2,3,3,3,3,4,4,3,3,4,3,2,2,3,2,3,3,2,2,3,2,2,Strongly disagree       (1),"Tense, uneasy,Indifferent, bored",65dcb1277d4c8c0b58de2db7,It was pointed out that you missed an important detail in your work which you now have to redo. You put on a music playlist to drown out self-criticism as you fix the mistake.,2
2025-09-09 11:20:02,2025-09-09 11:25:13,IP Address,100,311,True,2025-09-09 11:25:13,R_8TS29AW3bFkpTCA,anonymous,EN,669ccec35c9a0ab8c376a0ae,Yes,36,Male,Nonmusician,3,4,3,4,4,2,Strongly agree (5),3,Strongly agree (5),Strongly agree (5),4,4,Strongly agree (5),Strongly agree (5),Strongly agree (5),2,3,2,3,4,4,3,4,Strongly agree (5),3,4,4,3,3,3,3,3,4,4,3,Strongly disagree       (1),"Filled with wonder, amazed,Inspired, enthusiastic,Powerful, strong",669ccec35c9a0ab8c376a0ae,"You have an intricate task that requires your attention. To put your mind to it, you turn on a specific music playlist.",5
2025-09-09 11:22:32,2025-09-09 11:25:15,IP Address,100,162,True,2025-09-09 11:25:15,R_2w7iVxy5ix958QU,anonymous,EN,62eae330e31dcc26183e2987,Yes,53,Female,Serious amateur musician,Strongly agree (5),3,4,Strongly agree (5),Strongly agree (5),Strongly agree (5),4,Strongly agree (5),Strongly agree (5),2,Strongly disagree       (1),3,2,Strongly disagree       (1),2,Strongly disagree       (1),Strongly disagree       (1),Strongly disagree       (1),2,Strongly disagree       (1),3,4,4,Strongly agree (5),2,Strongly agree (5),4,Strongly disagree       (1),Strongly disagree       (1),Strongly disagree       (1),Strongly disagree       (1),Strongly disagree       (1),Strongly agree (5),4,2,Strongly disagree       (1),"Relaxed, peaceful,Melancholic, sad",62eae330e31dcc26183e2987,"You have just been told that you didn’t get the job you applied for. To handle the news, you turn to music to provide a sense of support as you manage your thoughts.",8
2025-09-09 11:16:55,2025-09-09 11:25:21,IP Address,100,505,True,2025-09-09 11:25:21,R_8VpP1Fy2GHOnCLf,anonymous,EN,6175c5e3f8c378f922c7c7bd,Yes,47,Male,Nonmusician,4,4,Strongly agree (5),Strongly agree (5),4,4,4,4,4,3,Strongly agree (5),3,3,2,3,3,2,2,4,4,4,3,4,4,2,3,3,Strongly disagree       (1),Strongly disagree       (1),Strongly disagree       (1),2,2,3,2,2,Strongly disagree       (1),"Energetic, lively,Powerful, strong",6175c5e3f8c378f922c7c7bd,"After a long and demanding week, you take time to rest by listening to music. The stress melts away and you start to recover as you listen along.",3
2025-09-09 11:22:57,2025-09-09 11:25:29,IP Address,100,151,True,2025-09-09 11:25:29,R_8AFpuZPCPCUI96k,anonymous,EN,679a0366c8793f4845badfd6,Yes,20,Male,Music-loving nonmusician,4,Strongly agree (5),2,4,3,Strongly agree (5),4,Strongly agree (5),Strongly agree (5),Strongly agree (5),Strongly agree (5),Strongly agree (5),Strongly agree (5),Strongly agree (5),2,Strongly agree (5),Strongly agree (5),Strongly agree (5),4,4,4,3,4,4,3,3,Strongly agree (5),Strongly agree (5),Strongly agree (5),Strongly agree (5),4,3,3,3,4,Strongly disagree       (1),"Filled with wonder, amazed,Moved, touched,Full of tenderness, warmhearted,Relaxed, peaceful",679a0366c8793f4845badfd6,"While out for a walk, you hear a busker playing incredible sounding music you have never discovered before. You are not sure what is attracting your interest to the music but you allow yourself to be taken in by the music and its new emotional direction.",11
2025-09-09 11:22:18,2025-09-09 11:25:30,IP Address,100,192,True,2025-09-09 11:25:31,R_2C7PHuud5YjklBu,anonymous,EN,5b2240df023fe3000150533f,Yes,50,Male,Nonmusician,4,Strongly agree (5),Strongly agree (5),4,Strongly agree (5),4,4,4,4,3,4,3,3,4,Strongly agree (5),3,4,4,Strongly agree (5),Strongly agree (5),Strongly agree (5),Strongly agree (5),Strongly agree (5),Strongly agree (5),4,3,3,4,4,4,4,Strongly agree (5),Strongly agree (5),Strongly agree (5),Strongly agree (5),Strongly disagree       (1),"Moved, touched,Enchanted, in awe,Inspired, enthusiastic,Energetic, lively,Joyful, wanting to dance,Nostalgic, sentimental",5b2240df023fe3000150533f,"While with your friends at a cafe, a particular song comes on. You instantly recognise the music from your past, leading to an exchange of stories about your experiences together.",6
2025-09-09 11:22:24,2025-09-09 11:25:31,IP Address,100,186,True,2025-09-09 11:25:31,R_2qtddV0GpoNm8QV,anonymous,EN,667a7ab2a6179deb78e9dd1a,Yes,54,Male,Music-loving nonmusician,4,Strongly agree (5),3,3,3,3,4,4,4,3,4,3,3,3,3,4,4,3,3,3,4,4,4,4,3,3,3,3,4,4,4,Strongly agree (5),Strongly agree (5),Strongly agree (5),3,Strongly disagree       (1),"Moved, touched,Enchanted, in awe,Powerful, strong,Relaxed, peaceful",667a7ab2a6179deb78e9dd1a,"While out for a walk, you hear a busker playing incredible sounding music you have never discovered before. You are not sure what is attracting your interest to the music but you allow yourself to be taken in by the music and its new emotional direction.",11
2025-09-09 11:21:40,2025-09-09 11:25:33,IP Address,100,232,True,2025-09-09 11:25:33,R_8usv3eT3I1LCEMG,anonymous,EN,59236837989cc20001414f5c,Yes,44,Male,Music-loving nonmusician,Strongly agree (5),4,Strongly agree (5),Strongly agree (5),4,Strongly agree (5),Strongly agree (5),Strongly agree (5),Strongly agree (5),Strongly agree (5),Strongly agree (5),3,4,Strongly agree (5),4,3,3,3,Strongly agree (5),Strongly agree (5),Strongly agree (5),Strongly agree (5),Strongly agree (5),Strongly agree (5),4,3,4,Strongly agree (5),Strongly agree (5),Strongly agree (5),Strongly agree (5),3,4,4,Strongly agree (5),Strongly disagree       (1),"Relaxed, peaceful",59236837989cc20001414f5c,You are attending a celebration where music is the heart of the party. You are able to join in the fun which is aided by the music throughout the event.,1
2025-09-09 11:21:12,2025-09-09 11:25:37,IP Address,100,264,True,2025-09-09 11:25:37,R_2qsV7TW4RYimAeR,anonymous,EN,67293edc2ff48428040a39a5,Yes,46,Female,Music-loving nonmusician,Strongly agree (5),Strongly agree (5),Strongly agree (5),Strongly agree (5),Strongly agree (5),Strongly agree (5),Strongly agree (5),4,Strongly agree (5),4,4,Strongly agree (5),Strongly agree (5),4,Strongly agree (5),3,3,3,Strongly agree (5),Strongly agree (5),Strongly agree (5),Strongly agree (5),Strongly agree (5),Strongly agree (5),3,3,3,3,3,4,3,3,Strongly agree (5),Strongly agree (5),4,Strongly disagree       (1),"Filled with wonder, amazed,Moved, touched,Enchanted, in awe,Energetic, lively,Powerful, strong,Full of tenderness, warmhearted,Relaxed, peaceful,Nostalgic, sentimental",67293edc2ff48428040a39a5,"While out for a walk, you hear a busker playing incredible sounding music you have never discovered before. You are not sure what is attracting your interest to the music but you allow yourself to be taken in by the music and its new emotional direction.",11
2025-09-09 11:20:41,2025-09-09 11:25:39,IP Address,100,298,True,2025-09-09 11:25:40,R_8lz8Te59xTrL2hi,anonymous,EN,5d86fbe77e54b0001a80fd8b,Yes,40,Female,Music-loving nonmusician,4,3,2,4,Strongly disagree       (1),4,3,4,3,2,2,3,3,2,3,4,2,2,Strongly agree (5),Strongly agree (5),Strongly agree (5),Strongly agree (5),4,Strongly agree (5),Strongly disagree       (1),3,2,2,Strongly disagree       (1),Strongly disagree       (1),2,2,3,4,Strongly disagree       (1),Strongly disagree       (1),"Full of tenderness, warmhearted,Relaxed, peaceful,Nostalgic, sentimental",5d86fbe77e54b0001a80fd8b,"As you travel alone for an extended period, you put on your partner’s favourite music. The music makes you feel as if they are there with you.",7
2025-09-09 11:22:27,2025-09-09 11:25:40,IP Address,100,192,True,2025-09-09 11:25:40,R_2ndOCDvPwLtXwv1,anonymous,EN,5f1ef6cd5391ec0638385f38,Yes,41,Female,Amateur musician,3,Strongly disagree       (1),Strongly disagree       (1),Strongly disagree       (1),Strongly disagree       (1),Strongly disagree       (1),2,2,2,2,2,Strongly disagree       (1),2,2,2,Strongly disagree       (1),Strongly disagree       (1),2,3,3,3,2,2,2,Strongly disagree       (1),Strongly disagree       (1),2,Strongly disagree       (1),Strongly disagree       (1),2,2,Strongly disagree       (1),2,Strongly disagree       (1),2,Strongly disagree       (1),"Indifferent, bored",5f1ef6cd5391ec0638385f38,"As you travel alone for an extended period, you put on your partner’s favourite music. The music makes you feel as if they are there with you.",7
2025-09-09 11:22:07,2025-09-09 11:25:40,IP Address,100,213,True,2025-09-09 11:25:40,R_2H2xmuioZyps6KP,anonymous,EN,59479251f236120001ecf9a2,Yes,56,Male,Nonmusician,4,4,4,Strongly agree (5),Strongly agree (5),2,4,4,4,3,4,3,3,3,4,2,3,3,4,Strongly agree (5),Strongly agree (5),4,4,4,3,4,4,3,2,2,4,4,4,4,3,Strongly disagree       (1),"Moved, touched,Energetic, lively,Joyful, wanting to dance,Relaxed, peaceful",59479251f236120001ecf9a2,"As you sit outside on your lunch break, you hear amazing music drifting in from a nearby building. While admiring the graceful nature of the music itself, you notice how it intensifies your lunch break into a unique and lasting experience.",12
2025-09-09 11:23:00,2025-09-09 11:25:43,IP Address,100,162,True,2025-09-09 11:25:43,R_2mBNtgYUt8yhBtv,anonymous,EN,5a9ad69adbdb470001eee577,Yes,42,Female,Music-loving nonmusician,Strongly agree (5),Strongly agree (5),3,3,2,3,3,3,3,3,4,3,2,2,3,3,2,3,3,4,3,3,3,3,2,3,3,Strongly disagree       (1),Strongly disagree       (1),2,Strongly agree (5),Strongly agree (5),4,4,3,Strongly disagree       (1),"Full of tenderness, warmhearted",5a9ad69adbdb470001eee577,"While out for a walk, you hear a busker playing incredible sounding music you have never discovered before. You are not sure what is attracting your interest to the music but you allow yourself to be taken in by the music and its new emotional direction.",11
2025-09-09 11:21:43,2025-09-09 11:25:48,IP Address,100,244,True,2025-09-09 11:25:48,R_8dvIhy9lTi9Sqyd,anonymous,EN,5d89fa922e2fd200012b81bc,Yes,40,Female,Music-loving nonmusician,2,Strongly agree (5),Strongly agree (5),Strongly disagree       (1),Strongly disagree       (1),Strongly disagree       (1),3,3,Strongly agree (5),Strongly agree (5),Strongly agree (5),3,2,Strongly agree (5),Strongly disagree       (1),Strongly agree (5),Strongly agree (5),Strongly agree (5),2,2,2,Strongly disagree       (1),3,Strongly agree (5),Strongly agree (5),Strongly agree (5),Strongly disagree       (1),Strongly disagree       (1),Strongly disagree       (1),Strongly disagree       (1),4,4,Strongly agree (5),Strongly agree (5),3,Strongly disagree       (1),"Inspired, enthusiastic,Energetic, lively,Full of tenderness, warmhearted,Relaxed, peaceful,Nostalgic, sentimental",5d89fa922e2fd200012b81bc,"While with your friends at a cafe, a particular song comes on. You instantly recognise the music from your past, leading to an exchange of stories about your experiences together.",6
2025-09-09 11:21:59,2025-09-09 11:25:51,IP Address,100,231,True,2025-09-09 11:25:52,R_8L15N5KxLalq08a,anonymous,EN,5bd075779afb5b00015b6791,Yes,50,Male,Music-loving nonmusician,Strongly agree (5),Strongly agree (5),Strongly agree (5),4,Strongly disagree       (1),3,3,4,Strongly agree (5),3,Strongly agree (5),2,2,4,4,Strongly agree (5),4,4,4,3,Strongly disagree       (1),4,2,3,4,3,2,2,Strongly disagree       (1),2,2,2,2,3,3,Strongly disagree       (1),"Inspired, enthusiastic,Energetic, lively,Joyful, wanting to dance",5bd075779afb5b00015b6791,You are attending a celebration where music is the heart of the party. You are able to join in the fun which is aided by the music throughout the event.,1
2025-09-09 11:22:06,2025-09-09 11:25:58,IP Address,100,231,True,2025-09-09 11:25:59,R_2H7u1pgHYNDFGY4,anonymous,EN,5c63e773f9b6300001c9ce20,Yes,35,Female,Music-loving nonmusician,Strongly agree (5),Strongly agree (5),4,4,Strongly agree (5),4,4,4,4,3,4,3,3,3,3,3,3,3,Strongly agree (5),Strongly agree (5),3,Strongly agree (5),Strongly agree (5),Strongly agree (5),Strongly agree (5),Strongly agree (5),Strongly agree (5),Strongly agree (5),4,4,3,3,Strongly agree (5),Strongly agree (5),4,Strongly disagree       (1),"Moved, touched,Melancholic, sad,Nostalgic, sentimental",5c63e773f9b6300001c9ce20,"While listening to a playlist, you come across a song that deeply resonates with what you are experiencing. It communicated something about yourself that you’ve struggled to explain to others.",9
2025-09-09 11:21:23,2025-09-09 11:26:03,IP Address,100,280,True,2025-09-09 11:26:04,R_8ArneS4g7oZtqal,anonymous,EN,5dee651e58776a51569d31f3,Yes,52,Female,Music-loving nonmusician,Strongly agree (5),Strongly agree (5),Strongly agree (5),4,4,4,3,4,Strongly agree (5),3,Strongly agree (5),3,3,3,4,2,2,2,2,3,2,4,4,4,3,Strongly agree (5),4,2,2,2,2,2,4,2,3,Strongly disagree       (1),"Agitated, aggressive",5dee651e58776a51569d31f3,"You have just been told that you didn’t get the job you applied for. To handle the news, you turn to music to provide a sense of support as you manage your thoughts.",8
2025-09-09 11:20:19,2025-09-09 11:26:05,IP Address,100,346,True,2025-09-09 11:26:05,R_8c8fxbJVXucChU1,anonymous,EN,597c4133cae3340001135a72,Yes,48,Male,Music-loving nonmusician,Strongly agree (5),Strongly agree (5),Strongly agree (5),Strongly agree (5),3,4,Strongly agree (5),Strongly agree (5),Strongly agree (5),Strongly agree (5),Strongly agree (5),4,Strongly agree (5),Strongly agree (5),Strongly agree (5),Strongly agree (5),Strongly agree (5),Strongly agree (5),Strongly agree (5),Strongly agree (5),Strongly agree (5),Strongly agree (5),Strongly agree (5),Strongly agree (5),3,Strongly agree (5),3,4,4,Strongly agree (5),Strongly agree (5),Strongly agree (5),Strongly agree (5),Strongly agree (5),Strongly agree (5),Strongly disagree       (1),"Enchanted, in awe,Powerful, strong,Relaxed, peaceful,Nostalgic, sentimental",597c4133cae3340001135a72,"While out for a walk, you hear a busker playing incredible sounding music you have never discovered before. You are not sure what is attracting your interest to the music but you allow yourself to be taken in by the music and its new emotional direction.",11
2025-09-09 11:22:38,2025-09-09 11:26:07,IP Address,100,208,True,2025-09-09 11:26:08,R_2JyDCKO2pCIo49v,anonymous,EN,5ef07f0ba383185b3570273e,Yes,51,Female,Amateur musician,4,4,4,4,4,4,3,3,4,4,Strongly agree (5),4,Strongly agree (5),3,4,3,3,3,4,4,4,3,4,4,3,4,3,2,2,3,2,2,4,4,2,Strongly disagree       (1),"Inspired, enthusiastic,Energetic, lively,Joyful, wanting to dance,Powerful, strong",5ef07f0ba383185b3570273e,"You have an intricate task that requires your attention. To put your mind to it, you turn on a specific music playlist.",5
2025-09-09 11:12:37,2025-09-09 11:26:09,IP Address,100,811,True,2025-09-09 11:26:09,R_8EjsCkZzhOrZzkg,anonymous,EN,5c3cdb89c2d0b700017c6851,Yes,34,Female,Music-loving nonmusician,Strongly agree (5),Strongly agree (5),Strongly agree (5),Strongly agree (5),Strongly agree (5),2,Strongly agree (5),Strongly agree (5),Strongly agree (5),Strongly agree (5),Strongly agree (5),Strongly agree (5),Strongly agree (5),Strongly agree (5),Strongly agree (5),4,2,4,Strongly agree (5),Strongly agree (5),Strongly agree (5),Strongly agree (5),Strongly agree (5),Strongly agree (5),Strongly agree (5),Strongly agree (5),Strongly agree (5),4,4,4,Strongly agree (5),Strongly agree (5),Strongly agree (5),Strongly agree (5),4,Strongly disagree       (1),"Filled with wonder, amazed,Moved, touched,Enchanted, in awe,Inspired, enthusiastic,Energetic, lively,Joyful, wanting to dance,Powerful, strong,Full of tenderness, warmhearted,Relaxed, peaceful",5c3cdb89c2d0b700017c6851,"As you travel alone for an extended period, you put on your partner’s favourite music. The music makes you feel as if they are there with you.",7
2025-09-09 11:23:12,2025-09-09 11:26:15,IP Address,100,182,True,2025-09-09 11:26:15,R_2POmruCmWYVGtBP,anonymous,EN,67838f3e71616a9dcc042173,Yes,57,Female,Music-loving nonmusician,4,4,4,3,4,4,Strongly disagree       (1),3,2,4,Strongly agree (5),4,4,4,4,4,3,3,4,4,4,4,3,3,4,4,Strongly agree (5),3,3,3,4,4,2,4,3,Strongly disagree       (1),"Inspired, enthusiastic,Energetic, lively,Joyful, wanting to dance,Powerful, strong",67838f3e71616a9dcc042173,In order to get ready to exercise you decide to put on music which gives you the right frame of mind.,4
2025-09-09 11:22:54,2025-09-09 11:26:18,IP Address,100,203,True,2025-09-09 11:26:18,R_2LeCtqaIJlSVqPJ,anonymous,EN,6772a1d3faf7d2c4cd4e9f61,Yes,51,Male,Music-loving nonmusician,Strongly agree (5),Strongly agree (5),Strongly agree (5),4,3,Strongly agree (5),3,3,3,4,4,Strongly agree (5),3,Strongly agree (5),4,Strongly agree (5),3,4,3,3,3,4,4,3,3,Strongly agree (5),4,4,4,Strongly agree (5),4,4,4,4,4,Strongly disagree       (1),"Filled with wonder, amazed,Moved, touched,Powerful, strong,Melancholic, sad,Nostalgic, sentimental",6772a1d3faf7d2c4cd4e9f61,"Halfway through a concert, you realise you have been fully absorbed in the power and meaning of the music. It feels as if the music has taken you into a transcendent experience, which is exactly what you hoped for before the concert.",10
2025-09-09 11:14:54,2025-09-09 11:26:18,IP Address,100,683,True,2025-09-09 11:26:18,R_2G7jN0EV8OP07fi,anonymous,EN,6658c369bc36ded0ffe472b8,Yes,38,Female,Nonmusician,Strongly agree (5),Strongly agree (5),Strongly agree (5),Strongly agree (5),4,Strongly agree (5),Strongly agree (5),4,4,4,Strongly agree (5),Strongly agree (5),4,2,3,3,3,4,3,3,2,3,Strongly agree (5),Strongly agree (5),2,Strongly agree (5),4,3,2,3,3,3,4,Strongly agree (5),4,Strongly disagree       (1),"Powerful, strong,Tense, uneasy,Melancholic, sad",6658c369bc36ded0ffe472b8,"You have just been told that you didn’t get the job you applied for. To handle the news, you turn to music to provide a sense of support as you manage your thoughts.",8
2025-09-09 11:21:53,2025-09-09 11:26:18,IP Address,100,265,True,2025-09-09 11:26:19,R_8Reaf1sp1tDyMHy,anonymous,EN,5c5c8b70758f310001ed429a,Yes,54,Male,Music-loving nonmusician,Strongly agree (5),4,4,4,4,4,Strongly agree (5),Strongly agree (5),Strongly agree (5),4,4,4,4,4,4,3,3,3,4,4,4,Strongly agree (5),4,Strongly agree (5),4,4,3,3,3,3,4,4,Strongly agree (5),4,4,Strongly disagree       (1),"Filled with wonder, amazed,Inspired, enthusiastic,Energetic, lively,Full of tenderness, warmhearted,Relaxed, peaceful,Nostalgic, sentimental",5c5c8b70758f310001ed429a,"While out for a walk, you hear a busker playing incredible sounding music you have never discovered before. You are not sure what is attracting your interest to the music but you allow yourself to be taken in by the music and its new emotional direction.",11
2025-09-09 11:21:25,2025-09-09 11:26:22,IP Address,100,297,True,2025-09-09 11:26:22,R_2Voje7i4bExxryx,anonymous,EN,5e418553f2f6bc011cbfe69a,Yes,38,Male,Amateur musician,4,4,4,Strongly agree (5),2,2,4,3,Strongly agree (5),3,4,4,3,3,3,4,3,3,Strongly disagree       (1),Strongly disagree       (1),Strongly disagree       (1),4,4,4,4,4,4,3,3,3,3,4,Strongly agree (5),4,3,Strongly disagree       (1),None of these,5e418553f2f6bc011cbfe69a,"You have just been told that you didn’t get the job you applied for. To handle the news, you turn to music to provide a sense of support as you manage your thoughts.",8
2025-09-09 11:23:01,2025-09-09 11:26:25,IP Address,100,203,True,2025-09-09 11:26:25,R_8Qond0d6rTS9JNp,anonymous,EN,5fec4bf28fd71dda83c7f34e,Yes,39,Male,Music-loving nonmusician,3,3,3,3,2,3,4,3,4,2,3,2,2,3,2,Strongly agree (5),4,Strongly disagree       (1),4,Strongly agree (5),4,2,4,4,2,3,3,2,3,2,2,2,3,3,Strongly disagree       (1),Strongly disagree       (1),"Moved, touched,Full of tenderness, warmhearted,Relaxed, peaceful",5fec4bf28fd71dda83c7f34e,"As you travel alone for an extended period, you put on your partner’s favourite music. The music makes you feel as if they are there with you.",7
2025-09-09 11:23:47,2025-09-09 11:26:26,IP Address,100,159,True,2025-09-09 11:26:27,R_83dV7sDFI09SRSW,anonymous,EN,57a7326516a091000112edb2,Yes,68,Female,Music-loving nonmusician,4,4,4,3,4,3,4,3,4,3,3,3,3,3,3,4,4,4,4,4,4,4,4,4,4,4,4,4,4,4,4,4,4,4,4,Strongly disagree       (1),"Filled with wonder, amazed,Moved, touched,Enchanted, in awe,Powerful, strong,Full of tenderness, warmhearted,Relaxed, peaceful",57a7326516a091000112edb2,"While listening to a playlist, you come across a song that deeply resonates with what you are experiencing. It communicated something about yourself that you’ve struggled to explain to others.",9
2025-09-09 11:22:37,2025-09-09 11:26:32,IP Address,100,234,True,2025-09-09 11:26:32,R_2CfHzdOQ2bl7psJ,anonymous,EN,5bb0e35556161d0001feccdc,Yes,65,Male,Serious amateur musician,4,4,4,Strongly agree (5),4,4,4,4,4,4,4,4,4,4,4,3,3,3,Strongly agree (5),Strongly agree (5),Strongly agree (5),Strongly agree (5),Strongly agree (5),Strongly agree (5),2,4,4,4,3,4,3,2,4,3,2,Strongly disagree       (1),"Moved, touched,Full of tenderness, warmhearted,Relaxed, peaceful,Melancholic, sad,Nostalgic, sentimental",5bb0e35556161d0001feccdc,"As you travel alone for an extended period, you put on your partner’s favourite music. The music makes you feel as if they are there with you.",7
2025-09-09 11:23:00,2025-09-09 11:26:36,IP Address,100,216,True,2025-09-09 11:26:36,R_8D2bNBINOZzTamd,anonymous,EN,5c0586b43199f4000153f133,Yes,28,Female,Music-loving nonmusician,Strongly agree (5),Strongly agree (5),4,4,4,4,4,Strongly agree (5),Strongly agree (5),3,4,3,3,3,4,2,2,2,4,4,Strongly agree (5),Strongly agree (5),Strongly agree (5),Strongly agree (5),4,Strongly agree (5),Strongly agree (5),Strongly disagree       (1),Strongly disagree       (1),Strongly disagree       (1),3,2,Strongly agree (5),Strongly agree (5),4,Strongly disagree       (1),"Tense, uneasy,Melancholic, sad",5c0586b43199f4000153f133,"You have just been told that you didn’t get the job you applied for. To handle the news, you turn to music to provide a sense of support as you manage your thoughts.",8
2025-09-09 11:16:36,2025-09-09 11:26:39,IP Address,100,602,True,2025-09-09 11:26:40,R_8PEJQ2VvQUvfIR4,anonymous,EN,669a67432f97ada112dd9c21,Yes,34,Male,Music-loving nonmusician,Strongly agree (5),Strongly agree (5),Strongly agree (5),Strongly agree (5),Strongly agree (5),4,Strongly agree (5),Strongly agree (5),Strongly agree (5),Strongly agree (5),4,Strongly agree (5),Strongly agree (5),Strongly agree (5),Strongly agree (5),Strongly agree (5),Strongly agree (5),Strongly agree (5),Strongly agree (5),Strongly agree (5),Strongly agree (5),Strongly agree (5),Strongly agree (5),Strongly agree (5),Strongly agree (5),Strongly agree (5),Strongly agree (5),4,Strongly agree (5),Strongly agree (5),Strongly agree (5),Strongly agree (5),Strongly agree (5),Strongly agree (5),Strongly agree (5),Strongly disagree       (1),"Filled with wonder, amazed,Moved, touched,Enchanted, in awe,Inspired, enthusiastic,Relaxed, peaceful",669a67432f97ada112dd9c21,"While out for a walk, you hear a busker playing incredible sounding music you have never discovered before. You are not sure what is attracting your interest to the music but you allow yourself to be taken in by the music and its new emotional direction.",11
2025-09-09 11:21:23,2025-09-09 11:26:39,IP Address,100,315,True,2025-09-09 11:26:40,R_2Bar8UvffalRn8i,anonymous,EN,5b97f2375612b30001acc4c9,Yes,43,Female,Music-loving nonmusician,4,4,4,Strongly agree (5),Strongly agree (5),4,Strongly agree (5),Strongly agree (5),Strongly agree (5),4,3,Strongly agree (5),Strongly agree (5),4,Strongly agree (5),4,4,4,Strongly agree (5),Strongly agree (5),Strongly agree (5),4,4,Strongly agree (5),Strongly agree (5),Strongly agree (5),4,Strongly agree (5),Strongly agree (5),Strongly agree (5),4,4,Strongly agree (5),Strongly agree (5),4,Strongly disagree       (1),"Moved, touched,Powerful, strong,Full of tenderness, warmhearted,Relaxed, peaceful",5b97f2375612b30001acc4c9,"As you travel alone for an extended period, you put on your partner’s favourite music. The music makes you feel as if they are there with you.",7
2025-09-09 11:22:48,2025-09-09 11:26:46,IP Address,100,237,True,2025-09-09 11:26:46,R_26aMkrRfkdkL9Zx,anonymous,EN,6078421a82b88488a16a2b1f,Yes,36,Female,Amateur musician,4,3,3,2,3,3,2,2,2,4,4,3,Strongly disagree       (1),3,4,Strongly agree (5),Strongly agree (5),Strongly agree (5),4,Strongly agree (5),4,Strongly agree (5),4,4,4,Strongly agree (5),4,3,3,4,3,4,4,4,4,Strongly disagree       (1),"Moved, touched,Powerful, strong,Full of tenderness, warmhearted,Nostalgic, sentimental",6078421a82b88488a16a2b1f,"While listening to a playlist, you come across a song that deeply resonates with what you are experiencing. It communicated something about yourself that you’ve struggled to explain to others.",9
2025-09-09 11:22:18,2025-09-09 11:26:52,IP Address,100,273,True,2025-09-09 11:26:52,R_2WNBozd8oWcwmwI,anonymous,EN,5c5948299adbca0001ce9fd1,Yes,76,Female,Music-loving nonmusician,4,Strongly agree (5),Strongly agree (5),4,Strongly disagree       (1),Strongly disagree       (1),Strongly agree (5),Strongly agree (5),Strongly agree (5),3,3,3,4,Strongly agree (5),Strongly agree (5),4,4,4,4,4,4,4,Strongly agree (5),Strongly agree (5),4,4,4,3,4,3,Strongly agree (5),Strongly agree (5),Strongly agree (5),4,4,Strongly disagree       (1),"Moved, touched,Relaxed, peaceful,Nostalgic, sentimental",5c5948299adbca0001ce9fd1,"Halfway through a concert, you realise you have been fully absorbed in the power and meaning of the music. It feels as if the music has taken you into a transcendent experience, which is exactly what you hoped for before the concert.",10
2025-09-09 11:23:23,2025-09-09 11:26:57,IP Address,100,213,True,2025-09-09 11:26:57,R_2Vx9wVdELHWEXyd,anonymous,EN,63d076d846d3d9dc35910778,Yes,42,Male,Music-loving nonmusician,4,Strongly agree (5),Strongly agree (5),3,4,Strongly agree (5),2,4,2,Strongly disagree       (1),2,2,2,2,2,2,2,2,Strongly disagree       (1),2,3,3,4,4,3,2,3,Strongly disagree       (1),Strongly disagree       (1),3,Strongly disagree       (1),Strongly disagree       (1),Strongly agree (5),Strongly agree (5),Strongly agree (5),Strongly disagree       (1),"Moved, touched,Full of tenderness, warmhearted,Melancholic, sad,Nostalgic, sentimental",63d076d846d3d9dc35910778,You are attending a celebration where music is the heart of the party. You are able to join in the fun which is aided by the music throughout the event.,1
2025-09-09 11:24:18,2025-09-09 11:27:10,IP Address,100,172,True,2025-09-09 11:27:10,R_2vl81H5rDXNfFJk,anonymous,EN,600f077a481b4705a93b13d7,Yes,44,Female,Music-loving nonmusician,4,4,4,4,4,3,4,4,3,2,4,3,4,4,4,3,3,3,3,3,3,4,4,4,2,2,3,Strongly disagree       (1),Strongly disagree       (1),Strongly disagree       (1),4,4,3,4,2,Strongly disagree       (1),"Relaxed, peaceful",600f077a481b4705a93b13d7,You are attending a celebration where music is the heart of the party. You are able to join in the fun which is aided by the music throughout the event.,1
2025-09-09 11:22:54,2025-09-09 11:27:12,IP Address,100,258,True,2025-09-09 11:27:12,R_2CrAy7IDk7PviqL,anonymous,EN,6584b89c579e97a1c666dde5,Yes,64,Female,Nonmusician,Strongly agree (5),Strongly agree (5),4,4,Strongly disagree       (1),4,Strongly agree (5),Strongly agree (5),Strongly agree (5),4,3,Strongly agree (5),3,4,3,Strongly agree (5),Strongly agree (5),Strongly agree (5),Strongly agree (5),Strongly agree (5),4,4,Strongly agree (5),4,4,3,Strongly disagree       (1),Strongly disagree       (1),Strongly disagree       (1),3,3,2,4,4,2,Strongly disagree       (1),"Joyful, wanting to dance,Powerful, strong,Relaxed, peaceful",6584b89c579e97a1c666dde5,You are attending a celebration where music is the heart of the party. You are able to join in the fun which is aided by the music throughout the event.,1
2025-09-09 11:24:22,2025-09-09 11:27:15,IP Address,100,172,True,2025-09-09 11:27:15,R_8OiAIyOuyX8vNZL,anonymous,EN,6682504bc0252a33b4c4406e,Yes,36,Male,Music-loving nonmusician,4,4,4,4,4,4,4,4,4,4,4,4,4,4,4,3,4,3,4,4,4,4,4,4,4,4,4,4,4,4,4,4,4,4,3,Strongly disagree       (1),"Indifferent, bored",6682504bc0252a33b4c4406e,It was pointed out that you missed an important detail in your work which you now have to redo. You put on a music playlist to drown out self-criticism as you fix the mistake.,2
2025-09-09 11:25:07,2025-09-09 11:27:32,IP Address,100,144,True,2025-09-09 11:27:32,R_2OCxjSQ1hPGZmTa,anonymous,EN,63f79c4cffb2e2a2ed84f060,Yes,41,Male,Music-loving nonmusician,2,3,4,4,Strongly agree (5),3,3,3,3,4,4,4,2,2,4,2,2,2,2,4,4,3,4,4,Strongly agree (5),4,3,Strongly agree (5),4,Strongly agree (5),4,4,Strongly agree (5),4,3,Strongly disagree       (1),"Moved, touched,Enchanted, in awe,Powerful, strong,Melancholic, sad,Nostalgic, sentimental",63f79c4cffb2e2a2ed84f060,"While listening to a playlist, you come across a song that deeply resonates with what you are experiencing. It communicated something about yourself that you’ve struggled to explain to others.",9
2025-09-09 11:23:55,2025-09-09 11:27:32,IP Address,100,217,True,2025-09-09 11:27:33,R_2kGrCSlH7ujPm7T,anonymous,EN,601492777b72a04ce67e2f6d,Yes,48,Male,Music-loving nonmusician,Strongly disagree       (1),3,3,Strongly disagree       (1),Strongly disagree       (1),Strongly disagree       (1),3,Strongly disagree       (1),Strongly disagree       (1),Strongly agree (5),Strongly agree (5),Strongly agree (5),3,3,3,Strongly disagree       (1),Strongly disagree       (1),Strongly disagree       (1),Strongly disagree       (1),Strongly disagree       (1),Strongly disagree       (1),Strongly disagree       (1),Strongly disagree       (1),Strongly disagree       (1),Strongly disagree       (1),Strongly disagree       (1),Strongly disagree       (1),3,3,3,Strongly disagree       (1),Strongly disagree       (1),3,Strongly disagree       (1),Strongly disagree       (1),Strongly disagree       (1),"Inspired, enthusiastic,Energetic, lively,Powerful, strong",601492777b72a04ce67e2f6d,In order to get ready to exercise you decide to put on music which gives you the right frame of mind.,4
2025-09-09 11:20:49,2025-09-09 11:27:35,IP Address,100,405,True,2025-09-09 11:27:35,R_8xUz0x4ziFcZMtj,anonymous,EN,663f7196a07afa04b277db38,Yes,57,Female,Music-loving nonmusician,4,2,3,4,2,2,4,3,3,3,3,2,2,2,2,2,2,2,3,3,4,4,4,4,2,2,2,4,2,Strongly disagree       (1),2,2,3,3,Strongly disagree       (1),Strongly disagree       (1),"Tense, uneasy,Agitated, aggressive",663f7196a07afa04b277db38,It was pointed out that you missed an important detail in your work which you now have to redo. You put on a music playlist to drown out self-criticism as you fix the mistake.,2
2025-09-09 11:24:18,2025-09-09 11:27:36,IP Address,100,198,True,2025-09-09 11:27:36,R_8omMuiUqyr1JSzl,anonymous,EN,64835a147dd0f17e8b18b196,Yes,63,Female,Music-loving nonmusician,4,4,2,4,4,3,4,4,4,3,3,3,3,4,4,3,3,3,3,3,3,4,4,4,4,3,4,3,4,3,3,3,3,3,3,Strongly disagree       (1),"Melancholic, sad,Nostalgic, sentimental",64835a147dd0f17e8b18b196,"You have just been told that you didn’t get the job you applied for. To handle the news, you turn to music to provide a sense of support as you manage your thoughts.",8
2025-09-09 11:22:57,2025-09-09 11:27:45,IP Address,100,287,True,2025-09-09 11:27:45,R_8KZLbQlwBohBWx0,anonymous,EN,67fc2265467c0ab6f8114ce2,Yes,55,Female,Music-loving nonmusician,4,Strongly agree (5),Strongly agree (5),4,4,4,4,Strongly agree (5),4,4,4,4,3,3,4,4,4,4,4,4,3,4,4,4,4,4,4,3,3,3,4,4,4,Strongly agree (5),3,Strongly disagree       (1),"Inspired, enthusiastic,Joyful, wanting to dance,Full of tenderness, warmhearted,Relaxed, peaceful,Nostalgic, sentimental",67fc2265467c0ab6f8114ce2,"As you sit outside on your lunch break, you hear amazing music drifting in from a nearby building. While admiring the graceful nature of the music itself, you notice how it intensifies your lunch break into a unique and lasting experience.",12
2025-09-09 11:22:36,2025-09-09 11:27:47,IP Address,100,310,True,2025-09-09 11:27:47,R_2BxPH87Av6JV2E4,anonymous,EN,5e5f8c16394d082c15a4e93a,Yes,65,Male,Music-loving nonmusician,4,3,3,4,3,2,4,4,3,3,3,4,3,3,3,3,3,2,4,4,4,4,4,4,4,4,2,3,3,3,3,3,4,4,2,Strongly disagree       (1),"Inspired, enthusiastic,Powerful, strong,Nostalgic, sentimental",5e5f8c16394d082c15a4e93a,It was pointed out that you missed an important detail in your work which you now have to redo. You put on a music playlist to drown out self-criticism as you fix the mistake.,2
2025-09-09 11:20:46,2025-09-09 11:27:50,IP Address,100,424,True,2025-09-09 11:27:51,R_8j0TyrLNr78Ru8I,anonymous,EN,5e57d38b533eec1818078f0b,Yes,26,Female,Music-loving nonmusician,3,Strongly agree (5),3,4,4,3,4,4,4,4,Strongly agree (5),Strongly agree (5),4,Strongly agree (5),4,3,3,3,Strongly agree (5),Strongly agree (5),4,4,4,Strongly agree (5),4,Strongly agree (5),Strongly agree (5),3,2,3,4,4,Strongly agree (5),4,Strongly agree (5),Strongly disagree       (1),"Moved, touched,Inspired, enthusiastic,Energetic, lively,Joyful, wanting to dance,Powerful, strong",5e57d38b533eec1818078f0b,"After a long and demanding week, you take time to rest by listening to music. The stress melts away and you start to recover as you listen along.",3
2025-09-09 11:22:09,2025-09-09 11:27:54,IP Address,100,345,True,2025-09-09 11:27:54,R_2vC1rTh3yexhdn3,anonymous,EN,6304deb78f14a18b18ceed4a,Yes,40,Male,Music-loving nonmusician,4,4,4,2,3,3,Strongly disagree       (1),Strongly disagree       (1),Strongly disagree       (1),Strongly agree (5),Strongly agree (5),Strongly agree (5),4,3,Strongly agree (5),Strongly disagree       (1),Strongly disagree       (1),Strongly disagree       (1),2,3,3,2,2,2,3,2,Strongly disagree       (1),2,2,3,2,2,2,Strongly disagree       (1),2,Strongly disagree       (1),"Inspired, enthusiastic,Energetic, lively,Joyful, wanting to dance,Powerful, strong",6304deb78f14a18b18ceed4a,In order to get ready to exercise you decide to put on music which gives you the right frame of mind.,4
2025-09-09 11:25:06,2025-09-09 11:27:54,IP Address,100,168,True,2025-09-09 11:27:55,R_8V87J3qRmli31BV,anonymous,EN,6658b6838e28e3383feae335,Yes,47,Female,Music-loving nonmusician,3,4,4,Strongly agree (5),2,4,4,4,2,4,2,2,3,4,4,3,2,2,Strongly agree (5),4,3,2,4,Strongly agree (5),2,4,4,2,2,2,3,4,4,3,3,Strongly disagree       (1),"Energetic, lively,Joyful, wanting to dance,Nostalgic, sentimental",6658b6838e28e3383feae335,"As you sit outside on your lunch break, you hear amazing music drifting in from a nearby building. While admiring the graceful nature of the music itself, you notice how it intensifies your lunch break into a unique and lasting experience.",12
2025-09-09 11:24:12,2025-09-09 11:27:55,IP Address,100,222,True,2025-09-09 11:27:55,R_8v31C0ju086dxR7,anonymous,EN,63babb3f30c7eea8b8114f14,Yes,58,Male,Amateur musician,4,4,4,3,3,2,4,4,4,3,4,3,3,3,4,2,3,2,3,2,3,2,4,3,3,3,2,2,2,2,3,3,3,4,3,Strongly disagree       (1),"Joyful, wanting to dance,Relaxed, peaceful",63babb3f30c7eea8b8114f14,You are attending a celebration where music is the heart of the party. You are able to join in the fun which is aided by the music throughout the event.,1
2025-09-09 11:24:27,2025-09-09 11:27:55,IP Address,100,208,True,2025-09-09 11:27:55,R_2iiv3pkey9uU6Rz,anonymous,EN,63d79e8e6d3d2f2d2ffd694c,Yes,35,Male,Music-loving nonmusician,3,4,4,Strongly agree (5),4,4,4,3,4,3,3,Strongly agree (5),Strongly agree (5),Strongly agree (5),Strongly agree (5),Strongly disagree       (1),3,Strongly disagree       (1),2,3,3,3,4,3,4,3,4,2,3,Strongly disagree       (1),Strongly disagree       (1),Strongly disagree       (1),4,4,Strongly disagree       (1),Strongly disagree       (1),None of these,63d79e8e6d3d2f2d2ffd694c,"As you travel alone for an extended period, you put on your partner’s favourite music. The music makes you feel as if they are there with you.",7
2025-09-09 11:17:37,2025-09-09 11:27:56,IP Address,100,619,True,2025-09-09 11:27:57,R_8KSdNUDTeQvVCud,anonymous,EN,63d9d5072e083033fc895df1,Yes,21,Male,Music-loving nonmusician,4,4,Strongly agree (5),4,4,Strongly agree (5),4,4,4,3,3,4,2,Strongly agree (5),3,Strongly agree (5),4,4,4,4,2,3,4,4,4,4,Strongly agree (5),2,3,3,3,2,4,3,3,Strongly disagree       (1),"Filled with wonder, amazed,Inspired, enthusiastic,Energetic, lively,Joyful, wanting to dance,Powerful, strong,Melancholic, sad,Agitated, aggressive",63d9d5072e083033fc895df1,"While out for a walk, you hear a busker playing incredible sounding music you have never discovered before. You are not sure what is attracting your interest to the music but you allow yourself to be taken in by the music and its new emotional direction.",11
2025-09-09 11:26:25,2025-09-09 11:28:03,IP Address,100,97,True,2025-09-09 11:28:04,R_8wcO5yCkfmn7KiK,anonymous,EN,5b7ecfe47a63030001019c35,Yes,40,Male,Nonmusician,Strongly agree (5),Strongly agree (5),4,4,3,4,4,4,4,4,4,4,Strongly agree (5),4,4,4,4,4,4,4,4,4,3,4,4,4,4,2,2,3,4,3,3,3,2,Strongly disagree       (1),"Energetic, lively,Joyful, wanting to dance,Powerful, strong,Relaxed, peaceful",5b7ecfe47a63030001019c35,"After a long and demanding week, you take time to rest by listening to music. The stress melts away and you start to recover as you listen along.",3
2025-09-09 11:22:59,2025-09-09 11:28:06,IP Address,100,306,True,2025-09-09 11:28:06,R_2USV8hq9a8Levrb,anonymous,EN,5f8ea1044999a9000ae5a0e9,Yes,23,Female,Serious amateur musician,Strongly agree (5),Strongly agree (5),Strongly agree (5),Strongly agree (5),Strongly agree (5),Strongly disagree       (1),Strongly agree (5),Strongly agree (5),Strongly agree (5),Strongly agree (5),2,Strongly agree (5),3,Strongly disagree       (1),4,3,4,2,Strongly agree (5),Strongly agree (5),4,Strongly agree (5),Strongly agree (5),Strongly agree (5),2,2,2,2,3,3,Strongly agree (5),Strongly agree (5),Strongly agree (5),Strongly agree (5),4,Strongly disagree       (1),"Moved, touched,Inspired, enthusiastic,Joyful, wanting to dance,Full of tenderness, warmhearted,Relaxed, peaceful,Nostalgic, sentimental",5f8ea1044999a9000ae5a0e9,"As you sit outside on your lunch break, you hear amazing music drifting in from a nearby building. While admiring the graceful nature of the music itself, you notice how it intensifies your lunch break into a unique and lasting experience.",12
2025-09-09 11:25:17,2025-09-09 11:28:07,IP Address,100,170,True,2025-09-09 11:28:08,R_2Ol44B3qoq2FNik,anonymous,EN,67580f69a9a3cb759240904b,Yes,54,Male,Amateur musician,Strongly agree (5),Strongly agree (5),3,2,Strongly disagree       (1),2,4,3,3,2,4,2,Strongly disagree       (1),Strongly disagree       (1),4,3,4,3,3,3,4,4,4,4,2,3,3,Strongly disagree       (1),2,Strongly disagree       (1),4,4,Strongly agree (5),Strongly agree (5),4,Strongly disagree       (1),"Moved, touched,Energetic, lively,Full of tenderness, warmhearted,Nostalgic, sentimental",67580f69a9a3cb759240904b,"While with your friends at a cafe, a particular song comes on. You instantly recognise the music from your past, leading to an exchange of stories about your experiences together.",6
2025-09-09 11:26:04,2025-09-09 11:28:31,IP Address,100,147,True,2025-09-09 11:28:33,R_2FZZ3IMcKVAI4Gl,anonymous,EN,66774233add67a4a8e71398e,Yes,53,Male,Music-loving nonmusician,4,4,4,4,2,4,4,Strongly agree (5),4,4,4,4,4,4,3,3,3,3,4,3,4,4,4,4,3,3,3,2,2,2,3,2,4,4,2,Strongly disagree       (1),"Inspired, enthusiastic,Relaxed, peaceful,Nostalgic, sentimental",66774233add67a4a8e71398e,It was pointed out that you missed an important detail in your work which you now have to redo. You put on a music playlist to drown out self-criticism as you fix the mistake.,2
2025-09-09 11:23:45,2025-09-09 11:28:37,IP Address,100,292,True,2025-09-09 11:28:38,R_86nVfIP6INC2tyd,anonymous,EN,68bb6a70111684d20811fae3,Yes,25,Male,Nonmusician,4,4,4,2,2,2,2,2,3,4,Strongly agree (5),4,4,4,4,2,2,2,2,2,2,3,3,3,2,2,3,2,Strongly disagree       (1),2,2,3,3,4,2,Strongly disagree       (1),"Moved, touched,Joyful, wanting to dance,Full of tenderness, warmhearted,Relaxed, peaceful,Nostalgic, sentimental",68bb6a70111684d20811fae3,"After a long and demanding week, you take time to rest by listening to music. The stress melts away and you start to recover as you listen along.",3
2025-09-09 11:26:06,2025-09-09 11:28:59,IP Address,100,173,True,2025-09-09 11:28:59,R_2MNcuSg4xc1lXIF,anonymous,EN,613bae70cab01ced932e5e9f,Yes,32,Female,Amateur musician,4,4,Strongly agree (5),Strongly agree (5),4,3,2,4,4,Strongly agree (5),Strongly agree (5),Strongly agree (5),4,Strongly agree (5),4,3,3,3,3,3,3,3,3,3,4,4,Strongly agree (5),3,2,3,4,4,3,3,2,Strongly disagree       (1),"Energetic, lively,Joyful, wanting to dance,Powerful, strong",613bae70cab01ced932e5e9f,In order to get ready to exercise you decide to put on music which gives you the right frame of mind.,4
2025-09-09 11:26:03,2025-09-09 11:29:19,IP Address,100,195,True,2025-09-09 11:29:19,R_2flzwK8zQ3R5XWN,anonymous,EN,6319ff03df1e7848122f18b1,Yes,27,Male,Amateur musician,4,4,4,4,Strongly agree (5),4,Strongly agree (5),Strongly agree (5),4,Strongly agree (5),Strongly agree (5),Strongly agree (5),4,4,4,4,Strongly agree (5),4,4,Strongly agree (5),4,4,Strongly agree (5),4,4,4,4,2,2,2,Strongly agree (5),Strongly agree (5),4,4,4,Strongly disagree       (1),"Filled with wonder, amazed,Joyful, wanting to dance,Powerful, strong,Relaxed, peaceful",6319ff03df1e7848122f18b1,"While listening to a playlist, you come across a song that deeply resonates with what you are experiencing. It communicated something about yourself that you’ve struggled to explain to others.",9
2025-09-09 11:23:17,2025-09-09 11:29:24,IP Address,100,366,True,2025-09-09 11:29:24,R_2hy9sgslbgG42aZ,anonymous,EN,65181d02b39c0df9f861bdf7,Yes,62,Male,Nonmusician,4,Strongly agree (5),Strongly agree (5),Strongly agree (5),3,4,4,3,4,3,4,3,4,4,Strongly agree (5),3,4,3,4,4,4,4,Strongly agree (5),4,Strongly agree (5),4,3,4,Strongly agree (5),4,Strongly agree (5),Strongly agree (5),Strongly agree (5),Strongly agree (5),2,Strongly disagree       (1),"Filled with wonder, amazed,Moved, touched,Powerful, strong,None of these",65181d02b39c0df9f861bdf7,"Halfway through a concert, you realise you have been fully absorbed in the power and meaning of the music. It feels as if the music has taken you into a transcendent experience, which is exactly what you hoped for before the concert.",10
2025-09-09 11:25:49,2025-09-09 11:29:27,IP Address,100,218,True,2025-09-09 11:29:28,R_8bOVLa5nCidjXDX,anonymous,EN,6142013d4dd8ae5ca2b4329b,Yes,51,Male,Amateur musician,Strongly agree (5),Strongly agree (5),Strongly agree (5),Strongly agree (5),2,Strongly agree (5),4,Strongly agree (5),4,4,4,Strongly agree (5),4,Strongly agree (5),Strongly agree (5),4,3,4,4,4,4,4,4,4,3,3,2,4,3,3,Strongly agree (5),4,Strongly agree (5),Strongly agree (5),3,Strongly disagree       (1),"Inspired, enthusiastic",6142013d4dd8ae5ca2b4329b,"You have an intricate task that requires your attention. To put your mind to it, you turn on a specific music playlist.",5
2025-09-09 11:26:56,2025-09-09 11:29:29,IP Address,100,152,True,2025-09-09 11:29:29,R_2MHwBVwMZtx6ELf,anonymous,EN,677278717e8b2c6b1790c966,Yes,36,Male,Amateur musician,4,4,4,4,3,2,3,3,2,3,3,2,Strongly agree (5),Strongly agree (5),4,4,3,3,4,2,3,3,2,3,4,2,2,Strongly disagree       (1),Strongly disagree       (1),Strongly disagree       (1),3,3,2,4,2,Strongly disagree       (1),"Inspired, enthusiastic,Nostalgic, sentimental",677278717e8b2c6b1790c966,"While with your friends at a cafe, a particular song comes on. You instantly recognise the music from your past, leading to an exchange of stories about your experiences together.",6
2025-09-09 11:27:56,2025-09-09 11:29:30,IP Address,100,94,True,2025-09-09 11:29:30,R_8OVcdCqv5IQPvub,anonymous,EN,6693cd4efb0ada0cb10c894b,Yes,21,Male,Nonmusician,Strongly disagree       (1),Strongly disagree       (1),Strongly disagree       (1),Strongly disagree       (1),Strongly disagree       (1),Strongly disagree       (1),Strongly disagree       (1),Strongly disagree       (1),Strongly disagree       (1),Strongly disagree       (1),Strongly disagree       (1),Strongly disagree       (1),Strongly disagree       (1),Strongly disagree       (1),Strongly disagree       (1),Strongly disagree       (1),Strongly disagree       (1),Strongly disagree       (1),Strongly disagree       (1),Strongly disagree       (1),Strongly disagree       (1),Strongly disagree       (1),Strongly disagree       (1),Strongly disagree       (1),Strongly disagree       (1),Strongly disagree       (1),Strongly disagree       (1),Strongly disagree       (1),Strongly disagree       (1),Strongly disagree       (1),Strongly disagree       (1),Strongly disagree       (1),Strongly disagree       (1),Strongly disagree       (1),Strongly disagree       (1),Strongly disagree       (1),"Tense, uneasy",6693cd4efb0ada0cb10c894b,You are attending a celebration where music is the heart of the party. You are able to join in the fun which is aided by the music throughout the event.,1
2025-09-09 11:25:40,2025-09-09 11:29:36,IP Address,100,236,True,2025-09-09 11:29:37,R_81b6rNSb4sVmN73,anonymous,EN,66be7301e7d69c455ad941e2,Yes,20,Female,Music-loving nonmusician,4,4,4,3,2,2,4,4,2,Strongly agree (5),4,3,Strongly agree (5),4,4,4,4,4,3,3,Strongly disagree       (1),3,4,Strongly agree (5),Strongly agree (5),4,Strongly agree (5),4,4,4,3,2,4,4,4,Strongly disagree       (1),"Inspired, enthusiastic,Powerful, strong,Nostalgic, sentimental",66be7301e7d69c455ad941e2,"After a long and demanding week, you take time to rest by listening to music. The stress melts away and you start to recover as you listen along.",3
2025-09-09 11:22:40,2025-09-09 11:29:36,IP Address,100,416,True,2025-09-09 11:29:37,R_2EZhajqKMoXvzwY,anonymous,EN,66cc6eb364154a51d4d44eb1,Yes,52,Male,Nonmusician,Strongly agree (5),Strongly agree (5),Strongly agree (5),4,Strongly agree (5),Strongly agree (5),Strongly agree (5),4,Strongly agree (5),Strongly agree (5),4,Strongly agree (5),4,Strongly agree (5),Strongly agree (5),Strongly agree (5),4,4,Strongly agree (5),4,Strongly agree (5),Strongly agree (5),Strongly agree (5),4,Strongly agree (5),4,Strongly agree (5),4,Strongly agree (5),Strongly agree (5),Strongly agree (5),Strongly agree (5),4,Strongly agree (5),4,Strongly disagree       (1),"Moved, touched,Enchanted, in awe,Joyful, wanting to dance,Powerful, strong,Nostalgic, sentimental",66cc6eb364154a51d4d44eb1,"While with your friends at a cafe, a particular song comes on. You instantly recognise the music from your past, leading to an exchange of stories about your experiences together.",6
2025-09-09 11:27:24,2025-09-09 11:29:37,IP Address,100,133,True,2025-09-09 11:29:37,R_8GDkdc7tmorFM3A,anonymous,EN,6765e3e630aa57d5175dce36,Yes,42,Male,Music-loving nonmusician,3,3,2,3,4,4,2,3,2,2,3,4,2,2,2,Strongly disagree       (1),2,2,3,3,2,3,3,3,4,3,4,2,2,2,2,2,3,2,Strongly disagree       (1),Strongly disagree       (1),"Tense, uneasy,Agitated, aggressive",6765e3e630aa57d5175dce36,"You have just been told that you didn’t get the job you applied for. To handle the news, you turn to music to provide a sense of support as you manage your thoughts.",8
2025-09-09 11:25:02,2025-09-09 11:29:43,IP Address,100,281,True,2025-09-09 11:29:44,R_84OhY4cLWvaN7dn,anonymous,EN,5dd2d8126ac608000a330132,Yes,69,Male,Music-loving nonmusician,4,Strongly agree (5),Strongly agree (5),3,2,2,4,4,4,2,Strongly disagree       (1),3,2,2,3,3,3,4,2,2,3,Strongly agree (5),4,4,2,2,Strongly disagree       (1),2,2,3,2,2,Strongly agree (5),Strongly agree (5),4,Strongly disagree       (1),"Moved, touched",5dd2d8126ac608000a330132,"Halfway through a concert, you realise you have been fully absorbed in the power and meaning of the music. It feels as if the music has taken you into a transcendent experience, which is exactly what you hoped for before the concert.",10
2025-09-09 11:25:13,2025-09-09 11:29:46,IP Address,100,272,True,2025-09-09 11:29:46,R_2dScWgdknRdkvGu,anonymous,EN,57a6533382f7f90001eea86c,Yes,63,Female,Music-loving nonmusician,4,4,4,2,3,2,4,3,4,4,4,Strongly agree (5),4,4,4,3,3,3,4,4,4,4,4,4,3,4,4,3,2,3,3,3,4,4,2,Strongly disagree       (1),"Moved, touched,Inspired, enthusiastic,Energetic, lively",57a6533382f7f90001eea86c,"You have an intricate task that requires your attention. To put your mind to it, you turn on a specific music playlist.",5
2025-09-09 11:26:01,2025-09-09 11:29:47,IP Address,100,226,True,2025-09-09 11:29:48,R_2099PEIminUEcz7,anonymous,EN,63c80a427dfa1305502df5a8,Yes,60,Male,Music-loving nonmusician,Strongly agree (5),Strongly agree (5),Strongly agree (5),Strongly disagree       (1),Strongly disagree       (1),3,Strongly agree (5),Strongly agree (5),Strongly agree (5),4,Strongly agree (5),Strongly agree (5),3,4,Strongly agree (5),4,4,4,2,2,2,Strongly agree (5),4,Strongly agree (5),4,4,3,2,3,2,4,4,Strongly agree (5),Strongly agree (5),Strongly agree (5),Strongly disagree       (1),"Moved, touched,Inspired, enthusiastic,Energetic, lively,Joyful, wanting to dance,Powerful, strong,Relaxed, peaceful,Nostalgic, sentimental",63c80a427dfa1305502df5a8,"Halfway through a concert, you realise you have been fully absorbed in the power and meaning of the music. It feels as if the music has taken you into a transcendent experience, which is exactly what you hoped for before the concert.",10
2025-09-09 11:25:56,2025-09-09 11:29:52,IP Address,100,235,True,2025-09-09 11:29:52,R_8yJwwltNkzOO0IV,anonymous,EN,676058418c08c71e4bb7cbd1,Yes,20,Female,Nonmusician,4,Strongly agree (5),Strongly agree (5),4,3,4,3,4,3,3,3,3,3,3,4,4,4,4,4,4,4,4,4,4,3,3,2,2,2,2,Strongly agree (5),Strongly agree (5),Strongly agree (5),4,4,Strongly disagree       (1),"Filled with wonder, amazed,Moved, touched,Enchanted, in awe,Inspired, enthusiastic",676058418c08c71e4bb7cbd1,"While out for a walk, you hear a busker playing incredible sounding music you have never discovered before. You are not sure what is attracting your interest to the music but you allow yourself to be taken in by the music and its new emotional direction.",11
2025-09-09 11:08:14,2025-09-09 11:30:01,IP Address,100,1306,True,2025-09-09 11:30:01,R_8jyiZSlgElX1NIt,anonymous,EN,6688fdb39a34a967bc0b7d36,Yes,26,Male,Music-loving nonmusician,Strongly agree (5),4,Strongly agree (5),4,Strongly agree (5),3,4,Strongly agree (5),4,3,4,4,4,4,3,4,3,4,4,4,4,4,4,4,4,4,4,3,3,4,Strongly agree (5),4,Strongly agree (5),3,4,Strongly disagree       (1),"Enchanted, in awe,Relaxed, peaceful",6688fdb39a34a967bc0b7d36,"As you sit outside on your lunch break, you hear amazing music drifting in from a nearby building. While admiring the graceful nature of the music itself, you notice how it intensifies your lunch break into a unique and lasting experience.",12
2025-09-09 11:25:45,2025-09-09 11:30:04,IP Address,100,259,True,2025-09-09 11:30:04,R_2FPbUcp0jxn2DO4,anonymous,EN,605da0a3b78d54d78f618ba4,Yes,64,Male,Music-loving nonmusician,Strongly agree (5),Strongly agree (5),4,2,4,4,Strongly agree (5),Strongly agree (5),Strongly agree (5),4,2,4,4,4,Strongly agree (5),Strongly agree (5),Strongly agree (5),Strongly agree (5),4,4,Strongly agree (5),4,4,Strongly agree (5),4,4,4,Strongly disagree       (1),2,Strongly disagree       (1),4,Strongly agree (5),4,Strongly agree (5),4,Strongly disagree       (1),"Moved, touched,Enchanted, in awe,Relaxed, peaceful,Nostalgic, sentimental",605da0a3b78d54d78f618ba4,"While with your friends at a cafe, a particular song comes on. You instantly recognise the music from your past, leading to an exchange of stories about your experiences together.",6
2025-09-09 11:26:09,2025-09-09 11:30:09,IP Address,100,240,True,2025-09-09 11:30:10,R_2uE9zxzE8peYP93,anonymous,EN,65e1e16d9f7eaa10f3454025,Yes,69,Male,Serious amateur musician,Strongly agree (5),4,4,4,2,2,3,4,4,3,4,3,4,4,4,3,2,2,4,Strongly agree (5),4,3,4,4,4,4,3,3,2,4,3,3,4,3,3,Strongly disagree       (1),"Moved, touched,Full of tenderness, warmhearted,Relaxed, peaceful",65e1e16d9f7eaa10f3454025,"As you travel alone for an extended period, you put on your partner’s favourite music. The music makes you feel as if they are there with you.",7
2025-09-09 11:25:57,2025-09-09 11:30:24,IP Address,100,266,True,2025-09-09 11:30:24,R_8ZWHqxni4B8OChx,anonymous,EN,614b90050a269c27f4746a37,Yes,25,Female,Music-loving nonmusician,Strongly agree (5),Strongly agree (5),Strongly agree (5),Strongly agree (5),Strongly agree (5),Strongly agree (5),Strongly agree (5),Strongly agree (5),Strongly agree (5),Strongly agree (5),Strongly agree (5),Strongly agree (5),Strongly agree (5),Strongly agree (5),Strongly agree (5),Strongly agree (5),Strongly agree (5),Strongly agree (5),Strongly agree (5),Strongly agree (5),Strongly agree (5),Strongly agree (5),Strongly agree (5),Strongly agree (5),Strongly agree (5),Strongly agree (5),Strongly agree (5),Strongly agree (5),Strongly agree (5),Strongly agree (5),Strongly agree (5),Strongly agree (5),Strongly agree (5),Strongly agree (5),Strongly agree (5),Strongly disagree       (1),"Filled with wonder, amazed,Enchanted, in awe,Inspired, enthusiastic,Energetic, lively,Joyful, wanting to dance,Powerful, strong,Full of tenderness, warmhearted,Nostalgic, sentimental",614b90050a269c27f4746a37,"Halfway through a concert, you realise you have been fully absorbed in the power and meaning of the music. It feels as if the music has taken you into a transcendent experience, which is exactly what you hoped for before the concert.",10
2025-09-09 11:26:48,2025-09-09 11:30:25,IP Address,100,217,True,2025-09-09 11:30:25,R_8Ce9x8JTnvTSBcU,anonymous,EN,669bcbe3d03c1be10fb64724,Yes,54,Male,Amateur musician,4,4,2,4,3,3,4,4,4,4,4,3,4,4,4,4,Strongly disagree       (1),Strongly disagree       (1),3,3,4,4,4,4,3,3,4,4,4,4,4,3,4,4,3,Strongly disagree       (1),"Moved, touched,Inspired, enthusiastic,Relaxed, peaceful,Nostalgic, sentimental",669bcbe3d03c1be10fb64724,"As you travel alone for an extended period, you put on your partner’s favourite music. The music makes you feel as if they are there with you.",7
2025-09-09 11:27:18,2025-09-09 11:30:36,IP Address,100,198,True,2025-09-09 11:30:36,R_2tzH5FeXKF907Ok,anonymous,EN,60ddc62b071a009e0b0c2922,Yes,39,Male,Amateur musician,Strongly agree (5),4,4,3,2,3,3,4,4,4,4,Strongly agree (5),2,3,2,2,4,3,4,3,4,3,4,4,3,4,3,2,2,2,4,3,4,4,2,Strongly disagree       (1),"Inspired, enthusiastic,Joyful, wanting to dance,Powerful, strong,Relaxed, peaceful",60ddc62b071a009e0b0c2922,"You have an intricate task that requires your attention. To put your mind to it, you turn on a specific music playlist.",5
2025-09-09 11:26:52,2025-09-09 11:30:39,IP Address,100,227,True,2025-09-09 11:30:39,R_8aIzYg6u7edjlDg,anonymous,EN,6671dd249cbc9ee43e8c4c20,Yes,34,Female,Music-loving nonmusician,3,4,3,3,4,3,3,3,3,3,3,3,2,3,3,2,2,2,3,4,2,4,4,4,4,Strongly agree (5),4,Strongly disagree       (1),2,Strongly disagree       (1),2,3,4,4,2,Strongly disagree       (1),"Moved, touched,Full of tenderness, warmhearted,Nostalgic, sentimental",6671dd249cbc9ee43e8c4c20,"While listening to a playlist, you come across a song that deeply resonates with what you are experiencing. It communicated something about yourself that you’ve struggled to explain to others.",9
2025-09-09 11:19:04,2025-09-09 11:30:43,IP Address,100,698,True,2025-09-09 11:30:43,R_8PYsDcInKfkKnx6,anonymous,EN,6658b6f46af4776cecc98676,Yes,29,Female,Music-loving nonmusician,4,Strongly agree (5),4,4,Strongly disagree       (1),4,4,4,4,4,4,4,4,4,4,2,2,4,Strongly disagree       (1),2,3,4,4,4,4,4,Strongly agree (5),2,3,3,4,4,Strongly agree (5),4,2,Strongly disagree       (1),"Inspired, enthusiastic,Energetic, lively,Joyful, wanting to dance,Relaxed, peaceful,Nostalgic, sentimental",6658b6f46af4776cecc98676,"As you sit outside on your lunch break, you hear amazing music drifting in from a nearby building. While admiring the graceful nature of the music itself, you notice how it intensifies your lunch break into a unique and lasting experience.",12
2025-09-09 11:28:01,2025-09-09 11:30:43,IP Address,100,162,True,2025-09-09 11:30:43,R_87wyq818lKGeGqM,anonymous,EN,5ccf41c9bd0d3e001593ce92,Yes,52,Male,Music-loving nonmusician,3,4,4,Strongly agree (5),4,4,4,2,4,4,4,4,4,4,Strongly agree (5),2,2,3,4,4,4,Strongly agree (5),Strongly agree (5),4,3,3,4,3,3,3,3,3,4,4,3,Strongly disagree       (1),"Inspired, enthusiastic,Powerful, strong,Relaxed, peaceful",5ccf41c9bd0d3e001593ce92,It was pointed out that you missed an important detail in your work which you now have to redo. You put on a music playlist to drown out self-criticism as you fix the mistake.,2
2025-09-09 11:25:00,2025-09-09 11:30:47,IP Address,100,347,True,2025-09-09 11:30:48,R_2n64wCIf8ez8kPE,anonymous,EN,676556ccb7aac9ede13d73c9,Yes,53,Male,Music-loving nonmusician,4,4,3,3,Strongly agree (5),4,2,3,4,Strongly disagree       (1),2,3,2,2,2,2,2,3,4,4,3,3,2,4,2,3,3,4,4,4,4,4,4,3,2,Strongly disagree       (1),"Filled with wonder, amazed,Moved, touched,Enchanted, in awe,Inspired, enthusiastic,Energetic, lively,Powerful, strong,Full of tenderness, warmhearted,Relaxed, peaceful",676556ccb7aac9ede13d73c9,"While out for a walk, you hear a busker playing incredible sounding music you have never discovered before. You are not sure what is attracting your interest to the music but you allow yourself to be taken in by the music and its new emotional direction.",11
2025-09-09 11:27:50,2025-09-09 11:30:49,IP Address,100,179,True,2025-09-09 11:30:49,R_2fDaoUu3RR5JNN1,anonymous,EN,5c0430c71a20110001e9b05a,Yes,43,Female,Music-loving nonmusician,4,4,4,4,Strongly disagree       (1),4,4,4,3,4,4,Strongly agree (5),4,4,4,4,4,4,4,2,3,4,4,4,4,3,4,Strongly agree (5),3,3,4,3,4,3,3,Strongly disagree       (1),"Powerful, strong,Relaxed, peaceful,Nostalgic, sentimental",5c0430c71a20110001e9b05a,"While out for a walk, you hear a busker playing incredible sounding music you have never discovered before. You are not sure what is attracting your interest to the music but you allow yourself to be taken in by the music and its new emotional direction.",11
2025-09-09 11:22:38,2025-09-09 11:30:49,IP Address,100,491,True,2025-09-09 11:30:49,R_2fJiciaDlrERAg3,anonymous,EN,6731b77af6e8e00a06ffa7ee,Yes,38,Male,Music-loving nonmusician,4,Strongly agree (5),Strongly agree (5),4,4,4,4,4,3,4,4,4,2,4,2,2,2,3,Strongly agree (5),Strongly agree (5),4,3,4,4,4,4,4,4,3,4,2,2,4,Strongly agree (5),4,Strongly disagree       (1),"Melancholic, sad",6731b77af6e8e00a06ffa7ee,"You have just been told that you didn’t get the job you applied for. To handle the news, you turn to music to provide a sense of support as you manage your thoughts.",8
2025-09-09 11:26:52,2025-09-09 11:31:12,IP Address,100,260,True,2025-09-09 11:31:12,R_2rwuzLYkqT2pRrj,anonymous,EN,5ae0c7d4e0feeb0001caff2b,Yes,76,Male,Nonmusician,3,4,2,Strongly disagree       (1),2,Strongly disagree       (1),Strongly agree (5),Strongly agree (5),Strongly agree (5),4,4,2,2,3,2,3,2,2,Strongly disagree       (1),2,Strongly disagree       (1),2,4,4,2,4,Strongly agree (5),Strongly disagree       (1),Strongly disagree       (1),Strongly disagree       (1),2,Strongly disagree       (1),Strongly agree (5),3,3,Strongly disagree       (1),"Moved, touched,Joyful, wanting to dance,Powerful, strong,Full of tenderness, warmhearted,Relaxed, peaceful",5ae0c7d4e0feeb0001caff2b,"While listening to a playlist, you come across a song that deeply resonates with what you are experiencing. It communicated something about yourself that you’ve struggled to explain to others.",9
2025-09-09 11:28:46,2025-09-09 11:31:13,IP Address,100,147,True,2025-09-09 11:31:13,R_2NfPm7sLuJl1BVK,anonymous,EN,5e8e2341b233860cae471c69,Yes,38,Female,Amateur musician,Strongly agree (5),Strongly agree (5),Strongly agree (5),Strongly agree (5),Strongly agree (5),4,Strongly agree (5),Strongly agree (5),Strongly agree (5),3,4,4,Strongly agree (5),Strongly agree (5),Strongly agree (5),Strongly disagree       (1),Strongly disagree       (1),3,4,3,3,Strongly agree (5),Strongly agree (5),Strongly agree (5),3,4,3,4,2,3,3,2,4,4,3,Strongly disagree       (1),"Moved, touched,Inspired, enthusiastic,Powerful, strong,Full of tenderness, warmhearted,Relaxed, peaceful",5e8e2341b233860cae471c69,"After a long and demanding week, you take time to rest by listening to music. The stress melts away and you start to recover as you listen along.",3
2025-09-09 11:26:27,2025-09-09 11:31:18,IP Address,100,291,True,2025-09-09 11:31:19,R_8hvFEfg1ehHk0j7,anonymous,EN,5af2a03697a14300017d2ba4,Yes,51,Male,Music-loving nonmusician,4,Strongly agree (5),4,3,2,2,Strongly agree (5),4,Strongly agree (5),2,3,2,2,3,3,2,2,2,4,4,4,4,Strongly agree (5),Strongly agree (5),2,3,2,4,3,4,3,2,4,4,3,Strongly disagree       (1),"Moved, touched,Relaxed, peaceful,Nostalgic, sentimental",5af2a03697a14300017d2ba4,"As you sit outside on your lunch break, you hear amazing music drifting in from a nearby building. While admiring the graceful nature of the music itself, you notice how it intensifies your lunch break into a unique and lasting experience.",12
2025-09-09 11:20:48,2025-09-09 11:31:20,IP Address,100,631,True,2025-09-09 11:31:20,R_8IYhgObJDRLkDhq,anonymous,EN,615ee0fda41fd9819b36a345,Yes,32,Male,Music-loving nonmusician,4,Strongly agree (5),3,4,2,2,4,4,4,4,3,4,4,Strongly agree (5),4,2,2,2,Strongly agree (5),4,Strongly disagree       (1),3,4,4,2,4,4,Strongly disagree       (1),4,2,3,4,4,2,2,Strongly disagree       (1),"Powerful, strong,Tense, uneasy",615ee0fda41fd9819b36a345,"As you sit outside on your lunch break, you hear amazing music drifting in from a nearby building. While admiring the graceful nature of the music itself, you notice how it intensifies your lunch break into a unique and lasting experience.",12
2025-09-09 11:27:46,2025-09-09 11:31:33,IP Address,100,227,True,2025-09-09 11:31:33,R_2NPYBtmGyorpVdN,anonymous,EN,5f33f48e7a8953257c8d5923,Yes,64,Male,Music-loving nonmusician,3,3,3,4,4,4,Strongly disagree       (1),Strongly disagree       (1),Strongly disagree       (1),Strongly agree (5),4,Strongly agree (5),4,3,Strongly agree (5),Strongly disagree       (1),3,Strongly disagree       (1),Strongly disagree       (1),Strongly disagree       (1),Strongly disagree       (1),2,Strongly disagree       (1),Strongly disagree       (1),Strongly disagree       (1),Strongly disagree       (1),Strongly disagree       (1),Strongly disagree       (1),Strongly disagree       (1),Strongly disagree       (1),2,Strongly disagree       (1),3,Strongly disagree       (1),2,Strongly disagree       (1),"Inspired, enthusiastic,Energetic, lively,Powerful, strong",5f33f48e7a8953257c8d5923,In order to get ready to exercise you decide to put on music which gives you the right frame of mind.,4
2025-09-09 11:22:23,2025-09-09 11:31:41,IP Address,100,557,True,2025-09-09 11:31:41,R_8F6sUY1cp4QYWiJ,anonymous,EN,5e804dbf2962d37261e58004,Yes,39,Female,Music-loving nonmusician,4,Strongly agree (5),4,Strongly disagree       (1),4,Strongly disagree       (1),Strongly agree (5),Strongly agree (5),Strongly agree (5),4,Strongly disagree       (1),4,3,3,3,Strongly disagree       (1),Strongly disagree       (1),Strongly disagree       (1),4,4,4,4,Strongly agree (5),4,Strongly disagree       (1),4,Strongly disagree       (1),Strongly disagree       (1),Strongly disagree       (1),Strongly disagree       (1),Strongly disagree       (1),3,Strongly agree (5),3,3,Strongly disagree       (1),"Moved, touched,Relaxed, peaceful,Nostalgic, sentimental",5e804dbf2962d37261e58004,"You have an intricate task that requires your attention. To put your mind to it, you turn on a specific music playlist.",5
2025-09-09 11:25:47,2025-09-09 11:31:57,IP Address,100,370,True,2025-09-09 11:31:58,R_2a8FPuWFNxa8522,anonymous,EN,6077d6c3ed460da6efdd406f,Yes,63,Male,Music-loving nonmusician,4,4,4,4,4,4,2,3,3,Strongly disagree       (1),4,4,2,Strongly disagree       (1),4,3,3,3,3,3,2,3,4,4,4,Strongly disagree       (1),Strongly disagree       (1),Strongly disagree       (1),Strongly disagree       (1),Strongly disagree       (1),Strongly disagree       (1),Strongly disagree       (1),2,Strongly disagree       (1),Strongly disagree       (1),Strongly disagree       (1),"Energetic, lively,Nostalgic, sentimental,Agitated, aggressive",6077d6c3ed460da6efdd406f,"You have just been told that you didn’t get the job you applied for. To handle the news, you turn to music to provide a sense of support as you manage your thoughts.",8
2025-09-09 11:29:22,2025-09-09 11:32:06,IP Address,100,163,True,2025-09-09 11:32:06,R_8rBcGgvU25Mww9S,anonymous,EN,5c28a4530091e40001ca4d00,Yes,45,Female,Nonmusician,4,2,3,Strongly agree (5),Strongly agree (5),Strongly agree (5),4,Strongly agree (5),4,3,4,4,3,3,4,2,2,3,Strongly agree (5),4,Strongly agree (5),4,4,3,4,Strongly agree (5),4,4,4,4,3,4,3,2,2,Strongly disagree       (1),"Powerful, strong,Relaxed, peaceful,Nostalgic, sentimental",5c28a4530091e40001ca4d00,"You have just been told that you didn’t get the job you applied for. To handle the news, you turn to music to provide a sense of support as you manage your thoughts.",8
2025-09-09 11:29:12,2025-09-09 11:32:07,IP Address,100,174,True,2025-09-09 11:32:07,R_2EiXKNYVWH8kKR8,anonymous,EN,65dc99d0191a135ab835bf69,Yes,32,Male,Serious amateur musician,4,Strongly agree (5),Strongly agree (5),Strongly agree (5),4,3,4,3,3,3,4,3,4,4,4,Strongly agree (5),Strongly agree (5),4,4,4,4,4,Strongly agree (5),Strongly agree (5),4,4,3,2,2,Strongly disagree       (1),Strongly agree (5),3,Strongly agree (5),4,Strongly agree (5),Strongly disagree       (1),"Inspired, enthusiastic,Energetic, lively,Powerful, strong,Nostalgic, sentimental",65dc99d0191a135ab835bf69,You are attending a celebration where music is the heart of the party. You are able to join in the fun which is aided by the music throughout the event.,1
2025-09-09 11:28:10,2025-09-09 11:32:08,IP Address,100,237,True,2025-09-09 11:32:08,R_8glwIdfED4HFOO5,anonymous,EN,6277fb597942c07d74b16b98,Yes,35,Female,Music-loving nonmusician,Strongly agree (5),Strongly agree (5),Strongly agree (5),Strongly agree (5),3,4,Strongly agree (5),Strongly agree (5),Strongly agree (5),4,4,3,4,4,3,3,4,4,4,4,4,4,4,4,4,3,3,4,4,4,4,Strongly agree (5),Strongly agree (5),Strongly agree (5),3,Strongly disagree       (1),"Energetic, lively,Joyful, wanting to dance,Relaxed, peaceful",6277fb597942c07d74b16b98,"As you sit outside on your lunch break, you hear amazing music drifting in from a nearby building. While admiring the graceful nature of the music itself, you notice how it intensifies your lunch break into a unique and lasting experience.",12
2025-09-09 11:29:27,2025-09-09 11:32:13,IP Address,100,165,True,2025-09-09 11:32:13,R_83Oz9dzrzQfhK6Z,anonymous,EN,6151556ef73ba765c7ff55f6,Yes,43,Male,Music-loving nonmusician,4,Strongly agree (5),Strongly agree (5),Strongly agree (5),4,Strongly agree (5),4,Strongly agree (5),Strongly agree (5),Strongly agree (5),4,4,Strongly agree (5),Strongly agree (5),4,4,Strongly agree (5),4,4,Strongly agree (5),Strongly agree (5),Strongly agree (5),4,4,Strongly agree (5),4,4,4,Strongly agree (5),4,Strongly agree (5),4,4,Strongly agree (5),Strongly agree (5),4,"Inspired, enthusiastic,Powerful, strong,Relaxed, peaceful",6151556ef73ba765c7ff55f6,"While out for a walk, you hear a busker playing incredible sounding music you have never discovered before. You are not sure what is attracting your interest to the music but you allow yourself to be taken in by the music and its new emotional direction.",11
2025-09-09 11:28:23,2025-09-09 11:32:13,IP Address,100,229,True,2025-09-09 11:32:13,R_2mLEedtpqKiARNc,anonymous,EN,63e632b888bcbe9376df4f62,Yes,51,Male,Music-loving nonmusician,4,3,4,4,4,4,4,4,4,Strongly disagree       (1),2,Strongly disagree       (1),Strongly disagree       (1),2,2,2,Strongly disagree       (1),2,4,4,4,3,4,4,2,4,3,Strongly disagree       (1),2,2,2,Strongly disagree       (1),2,Strongly disagree       (1),Strongly agree (5),Strongly disagree       (1),"Moved, touched,Full of tenderness, warmhearted,Relaxed, peaceful",63e632b888bcbe9376df4f62,"As you travel alone for an extended period, you put on your partner’s favourite music. The music makes you feel as if they are there with you.",7
2025-09-09 11:30:18,2025-09-09 11:32:30,IP Address,100,132,True,2025-09-09 11:32:30,R_8ZX3Bsf4GPnuhtb,anonymous,EN,60fd3ab1157a5701a2cc3468,Yes,37,Male,Music-loving nonmusician,4,4,4,4,2,2,4,4,4,2,4,3,4,4,4,4,4,4,4,2,4,4,4,4,4,2,4,2,2,2,4,4,4,4,3,Strongly disagree       (1),"Relaxed, peaceful",60fd3ab1157a5701a2cc3468,In order to get ready to exercise you decide to put on music which gives you the right frame of mind.,4
2025-09-09 11:28:52,2025-09-09 11:32:33,IP Address,100,220,True,2025-09-09 11:32:33,R_2D70aDW1fPTnfuU,anonymous,EN,6661f59ccfc8aeaad069753d,Yes,66,Male,Serious amateur musician,3,4,3,4,3,2,4,4,4,3,2,3,3,3,2,3,3,2,4,4,4,4,4,4,3,3,4,4,4,4,3,3,4,4,3,Strongly disagree       (1),"Moved, touched,Full of tenderness, warmhearted,Relaxed, peaceful,Melancholic, sad,Nostalgic, sentimental",6661f59ccfc8aeaad069753d,"While with your friends at a cafe, a particular song comes on. You instantly recognise the music from your past, leading to an exchange of stories about your experiences together.",6
2025-09-09 11:30:33,2025-09-09 11:33:42,IP Address,100,188,True,2025-09-09 11:33:42,R_2xnT6sXi8pCZhoB,anonymous,EN,5d959fdf9cf6ab001982afee,Yes,41,Male,Amateur musician,4,4,3,3,Strongly disagree       (1),2,3,3,3,3,4,3,2,3,2,2,Strongly disagree       (1),Strongly disagree       (1),2,2,Strongly disagree       (1),4,Strongly disagree       (1),2,4,4,Strongly disagree       (1),2,2,2,2,2,4,4,Strongly disagree       (1),Strongly disagree       (1),"Energetic, lively,Nostalgic, sentimental",5d959fdf9cf6ab001982afee,In order to get ready to exercise you decide to put on music which gives you the right frame of mind.,4
2025-09-09 11:31:07,2025-09-09 11:33:51,IP Address,100,163,True,2025-09-09 11:33:51,R_222THpJCmOqTDxP,anonymous,EN,634813a4c6504dfca1a5f58f,Yes,29,Male,Music-loving nonmusician,Strongly agree (5),4,4,3,4,2,4,4,3,4,3,4,4,4,3,4,4,4,4,4,4,3,Strongly agree (5),4,3,4,3,4,2,3,4,4,4,4,3,Strongly disagree       (1),"Joyful, wanting to dance,Relaxed, peaceful,Nostalgic, sentimental",634813a4c6504dfca1a5f58f,"As you sit outside on your lunch break, you hear amazing music drifting in from a nearby building. While admiring the graceful nature of the music itself, you notice how it intensifies your lunch break into a unique and lasting experience.",12
2025-09-09 11:31:51,2025-09-09 11:33:53,IP Address,100,121,True,2025-09-09 11:33:53,R_8e3ejWJBpwwzQNb,anonymous,EN,656cd9efdb298e7230d7d42b,Yes,53,Male,Music-loving nonmusician,Strongly agree (5),4,Strongly agree (5),3,3,4,4,4,4,3,2,3,3,4,3,4,4,4,3,2,3,3,4,4,4,3,3,3,2,3,3,3,4,4,2,Strongly disagree       (1),"Inspired, enthusiastic,Relaxed, peaceful,Nostalgic, sentimental",656cd9efdb298e7230d7d42b,"While with your friends at a cafe, a particular song comes on. You instantly recognise the music from your past, leading to an exchange of stories about your experiences together.",6
2025-09-09 11:31:19,2025-09-09 11:33:55,IP Address,100,156,True,2025-09-09 11:33:55,R_2CycQl6CzBlaGWW,anonymous,EN,60bbdb37286980cc3ba6f309,Yes,50,Female,Amateur musician,4,4,3,2,3,2,Strongly agree (5),3,4,Strongly agree (5),Strongly agree (5),Strongly agree (5),Strongly agree (5),Strongly agree (5),Strongly agree (5),3,3,3,4,4,4,3,4,4,2,2,2,2,2,2,4,3,4,Strongly agree (5),2,Strongly disagree       (1),"Inspired, enthusiastic,Energetic, lively,Relaxed, peaceful",60bbdb37286980cc3ba6f309,"You have an intricate task that requires your attention. To put your mind to it, you turn on a specific music playlist.",5
2025-09-09 11:22:07,2025-09-09 11:34:15,IP Address,100,728,True,2025-09-09 11:34:16,R_8uZH7fOGex9V8vr,anonymous,EN,5c1fdc85e622c10001ece52a,Yes,46,Female,Nonmusician,3,3,Strongly disagree       (1),2,2,Strongly disagree       (1),2,3,2,2,Strongly disagree       (1),2,2,2,2,3,3,2,3,3,4,3,3,3,4,4,4,Strongly disagree       (1),2,Strongly disagree       (1),2,4,Strongly agree (5),4,Strongly disagree       (1),Strongly disagree       (1),"Moved, touched,Melancholic, sad,Nostalgic, sentimental",5c1fdc85e622c10001ece52a,"While listening to a playlist, you come across a song that deeply resonates with what you are experiencing. It communicated something about yourself that you’ve struggled to explain to others.",9
2025-09-09 11:20:14,2025-09-09 11:34:18,IP Address,100,843,True,2025-09-09 11:34:18,R_2WscGqJX4sNt1yF,anonymous,EN,59e7232f24d7bf00012f112e,Yes,36,Male,Music-loving nonmusician,Strongly agree (5),Strongly agree (5),Strongly agree (5),Strongly agree (5),Strongly agree (5),3,Strongly agree (5),Strongly agree (5),Strongly agree (5),Strongly agree (5),Strongly agree (5),Strongly agree (5),Strongly agree (5),4,4,Strongly agree (5),Strongly agree (5),4,Strongly agree (5),3,3,Strongly agree (5),Strongly agree (5),Strongly agree (5),Strongly agree (5),Strongly agree (5),Strongly agree (5),Strongly agree (5),Strongly disagree       (1),Strongly agree (5),Strongly agree (5),Strongly agree (5),Strongly agree (5),Strongly agree (5),Strongly agree (5),Strongly disagree       (1),"Filled with wonder, amazed,Moved, touched,Enchanted, in awe,Inspired, enthusiastic,Energetic, lively,Joyful, wanting to dance,Powerful, strong",59e7232f24d7bf00012f112e,You are attending a celebration where music is the heart of the party. You are able to join in the fun which is aided by the music throughout the event.,1
2025-09-09 11:31:10,2025-09-09 11:34:54,IP Address,100,224,True,2025-09-09 11:34:54,R_2R8w1HETVMdHSoC,anonymous,EN,5929d9db8bc6770001fc1e50,Yes,40,Female,Music-loving nonmusician,Strongly agree (5),4,3,2,3,2,4,4,Strongly agree (5),3,2,4,4,4,Strongly agree (5),4,4,3,3,4,4,4,4,Strongly agree (5),4,4,4,2,4,2,3,2,4,4,3,Strongly disagree       (1),"Full of tenderness, warmhearted,Relaxed, peaceful",5929d9db8bc6770001fc1e50,"As you travel alone for an extended period, you put on your partner’s favourite music. The music makes you feel as if they are there with you.",7
2025-09-09 11:30:29,2025-09-09 11:35:15,IP Address,100,285,True,2025-09-09 11:35:15,R_2uDqnkq14269aIg,anonymous,EN,5fb3c41de0ad7503ae17b2e9,Yes,49,Male,Amateur musician,4,4,4,4,4,3,4,2,3,3,3,3,3,2,4,4,4,4,3,3,2,3,3,3,2,2,2,Strongly disagree       (1),Strongly disagree       (1),2,Strongly agree (5),Strongly agree (5),Strongly agree (5),4,4,Strongly disagree       (1),"Moved, touched,Enchanted, in awe,Inspired, enthusiastic",5fb3c41de0ad7503ae17b2e9,"While out for a walk, you hear a busker playing incredible sounding music you have never discovered before. You are not sure what is attracting your interest to the music but you allow yourself to be taken in by the music and its new emotional direction.",11
2025-09-09 11:32:42,2025-09-09 11:35:17,IP Address,100,155,True,2025-09-09 11:35:17,R_8Xg90G2LcflCK4x,anonymous,EN,6673e154af89f4f85eaa7c73,Yes,42,Female,Music-loving nonmusician,4,2,Strongly disagree       (1),Strongly disagree       (1),4,4,4,4,4,2,2,2,2,4,2,4,4,3,3,3,Strongly agree (5),Strongly agree (5),4,4,Strongly agree (5),Strongly agree (5),Strongly agree (5),Strongly agree (5),Strongly agree (5),Strongly agree (5),3,3,Strongly agree (5),3,Strongly agree (5),Strongly disagree       (1),"Moved, touched,Relaxed, peaceful,Nostalgic, sentimental",6673e154af89f4f85eaa7c73,"While listening to a playlist, you come across a song that deeply resonates with what you are experiencing. It communicated something about yourself that you’ve struggled to explain to others.",9
2025-09-09 11:29:19,2025-09-09 11:35:24,IP Address,100,364,True,2025-09-09 11:35:24,R_2g58I8zJiLeReWU,anonymous,EN,672df806e7c2f55e8e2bf477,Yes,31,Female,Nonmusician,3,3,4,2,3,2,4,4,Strongly agree (5),3,2,4,4,3,2,3,3,2,3,3,3,3,3,4,3,3,4,3,3,3,3,2,4,4,4,Strongly disagree       (1),"Inspired, enthusiastic,Energetic, lively,Joyful, wanting to dance,Powerful, strong",672df806e7c2f55e8e2bf477,"You have an intricate task that requires your attention. To put your mind to it, you turn on a specific music playlist.",5
2025-09-09 11:33:11,2025-09-09 11:35:53,IP Address,100,161,True,2025-09-09 11:35:53,R_2CMXzhSRK64YmQ1,anonymous,EN,5bb627b7f047e200014ee3bd,Yes,48,Female,Music-loving nonmusician,Strongly agree (5),Strongly agree (5),Strongly agree (5),Strongly agree (5),Strongly agree (5),Strongly agree (5),3,3,Strongly agree (5),Strongly agree (5),Strongly agree (5),Strongly agree (5),Strongly agree (5),Strongly agree (5),Strongly agree (5),Strongly agree (5),Strongly agree (5),Strongly agree (5),Strongly agree (5),Strongly agree (5),Strongly agree (5),Strongly agree (5),Strongly agree (5),Strongly agree (5),Strongly agree (5),Strongly agree (5),Strongly agree (5),4,4,Strongly agree (5),Strongly agree (5),Strongly agree (5),Strongly agree (5),Strongly agree (5),Strongly agree (5),Strongly disagree       (1),"Filled with wonder, amazed,Moved, touched,Enchanted, in awe,Inspired, enthusiastic,Energetic, lively,Joyful, wanting to dance,Powerful, strong,Full of tenderness, warmhearted,Nostalgic, sentimental",5bb627b7f047e200014ee3bd,You are attending a celebration where music is the heart of the party. You are able to join in the fun which is aided by the music throughout the event.,1
2025-09-09 11:33:54,2025-09-09 11:36:21,IP Address,100,147,True,2025-09-09 11:36:23,R_8khzexYYhMFTeo7,anonymous,EN,5c462f70f5bbb70001b2f902,Yes,42,Female,Music-loving nonmusician,Strongly agree (5),4,4,Strongly agree (5),Strongly agree (5),4,3,4,3,4,4,4,4,4,4,4,4,2,4,4,4,4,Strongly agree (5),4,3,4,4,Strongly disagree       (1),Strongly disagree       (1),Strongly disagree       (1),2,2,4,3,2,Strongly disagree       (1),"Tense, uneasy,Melancholic, sad,Agitated, aggressive",5c462f70f5bbb70001b2f902,"You have just been told that you didn’t get the job you applied for. To handle the news, you turn to music to provide a sense of support as you manage your thoughts.",8
2025-09-09 11:33:19,2025-09-09 11:36:52,IP Address,100,213,True,2025-09-09 11:36:52,R_2G3x8amR79ptCwV,anonymous,EN,5e5d1e6449f9e902b14ed0c3,Yes,36,Female,Music-loving nonmusician,4,4,4,4,4,2,4,4,4,4,4,Strongly agree (5),4,4,4,3,3,3,4,4,4,4,4,4,4,4,4,3,3,3,4,3,4,4,3,Strongly disagree       (1),"Inspired, enthusiastic",5e5d1e6449f9e902b14ed0c3,It was pointed out that you missed an important detail in your work which you now have to redo. You put on a music playlist to drown out self-criticism as you fix the mistake.,2
2025-09-09 11:29:53,2025-09-09 11:37:38,IP Address,100,464,True,2025-09-09 11:37:38,R_8fpbywSTfHIUndo,anonymous,EN,6659f66a90c067aa84c591c0,Yes,30,Male,Music-loving nonmusician,Strongly agree (5),Strongly agree (5),Strongly agree (5),3,Strongly agree (5),2,4,4,4,3,4,Strongly agree (5),4,3,4,4,3,3,Strongly agree (5),4,Strongly agree (5),4,4,4,4,4,4,2,2,2,3,3,4,Strongly agree (5),4,Strongly disagree       (1),"Filled with wonder, amazed,Moved, touched,Energetic, lively,Powerful, strong,Full of tenderness, warmhearted,Relaxed, peaceful",6659f66a90c067aa84c591c0,"Halfway through a concert, you realise you have been fully absorbed in the power and meaning of the music. It feels as if the music has taken you into a transcendent experience, which is exactly what you hoped for before the concert.",10
2025-09-09 11:18:22,2025-09-09 11:38:07,IP Address,100,1185,True,2025-09-09 11:38:07,R_8hHaieSDUYIe5ND,anonymous,EN,612d65fb9c0182abbcf41c32,Yes,42,Male,Nonmusician,4,Strongly agree (5),4,3,2,2,3,4,4,3,4,4,3,2,3,Strongly disagree       (1),2,Strongly disagree       (1),2,2,4,4,3,4,2,3,3,4,4,4,4,3,4,4,3,Strongly disagree       (1),"Filled with wonder, amazed,Inspired, enthusiastic,Relaxed, peaceful",612d65fb9c0182abbcf41c32,"While with your friends at a cafe, a particular song comes on. You instantly recognise the music from your past, leading to an exchange of stories about your experiences together.",6
2025-09-09 11:34:46,2025-09-09 11:38:11,IP Address,100,204,True,2025-09-09 11:38:11,R_2omWL5B4RbSMzSh,anonymous,EN,66095f32c9a782ed6acaf8fb,Yes,20,Male,Music-loving nonmusician,4,4,4,Strongly agree (5),4,4,4,Strongly agree (5),Strongly agree (5),4,4,Strongly agree (5),4,4,4,Strongly agree (5),Strongly agree (5),4,Strongly agree (5),3,Strongly agree (5),Strongly agree (5),Strongly agree (5),4,4,Strongly agree (5),3,4,Strongly agree (5),Strongly agree (5),4,4,4,Strongly agree (5),4,Strongly disagree       (1),"Nostalgic, sentimental",66095f32c9a782ed6acaf8fb,"While with your friends at a cafe, a particular song comes on. You instantly recognise the music from your past, leading to an exchange of stories about your experiences together.",6
2025-09-09 11:35:10,2025-09-09 11:38:11,IP Address,100,181,True,2025-09-09 11:38:12,R_2EtuQHxGfF1c0R9,anonymous,EN,645e63fdc26c23223753f3cb,Yes,55,Male,Music-loving nonmusician,3,Strongly agree (5),Strongly agree (5),Strongly agree (5),4,3,Strongly agree (5),Strongly agree (5),4,3,Strongly agree (5),4,4,4,4,Strongly agree (5),4,Strongly agree (5),Strongly agree (5),Strongly agree (5),Strongly agree (5),4,Strongly agree (5),4,4,Strongly agree (5),4,4,4,4,Strongly agree (5),4,Strongly agree (5),Strongly agree (5),Strongly agree (5),Strongly disagree       (1),"Energetic, lively,Joyful, wanting to dance,Powerful, strong",645e63fdc26c23223753f3cb,You are attending a celebration where music is the heart of the party. You are able to join in the fun which is aided by the music throughout the event.,1
2025-09-09 11:32:21,2025-09-09 11:38:24,IP Address,100,362,True,2025-09-09 11:38:24,R_2WXPC4xRSS31N5L,anonymous,EN,5df2b5a2feea891db4867cac,Yes,24,Female,Music-loving nonmusician,Strongly agree (5),Strongly agree (5),Strongly agree (5),Strongly agree (5),2,2,Strongly agree (5),Strongly agree (5),Strongly agree (5),Strongly agree (5),Strongly agree (5),3,Strongly agree (5),Strongly agree (5),3,Strongly agree (5),Strongly agree (5),Strongly agree (5),2,Strongly agree (5),3,Strongly agree (5),3,Strongly agree (5),Strongly agree (5),Strongly agree (5),2,3,Strongly agree (5),3,Strongly agree (5),Strongly agree (5),Strongly agree (5),Strongly agree (5),Strongly agree (5),Strongly agree (5),"Filled with wonder, amazed,Energetic, lively,Joyful, wanting to dance,Relaxed, peaceful",5df2b5a2feea891db4867cac,"After a long and demanding week, you take time to rest by listening to music. The stress melts away and you start to recover as you listen along.",3
2025-09-09 11:29:21,2025-09-09 11:38:40,IP Address,100,558,True,2025-09-09 11:38:40,R_2lufIvFdMz4B2dZ,anonymous,EN,5d5dd0b30f64720001a43f68,Yes,27,Male,Music-loving nonmusician,4,4,4,3,3,3,3,3,3,4,4,4,3,3,3,4,4,3,3,3,3,3,4,4,4,4,4,2,2,2,2,3,3,3,2,Strongly disagree       (1),"Inspired, enthusiastic,Energetic, lively,Joyful, wanting to dance,Powerful, strong,Nostalgic, sentimental",5d5dd0b30f64720001a43f68,"You have just been told that you didn’t get the job you applied for. To handle the news, you turn to music to provide a sense of support as you manage your thoughts.",8
2025-09-09 11:29:30,2025-09-09 11:39:07,IP Address,100,577,True,2025-09-09 11:39:08,R_823AzW3WOYEwmdW,anonymous,EN,67d1926649cf8a4fd2b27d37,Yes,23,Female,Music-loving nonmusician,4,4,4,4,4,4,4,4,4,4,4,4,4,4,4,2,2,2,4,4,4,4,4,4,2,4,4,2,2,2,2,2,4,4,4,Strongly disagree       (1),"Inspired, enthusiastic,Energetic, lively,Joyful, wanting to dance,Full of tenderness, warmhearted,Relaxed, peaceful",67d1926649cf8a4fd2b27d37,It was pointed out that you missed an important detail in your work which you now have to redo. You put on a music playlist to drown out self-criticism as you fix the mistake.,2
2025-09-09 11:33:16,2025-09-09 11:39:21,IP Address,100,365,True,2025-09-09 11:39:23,R_2EoRLhLeIKiisud,anonymous,EN,59bc25620ac77f0001f05574,Yes,35,Female,Music-loving nonmusician,Strongly agree (5),Strongly agree (5),Strongly agree (5),Strongly agree (5),Strongly agree (5),Strongly agree (5),Strongly agree (5),Strongly agree (5),Strongly agree (5),Strongly agree (5),Strongly agree (5),Strongly agree (5),Strongly agree (5),Strongly agree (5),Strongly agree (5),Strongly agree (5),3,Strongly agree (5),Strongly agree (5),Strongly agree (5),Strongly agree (5),3,Strongly agree (5),Strongly agree (5),Strongly agree (5),Strongly agree (5),Strongly agree (5),3,3,Strongly agree (5),4,Strongly agree (5),Strongly agree (5),4,Strongly agree (5),Strongly disagree       (1),"Inspired, enthusiastic,Energetic, lively,Relaxed, peaceful",59bc25620ac77f0001f05574,"Halfway through a concert, you realise you have been fully absorbed in the power and meaning of the music. It feels as if the music has taken you into a transcendent experience, which is exactly what you hoped for before the concert.",10
2025-09-09 11:24:29,2025-09-09 11:39:39,IP Address,100,910,True,2025-09-09 11:39:40,R_2RUJA10tWgWHRo1,anonymous,EN,5bb7b83ab791890001f4fd90,Yes,57,Male,Music-loving nonmusician,Strongly agree (5),Strongly agree (5),4,Strongly disagree       (1),Strongly disagree       (1),Strongly disagree       (1),3,4,3,Strongly disagree       (1),3,Strongly disagree       (1),Strongly disagree       (1),Strongly disagree       (1),Strongly disagree       (1),Strongly disagree       (1),Strongly disagree       (1),Strongly disagree       (1),Strongly disagree       (1),Strongly disagree       (1),Strongly disagree       (1),Strongly disagree       (1),Strongly disagree       (1),Strongly disagree       (1),Strongly disagree       (1),4,3,Strongly disagree       (1),Strongly disagree       (1),Strongly disagree       (1),Strongly disagree       (1),Strongly disagree       (1),4,3,Strongly disagree       (1),Strongly disagree       (1),None of these,5bb7b83ab791890001f4fd90,"After a long and demanding week, you take time to rest by listening to music. The stress melts away and you start to recover as you listen along.",3
2025-09-09 11:36:29,2025-09-09 11:40:47,IP Address,100,257,True,2025-09-09 11:40:47,R_8eaGF8WTvU0rdJN,anonymous,EN,673e52fc0c248822d47e03ed,Yes,24,Male,Serious amateur musician,Strongly agree (5),Strongly agree (5),Strongly agree (5),4,4,2,4,Strongly agree (5),Strongly agree (5),4,Strongly agree (5),Strongly agree (5),Strongly agree (5),4,4,3,2,3,4,4,4,Strongly agree (5),Strongly agree (5),4,4,3,4,3,2,2,4,4,Strongly agree (5),Strongly agree (5),4,Strongly disagree       (1),"Moved, touched,Full of tenderness, warmhearted,Relaxed, peaceful",673e52fc0c248822d47e03ed,"As you sit outside on your lunch break, you hear amazing music drifting in from a nearby building. While admiring the graceful nature of the music itself, you notice how it intensifies your lunch break into a unique and lasting experience.",12
2025-09-09 11:33:24,2025-09-09 11:41:36,IP Address,100,492,True,2025-09-09 11:41:36,R_8RsUPoThsf7u8hP,anonymous,EN,66bcce7233ce3b6b5aaecd5e,Yes,55,Female,Music-loving nonmusician,4,Strongly agree (5),2,Strongly disagree       (1),Strongly disagree       (1),Strongly disagree       (1),3,3,4,4,Strongly agree (5),Strongly agree (5),2,4,Strongly agree (5),2,Strongly disagree       (1),Strongly disagree       (1),Strongly disagree       (1),2,2,2,2,2,2,2,2,2,2,Strongly disagree       (1),4,Strongly disagree       (1),2,2,2,Strongly disagree       (1),"Energetic, lively,Joyful, wanting to dance",66bcce7233ce3b6b5aaecd5e,In order to get ready to exercise you decide to put on music which gives you the right frame of mind.,4
2025-09-09 11:39:07,2025-09-09 11:42:49,IP Address,100,222,True,2025-09-09 11:42:49,R_8nosGsgxbpey0vV,anonymous,EN,67607e34fb2abbf20ec24851,Yes,42,Male,Amateur musician,4,4,3,3,3,3,4,4,4,3,3,2,3,4,Strongly agree (5),4,3,2,4,4,4,4,4,3,3,3,4,4,4,4,3,3,4,4,3,Strongly disagree       (1),"Relaxed, peaceful,Nostalgic, sentimental",67607e34fb2abbf20ec24851,"As you travel alone for an extended period, you put on your partner’s favourite music. The music makes you feel as if they are there with you.",7
2025-09-09 11:41:16,2025-09-09 11:44:39,IP Address,100,203,True,2025-09-09 11:44:40,R_8J2UbS8D0FHjOhP,anonymous,EN,55d621bbdb6a810013fa0ea0,Yes,44,Male,Semiprofessional musician,3,4,3,4,4,4,3,4,3,4,4,4,2,2,4,3,4,3,4,4,4,4,4,4,4,4,4,2,2,4,4,4,Strongly agree (5),4,3,Strongly disagree       (1),"Moved, touched,Inspired, enthusiastic,Relaxed, peaceful,Melancholic, sad",55d621bbdb6a810013fa0ea0,"While listening to a playlist, you come across a song that deeply resonates with what you are experiencing. It communicated something about yourself that you’ve struggled to explain to others.",9
2025-09-09 11:41:06,2025-09-09 11:46:58,IP Address,100,351,True,2025-09-09 11:46:58,R_8xrrTv7gu3gy0Lv,anonymous,EN,65c242831388550b0a42bd25,Yes,47,Female,Nonmusician,3,3,3,4,4,4,4,4,4,3,3,3,3,3,3,3,3,3,3,3,3,4,4,4,3,4,4,3,3,3,3,3,4,3,3,Strongly disagree       (1),"Relaxed, peaceful",65c242831388550b0a42bd25,"After a long and demanding week, you take time to rest by listening to music. The stress melts away and you start to recover as you listen along.",3
2025-09-09 11:43:54,2025-09-09 11:47:18,IP Address,100,204,True,2025-09-09 11:47:18,R_8PyP7ZhAbbsfuFx,anonymous,EN,6400d8cab617f6fe54c31542,Yes,35,Male,Amateur musician,3,3,2,3,3,Strongly disagree       (1),4,Strongly agree (5),Strongly agree (5),Strongly disagree       (1),Strongly disagree       (1),2,2,Strongly disagree       (1),Strongly disagree       (1),Strongly disagree       (1),Strongly disagree       (1),Strongly disagree       (1),Strongly disagree       (1),Strongly disagree       (1),4,4,2,3,3,Strongly disagree       (1),Strongly disagree       (1),Strongly disagree       (1),Strongly disagree       (1),Strongly disagree       (1),3,3,3,Strongly disagree       (1),Strongly disagree       (1),Strongly disagree       (1),"Full of tenderness, warmhearted,Relaxed, peaceful,Nostalgic, sentimental",6400d8cab617f6fe54c31542,"You have an intricate task that requires your attention. To put your mind to it, you turn on a specific music playlist.",5
2025-09-09 11:45:02,2025-09-09 11:47:41,IP Address,100,158,True,2025-09-09 11:47:41,R_2QSYcBFvEdwvJ47,anonymous,EN,63d3fb730f03adf8b4a28a37,Yes,41,Male,Nonmusician,4,3,3,4,3,Strongly agree (5),4,4,4,2,2,4,4,Strongly agree (5),4,2,2,3,4,4,3,3,3,4,2,3,4,2,2,3,2,2,3,2,2,Strongly disagree       (1),"Inspired, enthusiastic",63d3fb730f03adf8b4a28a37,It was pointed out that you missed an important detail in your work which you now have to redo. You put on a music playlist to drown out self-criticism as you fix the mistake.,2
2025-09-09 11:36:48,2025-09-09 11:49:23,IP Address,100,754,True,2025-09-09 11:49:23,R_2E57RtgZFVS2qyE,anonymous,EN,610175135c258d591eb673f8,Yes,53,Female,Music-loving nonmusician,Strongly agree (5),Strongly agree (5),Strongly agree (5),Strongly agree (5),Strongly agree (5),Strongly agree (5),Strongly agree (5),Strongly agree (5),Strongly agree (5),Strongly agree (5),Strongly agree (5),Strongly agree (5),Strongly agree (5),Strongly agree (5),Strongly agree (5),Strongly agree (5),Strongly agree (5),Strongly agree (5),Strongly agree (5),Strongly agree (5),Strongly agree (5),Strongly agree (5),Strongly agree (5),Strongly agree (5),Strongly agree (5),Strongly agree (5),Strongly agree (5),Strongly agree (5),Strongly agree (5),Strongly agree (5),Strongly agree (5),Strongly agree (5),Strongly agree (5),Strongly agree (5),Strongly agree (5),Strongly agree (5),"Filled with wonder, amazed,Moved, touched,Enchanted, in awe,Inspired, enthusiastic,Energetic, lively,Joyful, wanting to dance,Powerful, strong,Full of tenderness, warmhearted,Relaxed, peaceful,Nostalgic, sentimental",610175135c258d591eb673f8,"While out for a walk, you hear a busker playing incredible sounding music you have never discovered before. You are not sure what is attracting your interest to the music but you allow yourself to be taken in by the music and its new emotional direction.",11
2025-09-10 09:17:49,2025-09-10 09:18:41,Survey Preview,100,51,True,2025-09-10 09:18:41,R_8oZWInJ5jBxyIwU,preview,EN,cf,Yes,99,Prefer not to say,Professional musician,Strongly agree (5),Strongly agree (5),Strongly agree (5),Strongly agree (5),Strongly agree (5),Strongly agree (5),Strongly agree (5),Strongly agree (5),Strongly agree (5),Strongly agree (5),Strongly agree (5),Strongly agree (5),Strongly agree (5),Strongly agree (5),Strongly agree (5),Strongly agree (5),Strongly agree (5),Strongly agree (5),Strongly agree (5),Strongly agree (5),Strongly agree (5),Strongly agree (5),Strongly agree (5),Strongly agree (5),Strongly agree (5),Strongly agree (5),Strongly agree (5),Strongly agree (5),Strongly agree (5),Strongly agree (5),Strongly agree (5),Strongly agree (5),Strongly agree (5),Strongly agree (5),Strongly agree (5),Strongly agree (5),"Filled with wonder, amazed,Moved, touched,Enchanted, in awe,Inspired, enthusiastic,Energetic, lively,Joyful, wanting to dance,Powerful, strong,Full of tenderness, warmhearted,Relaxed, peaceful,Tense, uneasy,Melancholic, sad,Nostalgic, sentimental,Indifferent, bored,Agitated, aggressive,None of these",,"Halfway through a concert, you realise you have been fully absorbed in the power and meaning of the music. It feels as if the music has taken you into a transcendent experience, which is exactly what you hoped for before the concert.",10
