"","E","D","R","M","F","G","L","C","X","B","I","A","VigNro","ProlificID"
"1",0.501174232868732,-2.20199995639941,-0.990602922906197,-1.55203187965917,-2.14652478278111,1.59215861790224,-1.60116139083176,-1.83146880134747,-1.24956906506467,-1.66436290389792,-0.581122076750578,0.00687739109577739,1,"5af5a5c3226ed5000133d67c"
"2",0.448291903899023,-0.076984438100747,0.116384991435279,-0.284287020110507,0.0364153952349922,0.836442386918975,0.514475335984807,0.102160354427225,-0.00468924327404312,0.252232716212243,-0.108807300929007,0.349327689949209,1,"58954e2dc88c680001dd4b7e"
"3",0.575497289817992,-0.342702851143534,-1.41433415649879,0.378291279877154,-0.530132368356078,1.06758887674377,0.037024711535409,-0.250089629315471,0.0564535842075415,0.20363351350381,-0.115642081603967,0.354852583311534,1,"5eddaa6d115bb4ac7e59f153"
"4",0.536173861146652,-1.02524978388706,-1.67631189139198,-0.560503355707516,-1.19722619745888,1.70195181886777,0.356828205175414,-1.46178645975812,-0.318930261770142,-1.34197230698186,-0.150021775361929,-0.0264959798794748,1,"5b0710e7a84dcf0001beee8a"
"5",0.373725770353811,0.322681201359083,0.901329568196787,-0.382852913610656,0.584498230422781,-0.464289447856877,-0.568722689412117,0.26055056360985,0.043918503042175,-1.01801127029487,-0.271487620663332,0.0286164350956338,1,"66484cfc664a1d8dd22f2fcf"
"6",-0.106637568626299,-0.268325403676496,-0.417602300871002,-0.113530852091806,0.377642860555793,1.13056986018235,-0.199143866366363,-0.104678167702868,0.184177355548796,0.253491337206906,0.239368062564927,0.0501492647597255,1,"5ded58a8217786000b2b2511"
"7",0.639747304012372,-1.22668671749156,0.511647774952023,-0.101431127546136,-0.42704441103068,1.17992788548547,0.461586402616678,0.571593726429415,-0.728947418402114,1.95874576823905,-0.794502010565137,0.82636014242528,1,"655b901b23209ae4a194a402"
"8",-0.0272949517207134,0.413496030052804,0.069183747181487,0.265431715173873,-0.317768002123952,0.847401069125017,0.569570736656641,0.122547475189297,0.52248806936727,0.92953921901704,0.639435650202681,0.198964767803256,1,"59982afab5566b0001aa842b"
"9",0.0344153072589824,-0.517878135462732,-0.495969609302689,-0.395633746420669,-0.482635445657539,0.454923340012159,0.424814221983702,-0.391388210251189,-0.277828754904402,-0.369281678448769,-0.63505585150232,-0.125896954300194,1,"6032276df732e91d963c2bd8"
"10",0.56776119747006,-0.229692620243843,-0.158642567777733,1.23609481613165,1.09312003813917,1.27397398240201,0.0516187761563438,-0.130883318486005,0.846599719490127,1.83793701680573,1.62056890277643,0.846699545563436,1,"6760ab77472f5f735bc7699c"
"11",-0.5512733550975,-1.45744021137112,-2.44791234980751,-1.8282670329591,-2.03839142366961,0.0668112744064297,-0.337894313495614,-1.59541934234529,-0.99926659229493,-1.69443812781547,-1.91706701025897,-0.808382329665809,1,"676407406b8f720bea5f1505"
"12",0.0227931379275351,0.137397974163061,-0.5683623322633,-0.298517153598543,-0.493685883651456,0.71039385316719,0.126778702347145,-0.498175666961243,0.194837552293207,-1.58345769075547,-1.08571836325188,-0.556952781232953,1,"5e94b43203807b339eef4947"
"13",0.210078676985188,0.0982416585522403,-0.744403557863082,0.58934864858828,0.481794311443391,1.18149541446087,0.434314491701244,-0.496536422257536,0.356988791845982,-0.0725154570731874,0.979792987919817,-0.0432738825390194,1,"5e7897841fc50b000c787b94"
"14",0.661830134879291,1.08058807281479,0.481760003623677,1.05908512661697,1.10157197151405,0.431284347067702,1.51690644873206,0.858829915819547,0.732265274543074,-0.851072518547067,0.273511717752215,0.172249116022025,1,"6413695069219184bd98cff7"
"15",0.105807913778758,0.0360999672581261,-0.152188068359999,0.283205711250043,-0.195450463635502,1.06425104569988,0.54664783279746,0.0562268192337302,0.50117685710978,1.13965727934384,-0.0533447014943282,0.192200134661655,1,"65e646da8809bd962f8da706"
"16",-0.146135926688316,-1.82074773517148,-0.876569598303962,-2.11944261853956,-2.21305000160569,-1.01540629725631,-2.41193999916032,-1.45784763410639,-2.15865903148017,-1.63415747216538,-0.328458661654719,-0.0333489615527277,1,"5fc59271971cc91189a1bdf0"
"17",0.252684588383579,-1.12251838344849,-1.90047181537627,0.560662636956229,-0.691676623289756,1.39832681565016,-0.196666098179727,-1.13309658718684,0.80332164545781,-1.01967194559056,-1.34468855898691,-0.40129093848708,1,"6730f965beb7513190d2be93"
"18",-0.0516308355800161,-0.0218200753650283,0.068037249400076,0.146833015421927,-0.146679662777958,0.809696240306632,0.163677512194947,0.0592497460624978,0.312532628300553,0.88880699188273,-0.134710283339327,0.115405163463524,1,"671fe3978b9b0b5d4b9a1265"
"19",0.819045379214626,0.613755914908045,1.01332609590002,1.3219947219013,1.52121589306863,1.88321049800779,1.56847380926698,1.01946503810346,1.48063824363645,2.16531888746577,1.65807497477998,1.08324022110044,1,"67e046e3bd41b4cbdfc27599"
"20",0.790263557259099,0.83438330098584,-0.0821956318180561,0.854605441481115,0.321929234879552,1.41004153378823,0.157900080973336,0.368553368291532,0.184933089208407,-0.571752302878291,0.339372129367593,0.448628138785423,1,"58d3b42e9dbe3f0001258d95"
"21",-0.262091916493968,-0.193859487154548,-1.64232585289596,0.0411688177035883,-0.220225951643564,0.741616219863985,0.222486911587468,-1.12158199896448,0.270350996072334,-1.6113999268582,-0.74636425999174,-0.807557668725602,1,"67911515704f23af2882fef6"
"22",0.177453961246767,-0.912496256705982,-0.632505029801312,-1.05245785343206,-0.394705263371067,0.972994708072378,0.344098619314502,0.0202172148313618,-0.941109384155241,-1.53070398786521,-0.540944212537383,0.200337735760437,1,"598517f52e38840001455b12"
"23",0.102580983700612,0.244519347961244,0.0964141281497045,0.343254098852394,0.166351259672824,0.864875314985007,0.561465777480124,0.105395487345856,0.396401392493763,1.48555799809191,0.665848502193442,0.299566409412962,1,"5ece9e3b3a19db0cf5af6692"
"24",-0.0948357476378047,-0.0751422316299592,-0.0179568595119378,0.265786327982655,-0.216091635554591,0.380514624103747,-1.23241072866476,-0.506869733001211,-0.087807276003467,0.2426006306165,-0.288422699021208,-0.305045445297104,1,"66854df2e5fef4239ff63a7d"
"25",0.707194680036992,0.140683859370953,0.0120392615121225,0.166580080497308,-0.267834770888406,1.12760952176869,0.720282652609593,0.709908375872113,0.832423046391275,0.295394380234868,-0.0659842429316344,0.644140682277891,1,"66640059232bcc6a15b24803"
"26",0.187478407409835,-0.954567479625705,-0.59167027675313,-0.698321131143966,-0.638790301220562,0.833193625178712,-0.362915568273832,0.083421953988263,-0.448612922843283,1.33591607248759,-0.218815934601971,0.33177684187762,1,"5e3f04fdb721da159417a725"
"27",0.232264254778879,-0.725830961577686,0.37338527916389,-0.155604770442402,0.414256489154912,1.42762044102311,-0.433990018253403,0.135820152173637,0.0761815196079051,-1.48258026074728,0.570403870612019,0.228547172545775,1,"6294ce94ea81c4554b141010"
"28",-0.12744243920187,-1.81638630128209,-0.170054631497162,-0.807457269867439,-1.34499381319397,0.581144088197387,-1.55903199977111,-1.23585124237824,-0.458725081950134,0.170296853193617,-0.190766905359818,0.0267424414320105,1,"5a6b844fe6cc4a0001b6a656"
"29",-0.302405271142262,-0.694352502665368,-0.0493613499255632,-0.540089580085288,-0.479087467859253,0.348250636430593,-0.916886802689275,-0.576366721736725,-0.479585984838176,-1.55690843268612,0.0701109615761321,-0.353144801392819,1,"5ea1d789f5c6d70c14fbe739"
"30",0.220985071198735,0.299518377618351,-0.713766106665397,0.976667589312047,-0.582288689207273,0.813496035779355,0.554731812646527,-0.0375356563171734,0.774800717864647,0.239400322086047,-0.169360094508595,0.0118944131655937,1,"677a444780108278c1d722e6"
"31",0.300176180586741,-0.40706873074582,0.353127814571276,-0.0486006718908975,0.0617837715522314,0.583664087766928,1.23118242484771,0.2823262232984,0.389378901306522,-0.274698308288627,0.284033374703528,0.34993028712199,1,"5f4a9eb861da210d3496cb34"
"32",0.500319186992491,0.893119124150824,0.683331955117768,0.336866022057174,0.708613779751203,1.66511634460716,0.324846054189396,0.670077967897709,0.53220535467474,0.106146906408853,1.1847751658099,0.691464630557854,1,"66a8d816cf36ee2611136029"
"33",0.358166835463304,-0.651487874887941,-0.051106091659018,-0.553305525348729,-0.373592415801353,1.01319543283538,-0.298024573483371,-0.807063688911748,-0.362304142877249,-1.09021875350936,-1.1063882090593,-0.456071647057509,1,"5bd075779afb5b00015b6791"
"34",0.381525699720778,-0.181311690236308,-0.945065426367291,-1.6128541855629,-1.56786382819914,-1.02844396923987,-1.58678227742796,-0.312894456031288,-0.857228489560598,-1.07554765445255,-1.76412874307872,0.143772003606639,1,"63d076d846d3d9dc35910778"
"35",-0.188332618722142,-0.030308744849319,-0.186598567141137,-0.5308149037271,0.323734982476974,-0.185142124133523,-0.370122996707693,-0.167441778587891,-0.908444223398683,-1.56156639226455,0.385228776165296,-0.318772736535616,1,"600f077a481b4705a93b13d7"
"36",0.479606976950866,-0.113714983298895,0.835029975737426,0.456730869802459,0.00330112495441749,1.62243865816656,1.29686573783108,0.391450059240766,-0.19355715024869,-1.02904882085767,-0.570197201367444,-0.0109931284053275,1,"6584b89c579e97a1c666dde5"
"37",-0.192317886748095,-0.626244049225895,-0.0329978011881174,-0.394100316558372,-0.25524435146945,-0.654199864078906,-0.883327506088849,-0.647434178061571,-0.659149292586378,-0.719420527783394,-0.329158152005898,-0.321965478583742,1,"63babb3f30c7eea8b8114f14"
"38",-2.6789087571569,-2.3569021261771,-2.71478249655728,-2.45310886680158,-2.54019699662958,-2.14097816235648,-2.55708306222149,-2.79758718188871,-2.48383128019769,-1.82471745379883,-2.31712136296525,-2.28515721865152,1,"6693cd4efb0ada0cb10c894b"
"39",0.533868793227148,0.393274296212063,-0.289779516577843,-0.160530387506491,0.374815135800368,1.49236028814301,0.649330015365841,0.512951607899792,0.420201121851283,-0.802256293494583,0.729579071130713,0.513019330579194,1,"65dc99d0191a135ab835bf69"
"40",0.87347689720472,0.918117618556318,1.00281712027798,1.26137548806576,1.02088158420493,1.58718325610753,0.598063151113305,0.981479359781098,1.43396270869796,0.968452473353914,1.5899229752769,0.979418941362518,1,"59e7232f24d7bf00012f112e"
"41",0.816610789111262,1.26769996200917,0.0785259017090462,1.39744001298424,1.47228865321468,1.84707435537755,1.62899025630487,0.944307753818197,1.54979703906623,1.55136978103708,1.6396124676299,0.94565051035731,1,"5bb627b7f047e200014ee3bd"
"42",0.407901522532096,0.615538131542279,0.64944732452997,0.277207896386024,0.517854338242159,1.46647594998317,1.4950783011641,0.627078311940249,0.938283857148795,1.28041670213051,1.2303643898615,0.7649207416925,1,"645e63fdc26c23223753f3cb"
"43",-0.013347520137363,-0.0190214038483115,0.0751895664097117,0.386661054210832,0.501986812322992,0.853066287733868,0.542431691813641,0.074649592199953,0.476881838483817,0.29667334363957,0.638191124205087,0.165124988599007,1,"5ea7e9f15bc7011d31958608"
"44",0.593965699220967,0.225422674806664,0.415135517711674,0.141222747965328,0.647286973677856,0.846389513006717,-0.911005619689606,0.127338252908449,-0.0480323299327322,0.249053882867575,0.612124776891466,0.398017339001877,1,"67913bb270c5970717520975"
"45",0.730424085345723,0.9394186162461,1.02381570304989,0.749757779198913,1.38778804220986,0.677542565767328,1.50488007106053,1.0276953073546,0.562323582509923,0.560914569627237,-0.348730340016445,0.463322640567228,1,"5efca85159e09c06e7d064ba"
"46",-0.0340070054351785,-1.46681304350006,-0.393099259959184,0.389264183256539,-0.207602388170629,0.794875084393961,-0.589294920303673,-0.870975560103903,0.53944813253648,-1.39558207533655,-1.10424893864167,-0.57158351109799,1,"63ed50df25d0ea08696b393f"
"47",-0.101790525845114,-0.731525170612078,-0.32199420822374,0.00775602982661808,-0.178941281114696,0.875719802841667,0.419056515184002,-0.658887118141794,0.186498198056466,0.240193972981195,0.609371241307683,0.0163650334731056,1,"60d4497712b0332d4ccb9c48"
"48",0.485439427842832,0.734212968323107,0.976858538805324,1.15241104131836,0.687790489699628,1.45209116974946,0.807412951432347,0.941196122281443,1.27958442621054,2.13949373739667,1.20835548547897,0.811039505099757,1,"5edeea354d54cb1a825aa8f9"
"49",0.306658212302407,-0.630661951126646,-0.760295918280236,0.104008334485701,-1.18472181844313,0.847652372725576,0.45141368981417,-0.414701728560753,-0.295154193754726,-0.70945837259384,0.480319185312298,0.0201341669498432,1,"5d853d4eecc7dc001850467f"
"50",0.777208336602421,0.417566534614942,1.00315328159974,0.603794870172345,0.80438553103101,1.57552775206624,1.41631649921233,0.988765386839386,1.35862817570895,1.84196942135226,1.25198026229204,1.03591763907805,1,"66faeeeafd0c076eec88cfcb"
"51",0.800601908993714,-0.0157320319312664,0.90457893648248,0.0236526271191619,-0.900178922405465,1.54063361799654,-1.48257580282214,0.492670154910538,-0.0543177486734712,-1.22816083601346,-0.167199504493811,0.503624041291784,1,"5edec2b3e095321650bddc22"
"52",-1.49615372264037,-2.21887577348708,-2.40420905051333,-1.30088705950219,-2.32792758348127,-1.90813243141528,-2.05247022827322,-2.56661161311783,-1.72787271769359,-1.69547427548604,-0.495489651678133,-1.13791498547026,1,"56bc48c70b36c4000c4ddf80"
"53",0.710795587091015,-0.934083655281336,0.846046265000738,-0.390846269035127,-0.413884397905285,1.68813859756769,-1.09193828206422,0.0901389520207992,0.210721512225156,-0.352149010653383,0.657999260474169,0.688083501499414,1,"59136492bfce7c0001aea83d"
"54",0.455577950454441,0.327687512475076,0.84215618901469,-0.311699887885608,-0.440220673195102,-1.89567498123861,-1.39979064293549,0.065024993024616,0.0922437248565103,-1.64169563186244,-1.95665519427335,-0.392887112371619,1,"5c60501d767686000100150c"
"55",-0.0820448266328043,-1.23425545225346,-0.7347118346592,0.250364059586439,0.0862456147905794,-0.510881520378653,-1.35641211208846,-0.504791317707591,-0.351916129327073,-1.28025380211942,-0.273189579694651,-0.0883826778483188,1,"5acb92e9e1099600016ad073"
"56",0.604901945894268,0.376585339428511,0.758318371759795,0.469281896010769,0.810850121797452,0.897576753460433,-0.101447921181251,0.819632342808857,0.835329851595411,0.990301345206585,1.17089050833189,0.887294031083408,1,"672a21a1fce596116252b41e"
"57",0.532822876023628,0.32421833993827,0.371061294438371,0.780269211355616,0.880244850356194,1.1013308513739,0.566233273431397,0.18364113865309,0.0569007126443837,-0.0144270410866185,0.283994749345096,0.325574284408712,1,"67424c6b07d7d42c5ed0511d"
"58",0.178359909265041,0.290643367591886,0.0660014967519232,-0.0385371789424827,-0.400604508090638,1.0947510966433,-0.277040087970092,0.0916375220451855,0.81934871542535,-0.33426056191646,-0.103717523459178,0.105586101884828,1,"5e130b3f54e2f09436f73393"
"59",0.453511767482115,-0.975415667384705,-0.584141698999859,-0.87456341852193,-1.3802969512354,0.811275883729909,-0.594846800511039,-0.926366335456096,-0.615968942404038,-1.53483886579696,0.58839229795759,0.278981064038072,1,"6778d9d077d138c02e3bfaa8"
"60",-1.00118247554198,-1.29467358387509,-0.923053159031816,-2.22169488705187,-1.95674833583617,-1.07977651712797,-1.36287182150465,-1.2509067137562,-0.998504382781828,-1.41105159938733,-1.99899243271808,-0.943904788626068,1,"5c5ab384e7f42600017cdc27"
"61",-0.700782445743512,-1.57684257485882,-1.17928010436603,-0.797439238288065,-1.13481028597523,0.0674111471086393,-2.17343409335133,-1.51518164146439,-0.829327244990621,-1.67693190158375,-0.811748217671908,-0.857941202227157,1,"6671e1ad81d3578f72ab17ad"
"62",0.768402219627685,-0.848396140693823,-0.35234105132116,0.626936591556815,-0.313165036458493,1.82647201419452,1.06389536037481,-0.514453944834797,0.558352135632102,0.312952486726275,0.0547704609240772,0.565693722376053,1,"61059ae3e280dd20c9d838de"
"63",0.340081565466101,-0.143733639080135,-0.754239594211614,0.665992033271468,0.158730348684845,1.39731312093859,0.410649246861515,-0.519656702106259,0.511246711120513,0.812148404320878,0.663920118428196,0.183201359952085,1,"622a35c96d9060c175184c93"
"64",0.454132997467277,-0.931890074701437,0.339691264561306,0.290268068343333,-0.0262291502521863,1.68681626102439,0.00990897245543431,-0.888452981931005,0.314300302740944,-0.0870860442637255,-0.425000284500551,0.068070532562004,1,"5d542c3a5af5900019bc80c4"
"65",0.861643254980103,0.731088602962657,0.753283787027034,1.11455568013907,0.255627523195519,1.76075943357605,0.137304225793268,0.878431677517851,1.26746527009918,0.942826483150583,1.15761329982766,0.941701883676946,1,"5f61023f891bb903b975dbee"
"66",0.349169215351475,0.450867250244811,0.165200859085952,-0.148023249001132,-0.191901571191879,0.793017491746538,0.596478892724593,0.430942144400634,0.11640599945222,0.228914056717871,-0.219461702017862,0.126327195425012,1,"5e64f63fe8177d2669776c08"
"67",0.268962073492547,-0.165969790725346,0.595588141786534,0.195839594864634,0.152145044336414,0.78522473994156,0.165684804381192,0.283815396666025,0.260195733235487,-0.888206795777236,-0.218768438376213,0.0541335310642348,1,"6617d376619a2b4541498f2c"
"68",-0.461564062744391,-1.46614529509921,-0.895828386462275,-0.657747210759933,-0.550295484153849,0.118151918486434,-1.19064598884013,-1.25527971388371,-1.04125485808679,-1.65839459797493,-0.411217616484266,-0.658357578397489,1,"5dc9cbe8be3c0f6f54f8be65"
"69",0.460324375288718,0.583761074744234,0.733993779766126,1.17123964288084,1.45675302671375,1.17080937859039,0.672857878839558,0.87385844718184,1.05492308407405,0.913175214279059,0.323204651067135,0.492773690624854,1,"6141b3a09d0f397694eac922"
"70",0.111827871934958,-0.416539173541277,-0.465414156631866,-0.13677805519134,-0.244014047285528,0.744485756807721,-0.19363944223418,-0.496100746464935,-0.688118298761053,-0.0196527283742166,-0.15805615048497,0.0593213052022112,1,"6554d186333715acb0213918"
"71",-0.402476630438065,-1.34466399855105,-0.201867916688643,-0.659472438296782,-1.33749546725299,-0.0375819450984641,-1.61946290124201,-1.34361967669488,-1.30567136531357,-1.04388981738007,-1.14451831501001,-0.654517707646304,1,"676059a89a0c103ec2d1f45e"
"72",0.294302448676722,0.173130824166248,0.0730440703117511,0.292243883185524,-0.321734665786506,0.91050163334542,0.54913433901746,0.169764052118206,0.912840686785514,0.0458976565866571,0.713312639216567,0.466344148666334,1,"666332bdc5b6f8765b5e62f2"
"73",0.761599067953831,0.0403141893523566,0.938162047964426,0.48285090703019,0.539735738344459,1.0483098939723,0.5754290695758,0.675308823174916,0.375848211844516,-0.525897095813719,-0.0986351692794597,0.491390515742339,1,"644bf7fe4fa5d41d1b261946"
"74",0.492492622993473,-0.784608263040878,0.0491393788973137,0.103916911032157,0.162813692063559,0.316923585372692,-0.316748444651141,-0.27587400177821,0.286679109081232,0.172905002021485,-0.192660584674956,0.192548811209309,1,"5ea00e67848a4300085fa5cd"
"75",0.422916432969955,-0.382066850603031,-0.230650235503848,0.635694762611088,-0.298188454968775,0.865192346076347,0.106297758459854,-0.323617193798367,0.592507631184803,-0.0386185989993795,-0.14982127723373,0.119879137882056,1,"6662fd93d4c6c8c2dea3e4eb"
"76",0.512485332429462,0.0398248294241306,0.0219843443355052,0.497563707873718,-1.1124055931313,1.34122822881421,0.320484973783494,0.0702740710105757,0.755562307828561,-0.63198102765538,-0.572138444228143,0.12620581634097,1,"666212bb44858d9736ab05ec"
"77",-0.409347378610619,-0.123546552157403,0.0293897736202782,-0.435904794680116,-0.443028057801584,0.75178303465565,0.0104217925874993,-0.166215495268478,-0.279013988736249,0.875517402842368,0.151563219553502,-0.0705484401797529,1,"63d7a26f594b17eba6a83328"
"78",0.32069078151787,-0.187410110422105,0.823603790536036,-0.465198209891305,-0.409602919326711,1.44738842462255,0.420264878172376,0.123980798014044,0.737931241513587,1.79447187418392,0.779787032188404,0.705667155186761,1,"60381c56a3d28f19c7093147"
"79",0.414759882387054,0.636742375888787,0.565275198922889,1.05721066985057,0.746208013683816,1.25651692209306,1.06897256020813,0.222578713154061,0.946386004453021,1.56425746351091,0.824249440690411,0.556064122936873,1,"6712c4178dc857f9a720852b"
"80",0.0569342596144269,0.185422754396169,0.063414041877495,-0.650106818609039,-1.07761299756626,-0.95686204386592,0.796312217209349,0.0353784816649427,-0.716033627908289,-1.32196547453394,-0.713176610893213,-0.252759712263645,1,"67c8c28fccf665e3c35c44ce"
"81",0.525720609371135,0.299851355005216,0.702185698746027,0.136230381949316,0.288015779704267,-0.348548334701949,0.415137273439697,0.517396583439215,0.130772576009726,-1.54798406233208,0.359347131192794,0.0313234894837219,1,"59cb95053306be000195be2e"
"82",0.848455247079115,0.772070114601365,0.467481812328113,1.16566929865911,1.44675020391822,1.45813650361272,1.54019942127364,0.899009128057384,0.531302904012283,0.256376116499257,1.15144099882307,0.802077238829907,1,"665dc46f6552a7a3a0039fe6"
"83",0.854071371375181,1.3332327051043,1.0318569014929,1.36217149814081,1.51719539903354,1.83649234539201,1.62578575602931,1.11978845180361,1.5452229453039,1.89126172383304,1.65380932703089,1.01281777050218,1,"63e6378e04ade071ebf9ff9c"
"84",0.68144508205164,0.727855082331722,0.255727869283053,0.452151590425158,0.504019736845805,1.10138232469505,1.02851208091168,0.843461161493543,0.792314299478165,1.18565690065074,-0.0303925193885551,0.614856541130084,1,"5ce046f0feca32001bf94033"
"85",-0.0665802144552832,-0.0634357005583017,0.0887987929838583,-0.27149579487934,0.12360925385813,0.8331525981195,0.159014160792618,0.0456009649195207,0.281948512134503,0.611943615854996,0.621797980118752,0.213143731929048,1,"682873b45f6f878f3e09f079"
"86",0.683343544851287,-0.193256846766078,0.104272648129051,0.532708396878182,0.523583047292076,1.23080976333357,0.90244714483539,0.0826128574499633,0.382019035638888,-0.037870822412566,1.10493849407974,0.551636605591178,1,"67914a71e31261f2ae882759"
"87",-0.413625941431773,-1.13595359065663,-1.37321198543366,-0.917456342949201,-1.22522809193663,0.0969670495196574,-0.554243570049154,-1.16710269375788,-1.08175829151505,-0.751554086414178,-1.06052822988097,-0.462235348115905,1,"58c4ff360f0c150001ed45a4"
"88",0.131255374507315,-0.804083975409569,-0.614685541860609,0.798142609881931,1.30248923408624,-0.784300709794993,-0.553576145603319,-0.066909016432892,-0.626932945414855,-0.725809507944364,-1.453602087276,-0.337687390052966,1,"60faaa66a4657aeaa138a87b"
"89",0.469478173871799,0.366360192240159,0.0581842732235927,0.402392962699734,-0.85514226891261,0.795240136588696,0.541214773865568,0.0844771393177636,0.443160204572045,-1.51310477682501,-0.238447727211523,-0.0291069565857052,1,"60ddcc052137212419247c3c"
"90",0.165263314036397,-0.426975303392284,0.0156334381745531,-0.389677611227169,0.0197995588303777,0.803699600045264,-0.279203369902397,-0.433362744343135,-0.106930122199713,-0.0920107354570993,0.576171255040903,0.119423738119348,1,"6266b0409582f553a3e10d9a"
"91",0.304993284727352,0.0612306864382025,0.426514402975775,0.403128633912159,0.523938890373911,0.540600398316718,0.568352226802317,0.51011283276144,0.597053833413326,0.888732712635365,0.218343493930713,0.345907725815003,1,"64137cf15dfe79e9ff198054"
"92",-0.851501477582782,-0.64793357133537,-0.85483271569294,-0.59749904491744,-0.527478608590319,-0.223355358794743,-0.495652365998321,-0.899491900805657,-1.09210981215711,-1.58788437769038,-0.396123699110444,-0.771840243353182,1,"594a8e2eeaa18e000163f6cd"
"93",0.264651184567438,-0.306890680786643,0.0795098795245817,0.351013711611014,-0.120396931558843,0.827063458149345,-0.353812439779118,0.030293130517685,0.206335767783926,0.295531388075361,0.287856294310583,0.443288950821275,1,"6661bfef6ed3f052c785d31c"
"94",-0.307389981959967,-0.802010463235165,-0.794087769535055,-0.412824039689365,-0.487775520685536,0.735564231598063,0.315773479004234,-0.595453434529776,-0.548604206593627,-0.760251294877186,-0.724873559971847,-0.569077278009499,1,"63d7a2d9fb49359b33545e83"
"95",0.519887464319448,0.924436352803721,0.783782351319957,0.489868382126502,0.573217965119429,1.36259588748773,1.06779930780683,0.0182636015306952,0.835656216301853,-0.0691584220652101,-0.0824606688438935,0.0635414918195307,1,"5d2de4db914b6e001877da8f"
"96",-1.18659101659499,-0.760206891920349,-0.865561999157399,-1.36599107535291,-1.43836957576695,-1.06503608452185,-0.662930246658221,-0.953882034675637,-1.30637833198899,-0.739504381439377,-0.47202677382042,-0.848190967482624,1,"65b7b0e4e6fa7d632205b4b6"
"97",0.0958543753359877,0.503488659930126,0.0657685546529888,0.873008877435141,-0.933800600756416,-1.07735373361389,-0.647117256342647,0.0261133641773582,0.469827683109699,1.12893556729707,0.549788172601441,0.201439056604078,1,"66d1a54cd3bb924c93f45ef3"
"98",0.368609167922923,-0.794846259353856,0.365248720562895,0.427948368960216,0.818611385902637,1.64744389638762,-1.08132536413696,-0.223070578305303,0.287792643965985,0.799116335438181,0.241918302370076,0.294138580016813,1,"59dccd61e75b450001a689b7"
"99",0.185057650790477,-1.30540394109597,-0.830643284473309,0.235422392522533,-0.739132909291229,0.77679807534536,-0.973093648119468,-0.854568917493433,-0.320258960233742,-0.671903829816763,-0.549974330988933,-0.0219765435922078,1,"665ee5cc20e355d89d631002"
"100",0.153565176007493,0.571028041832581,0.442067821477315,0.674287047343643,0.829167149449925,0.838763423284202,1.00694988680257,0.668394148716668,0.610334499805608,1.17193534432421,-0.0995554817388092,0.229635061885713,1,"6645ead2d999bda561f525ea"
"101",0.863777459472278,1.30277812413879,1.02022077474016,1.29627605376011,1.23335492255796,1.80900504616189,1.6114818095966,1.110172157038,1.38509771906793,1.57598948376852,1.27869572118236,0.939711416093732,2,"672f488089b8f59064c010fc"
"102",0.242199164652174,0.757810279950383,0.417841137111652,1.00600987555305,1.22064921874329,-0.010661569542251,0.596416786996501,0.416905578615177,0.561458629987056,0.24772535140713,1.00167223768067,0.182107939012695,2,"6760580745ecb73102f83f3d"
"103",-2.1383772238295,-0.584887039751582,-0.4716571963325,-0.842130003806382,-0.0373778115918903,-2.08229912286078,-0.831405208075202,0.00968356408678233,-1.0913640866223,-1.66739593605554,-2.24823984122521,-1.72471961992388,2,"5ac4b010f69e940001d97645"
"104",-0.00952070493915831,0.441447042995122,0.359717307694572,0.8124527394104,0.377128054946867,0.828171637312372,0.200525066433867,0.158869167142428,0.575580350571708,1.48810622765142,0.676378530702333,0.23648180231139,2,"5ac22f45436f550001ffbad2"
"105",-0.229827296365044,0.388501908527407,0.305251681959619,0.658393039222122,0.577506497152198,0.00694115672713644,0.928319020990813,0.244025468818964,0.46184662934072,-0.110765072231176,0.491365389714336,-0.222137817136874,2,"5a6e411fe6cc4a0001b6d24b"
"106",-1.9164397290559,-0.336217717752199,-0.402691672478077,-0.613353142441906,-0.716373511746523,-2.18695369562186,-1.89439454172078,-0.81598728498429,-1.65871903608104,-1.70066856977049,-2.23801720408981,-1.83139411495242,2,"5a0c036857cee70001767a58"
"107",-0.142872463120076,0.0069921800607804,0.0978407015480794,-0.560598854684143,0.312977533905463,-1.01850927106608,-1.25344686514334,-0.067239368792922,-0.0721370360602853,-1.54750635056737,-0.357496413221164,-0.281155161385336,2,"6697cf02d714e7ee3fdedcec"
"108",-0.561168376518382,0.287370843375583,0.59996959747868,0.413511866155826,1.10522627007122,-1.62701644480958,-1.01567355749268,0.27694594942087,-0.287821062166778,-1.26307474454631,-1.21313175719204,-0.746802214631986,2,"65bfa0a07056d13e2b2fe555"
"109",-0.115525569590475,0.747344945043172,0.674350484536891,0.810358754198479,0.838496706861237,-0.827916189875934,-0.228468105135336,0.327407564852965,-1.01427511019752,-0.132167982894797,-1.10429243531783,-0.456648207256675,2,"5ddd9d0e40460ecfff653cb5"
"110",-0.150803391301043,0.322049716599765,-0.0638939528746157,1.08660175755086,1.37427304962252,-0.902713493348729,-1.61717407328705,-0.0261023255039452,-0.388394374941495,0.197202292048624,-0.272538105237953,-0.228177554923116,2,"612adba08b8235b31539c704"
"111",0.0286829622181736,-0.0757480128882527,0.382345674206154,0.300865556083558,0.802455647982578,-1.0030961352187,-1.15340871399184,-0.0407105852521154,-0.247025623726132,-0.436923767785543,-0.303282581877012,-0.154559259178479,2,"66bbafb05de7e549455aa4ff"
"112",-2.6789087571569,-2.3569021261771,-2.71478249655728,-2.45310886680158,-2.54019699662958,-2.14097816235648,-2.55708306222149,-2.79758718188871,-2.48383128019769,-1.82471745379883,-2.31712136296525,-2.28515721865152,2,"5e10d936502213792e67f1a5"
"113",-0.102031549991886,0.120354227208482,0.0851617888920753,0.391220455106759,0.502291826154038,0.505009047991946,0.537737166632414,0.0867686791073048,0.475416871591009,1.14534562117686,0.266487448573637,0.0776794509692975,2,"67d45859360daf1b062c0275"
"114",0.548349161570888,0.630232798358082,1.01342584870512,0.614802748165819,0.927778994679805,0.916233068962965,0.658858707499242,0.903853809155429,0.668139652957663,1.54976621864869,1.52379690991689,0.867465026540556,2,"62b4403257f7d42730f83394"
"115",0.220790577859558,0.335092758396272,0.113593146137441,0.501981603242801,0.44855172414825,0.503250290717012,0.16978769103686,0.0274215269492231,-0.013164491636812,1.50074611179141,1.09855434706815,0.544660319861505,2,"5b82d4fda284bc000193094c"
"116",-1.64430008790855,-0.481914751928306,-0.0457689296045426,-0.893381734221576,0.27359946658086,-2.025147146415,-1.27673034052934,-0.571521500068916,-1.10115790928485,-0.733573137713403,-1.28628947846437,-1.21920702178298,2,"677307ffcee988907232b0cc"
"117",0.238659390151849,-0.153579368627321,0.110525856287159,0.228743114921028,0.457215102913101,-0.976236484336561,-0.322087752496632,-0.104400115507756,-0.797366316558422,-0.2395415007574,-0.337018352223114,-0.14909946253537,2,"66c20b634a3b292d25596fbc"
"118",-0.839152510312866,0.871471388550332,-0.343186434027788,0.92437889273192,1.09278474712001,0.675669097876677,0.654279307067685,0.532492056515683,0.509229715118971,0.307647448273423,-0.958190452033479,-0.511381249949473,2,"5acddd6cfa3b4e000173db88"
"119",-0.319209597896611,-0.902567047023209,-0.731039651839273,0.577638306135602,0.459447466504752,-1.90437340744304,-2.03881530487365,-0.716024536082677,-0.637313320750874,-1.65769071140898,-0.788227336322548,-0.59671220808993,2,"681d11acf32ffbb177100579"
"120",0.487006800540643,0.546566219902949,1.01319688040281,1.13535949222028,0.9169042914856,-1.75700657436583,-0.137358135429636,0.816087990358754,0.24261830540317,1.92206632945741,-1.38495489442628,0.186359202914523,2,"664dad1672f2f70e4aa2a012"
"121",0.616942784945311,0.86699536568593,1.04128397377501,0.527166287516514,1.03752722224938,-1.24277295340803,0.668551394839826,0.966763689499274,0.712886225927155,1.15420886222335,-0.126382890859537,0.512171456742609,2,"6533ba7daced485bbd50324c"
"122",0.837475511317426,0.795649886997592,0.763657512907372,1.332341697661,1.50260803293073,1.84681644933982,1.47062440712686,0.983512817157184,1.34903258537335,1.54213046542369,1.63435100688852,1.00702784765855,2,"566feba6b937e400052d33b2"
"123",0.337440251256749,0.273366724946949,-0.750066906124366,1.15250286789431,0.555053119296123,-1.72068461681163,0.831545859439159,-0.536986690982353,-0.0597917777724336,-0.71690143421335,-0.592320547802719,-0.255140132048434,2,"5c0ebf81857373000152ed32"
"124",0.152720698561448,0.245054904511924,-0.454431367645953,1.35794887777359,1.41095440619484,-1.10430490556536,-0.52031287297235,-0.142497469812317,0.649398525860952,-0.18687182951917,-0.722213173486477,-0.495535524922947,2,"5e0d0d47d62abe49fe4748df"
"125",-1.25737788483766,-0.0597680428452435,-1.03233600994918,-0.104387278573677,0.149634943926105,-2.00662259508581,-0.235414707925089,-0.710997991433158,-1.22422444559579,-1.68542144984225,-1.37274876824464,-1.45340969841939,2,"588e7fc25726cc00011d72ce"
"126",-0.472343731187858,-0.310843110481862,-0.318513908873317,-0.146294517117232,-0.34571707927311,-1.77578157353348,0.302679503647621,-0.673846307376905,-0.541383055223384,-0.953829733393197,-0.0063099721189494,-0.48837785277316,2,"66bdde69417a86ba178f7871"
"127",-0.119170174675793,0.165017368153544,0.0976286957401254,0.242681100772067,0.125420238469139,-0.701899604433996,0.464577418169657,0.239069289466171,-0.586217518590128,-1.59525366486913,-1.54825136648885,-0.544531958134945,2,"682b3f63d0e2c4eff64fe664"
"128",-0.724780017732608,0.146546270067365,0.0444628783997778,0.122918747387659,0.452825087913773,-1.21238846348193,0.443452729438768,0.0541839372545532,0.25064992734855,-0.36797324334207,-1.10548727948859,-0.650535262711793,2,"5defac7e56b506000cdd3b32"
"129",-0.434855949023282,-0.279476078227971,-0.0831033532631217,-0.382331097158369,-1.22947116466564,-0.715958128017002,0.378321919741159,-0.470741573864388,-0.277044663244682,-1.6112148823754,-0.469533855656092,-0.723710207731526,2,"65107641138d7e50e2a290d0"
"130",-0.137395232572704,0.234403868041576,-0.188601230640887,0.0317201067979206,0.286468091672776,0.190285252801405,-0.594650888199284,-0.217540845922891,0.144216332062237,0.464895361608075,0.141528094529565,-0.191411531279818,2,"5ea97d9c3593b80714388e3d"
"131",-0.873741841123393,-0.282516273800444,-0.195459380751121,-0.0768731088479544,0.427255895987651,-0.980789688710657,-1.24443005611918,-0.208759611066833,0.373368435413688,1.08520838827093,0.408832149744026,-0.386471322502319,2,"5c2a7509a4694800019815c7"
"132",-0.128049415098225,0.839232288107243,0.441168102615689,0.473157313582299,0.717179222138384,-0.994756343549294,-1.04026066649552,0.446675090306828,0.50106381726813,-0.947393238032802,-0.419522166988877,-0.351249669671953,2,"63eaae9ee1256094c6a221cc"
"133",-0.258365916646275,-0.19023039822892,0.683094720544875,0.648774947984797,0.365965376548238,-1.31386878451977,-1.3767673782232,0.435464446825053,-0.902890641655886,-1.57752532713812,-0.432681702538702,-0.339965776220699,2,"5755c957eb80c4000741a9ce"
"134",0.0829608122330177,0.537832240929777,0.179677793308218,0.731952999435078,0.843851185574936,-0.839217988679688,0.651287612951785,0.456852098669563,0.468043963120682,0.535926048360951,0.545349338809682,0.119711203683814,2,"5c4b2a7dcee399000113cd85"
"135",-0.734917070924437,0.504424955978581,-0.127503212029075,0.93099029886999,0.822222071561528,-1.31283630675329,-0.845784025892847,0.109213018515742,-0.382070731164463,-0.0786973375802354,-1.07151317320196,-0.578666828279691,2,"6127c89a145f6be7b6527daa"
"136",-0.254599995982649,0.504554721200467,-0.193917507516626,0.700683818610119,0.51746823303256,-1.62237152496682,-0.514151873950288,-0.113896959828727,-0.638097324630201,-0.745898484978506,-0.784116406893705,-0.649937294019675,2,"63e6a31a1f62653eee8e0d1a"
"137",0.415584633507462,1.15260495619723,-0.355811916599105,1.30895581300206,1.4095703796458,-1.18845917601012,1.02956473364319,0.323770192358451,-0.291892747866074,-0.74145036928476,-0.711254698380842,-0.412179075469526,2,"5e480e306f7753000b908cb2"
"138",-2.14490013951083,-1.85537178906552,-1.81733841202909,-2.065589723676,-2.42472258992036,-2.10449025007463,-2.35327846365891,-2.00339150115842,-2.1992576294071,-1.2173919501036,-2.26363620500164,-1.85710387281869,2,"563f734bcbd4c60005dc9442"
"139",-0.359064725999306,0.691355801782852,0.0638720738916971,0.223945584357591,0.0209692241887911,-0.502272426798519,0.534918673711063,0.0447993661987299,0.175425352809971,-0.047948575652134,0.847939939988148,-0.285590901103443,2,"5ad06853b438910001ac8bee"
"140",-0.148477360708793,0.679228923573143,0.343341049745716,1.15571084557712,1.45649989292376,0.181626301888151,1.33867641223631,0.444063637317135,0.693794358007046,-0.569643883816201,0.562872516352083,-0.160600439394681,2,"5ba22638474398000172c47b"
"141",-1.88448756436369,-1.34082134107436,-1.69399262658605,-0.31648310640849,0.0125591216957069,-1.77204039876689,-2.00985507198843,-1.66724232267769,-1.85135384532998,-1.76964976910409,-1.47183752893969,-1.88426181491698,2,"55b95e2ffdf99b469f622883"
"142",-0.149860499748063,0.636950512295808,-0.430675198946063,1.28525841025808,1.38219975233576,-1.45182990196514,-0.477752438388561,-0.146530851419603,-0.147274820649937,-1.67943263462272,-1.67449453193285,-1.05032562929007,2,"5ecc16488c01ab7c7a8978ea"
"143",0.687349237284482,1.25968349784191,1.04736920289738,1.35184580063303,1.47532634528865,-0.026529162191325,-0.681229569974665,0.962364712266278,1.32630485509278,2.07357792443919,-0.0297848845120901,0.611782748362544,2,"64455cfdcc83f30266ad2345"
"144",-0.599448043873613,-0.56832953084195,-1.07680787776668,-0.910160242744684,-1.17864861640268,-0.163081210517084,0.27314582644132,-0.695399137301235,-1.01146210279276,-0.246550486071829,-1.21284045842806,-0.785367720765702,2,"65dcb1277d4c8c0b58de2db7"
"145",-0.0967550618866343,0.466690300157067,0.0979678532359328,0.415961040545938,0.509763021314783,0.332888554911156,0.561324482325437,0.124860129650827,0.505603255496567,1.16404962970023,0.617111614038833,0.099900436108808,2,"6682504bc0252a33b4c4406e"
"146",-1.10610885831643,-0.478404848500605,-0.503546031907471,-1.12281651434492,-1.37432571215349,-1.08860763612821,-0.369160012395363,-0.307758008175907,-1.21846924282004,-0.372426993695331,-1.27559191912273,-0.876864526321678,2,"663f7196a07afa04b277db38"
"147",-0.60191586976403,-0.10201333272306,-0.241241014138104,-0.182031609087048,-0.400339005898539,-0.272950156782494,0.464048831258835,-0.0370465496492694,0.0414152323829924,0.238550250759169,-0.271321726203733,-0.294040868638448,2,"5e5f8c16394d082c15a4e93a"
"148",-0.0868359046573826,-0.047314514410535,0.285987138197269,0.27892129750993,0.268404406734275,-0.13722551353434,0.0876447104411435,0.0229058896673184,-0.318698511360151,-0.673710152480621,-0.631933659502612,-0.265554426075608,2,"66774233add67a4a8e71398e"
"149",-0.305767246306739,0.714359439709536,-0.267793415278024,0.39964741742786,0.690104261341925,-0.744539258593001,0.554116409225215,0.433018519329267,-0.0573417293145264,0.253815682770068,-0.246755694052615,-0.166501179793658,2,"5ccf41c9bd0d3e001593ce92"
"150",-0.060781310735672,0.171867395892962,0.0728627616194681,0.738118109585071,0.559305443883012,-0.019075524114793,0.510783065424263,0.0776376187227992,0.447316656860455,0.261149475636419,0.224727852737293,-0.0236176230968184,2,"5e5d1e6449f9e902b14ed0c3"
"151",-0.039483561375798,0.387343979237057,0.0959689258812771,0.347336409289913,0.466704965216977,-0.965236249897879,0.456411062155022,0.133053855994444,-0.133840129797365,-0.65329653630659,-1.0021077492735,-0.234308037382957,2,"67d1926649cf8a4fd2b27d37"
"152",-0.777924808219169,0.219533162688583,-0.00910354518403685,-0.365678211484696,0.616566605724054,-0.858688104710515,0.318664665987744,-0.392996749750204,-0.547649043237643,-0.476812049733064,-1.1813681845093,-0.953993450666818,2,"63d3fb730f03adf8b4a28a37"
"153",-0.393489531501517,0.244448012148075,-0.2343460145874,0.630225830126094,-0.012536063491299,-1.02732975593714,-0.0449044949650577,-0.287907740176657,-0.243634267990905,-1.60912618200364,-0.414073608363998,-0.803475988230799,2,"59baf1a2178f1b0001828a26"
"154",-0.205547759693893,1.01407871942152,0.0715333917231642,-0.652399830829457,-1.09927226005802,-1.86539535384307,0.806910594444596,0.180251276139907,-0.205626851722871,-1.08092855116056,-1.9450338269926,-0.653754628450036,2,"676ae3e650a28a06d8486941"
"155",0.357990168543373,-0.0416089050162912,0.108704772279192,0.285180233923993,0.469984889353143,0.266089432753347,0.124602321640086,0.0107729249609715,-0.00904217701460133,0.214937724272139,0.215446587425304,0.159570030796875,2,"5deebd169b8f245615d59507"
"156",-0.405212614523029,0.564329777777213,0.0829994779090627,-0.149023321002338,-0.122196383090888,-0.95978371892686,-0.242806166792152,0.0207181369968262,0.0873064091876324,0.477322152343115,0.0796593476682661,-0.296511693442774,2,"55b0ecccfdf99b2116e4123f"
"157",-1.074503229981,1.0904886639777,0.843527767173308,1.01048282046501,1.45726746929132,-0.528726618375437,-0.501572923397499,0.443254932737556,0.906269932898417,0.0861648330895017,0.463021889334621,-0.596256994422859,2,"6346883183e9dda2b38f6c40"
"158",0.762884813077132,1.37033594151226,0.246785329469789,1.38715699432323,1.48816595803357,-0.061669584390225,1.53343565510767,0.962337797319452,1.27075312890471,1.26204628196795,1.54944171090665,0.846621632087872,2,"666ee3edd64e15b3f825e899"
"159",-0.164202143543794,-0.359073762687814,-0.178327781698056,0.192763990779278,-0.143862039755932,-0.96364973777323,0.280037472055284,-0.121891763245931,-0.649478502164592,-0.977604006090447,-0.707461380394174,-0.367303728382087,2,"6155f2c84aedcacc95fb188d"
"160",-0.741316181475707,0.445686883793172,0.031120067861595,0.193639768774864,-0.323590021877745,-0.331455838728719,0.399102806549257,0.0286530982775027,0.024233103960858,0.80941323092871,-0.308809641031243,-0.483447665330197,2,"5ba0181462e04c0001f76d2b"
"161",-0.133118370520526,1.19371815392221,0.95734297358709,1.15638899785939,1.48512914328296,-1.50899319943072,0.959471400444219,0.86001769538577,0.469267037876541,-0.667156906077803,-0.367724873310325,-0.440262788005227,2,"5cab22cd68194f001511b2d6"
"162",0.541226756638772,0.986983951397436,0.993789163479969,1.33248146670241,1.52620573780816,1.80737108921487,1.60177471944318,0.988039045483016,1.35086678708044,1.83547845854989,1.54189918137745,0.684528630685902,2,"6137e32367aae15b0156bd7e"
"163",-0.635296755455975,-0.399572648185766,-0.466065575124439,0.360067472521045,1.2208807010203,-2.02957196572977,-2.18059586851361,-0.368592991261224,-0.549545086898124,-1.7069770625494,-2.08331119534547,-1.1151574776079,2,"58a9acb966e4640001c53a7f"
"164",-0.148560747455375,-0.343206244471036,-2.37789185132414,-1.60997018256643,-2.43518058921467,-1.94203848247424,-2.28633828157885,-1.55730774802442,-0.668368020036828,-1.79941501633479,-2.14665056377164,-1.0493185618954,2,"6775c5ef1f8667141b32c256"
"165",-1.16534497029979,0.06811854526517,-0.0426942809385799,-0.464092351548805,-0.444934024304659,-1.13871513473014,0.29477393198754,-0.282660834079502,-1.0292413718073,-1.62609214036661,-1.32399629991241,-1.25653699729605,2,"56bdd0efef423f0006cbd833"
"166",-0.0348136424217556,1.01106062065297,-0.368345260918889,0.193587337907071,0.966735609156481,-1.16046917455977,0.635710101046462,0.207492615442372,0.312843773370746,-0.550350107445758,0.0990801341940296,-0.164281223726825,2,"59b26718773f410001487813"
"167",-0.0538506286921192,0.532105104902982,0.940838289278086,0.440043421302253,0.236110494096052,-0.395628448750336,0.550580982855849,0.811352706631043,0.370604365728128,0.570810737184723,-0.231044982715698,0.0600680999011632,2,"603659d5c391045d1e4b332b"
"168",-0.317130318536447,0.227127242570607,0.0884197613170098,0.202930907283233,-0.196251773285392,0.476941632075416,0.660161309139556,0.293151406773448,0.338335849999686,0.537121928675594,0.244857071797285,0.048342928908242,2,"673df625315acdaf5078f0e4"
"169",-0.437624860669704,-0.316300471473936,-0.515045797252407,0.116098234525196,-1.13830010635726,-0.85747422642061,0.421294335414076,-0.21681212359312,0.243540196877826,-0.700098829004509,0.341623992177581,-0.424357396730128,2,"6092f5798557f50d14d13327"
"170",0.600773275873491,1.22861893489802,0.984254095964806,-0.828005676516732,-2.0377101454392,-0.303819597175423,1.4407298682494,0.954393209739863,-0.156341578736666,1.42843153962274,0.587950718013065,0.687310477691089,2,"5a7cb83a000dab00018c530b"
"171",-0.367284578829266,-0.200733935121248,-0.000353968211972579,1.15427591595123,1.15094709546163,-1.53606940268079,-0.503130787879965,-0.575925289706137,0.145082824776817,0.262338085558064,0.596370762534206,-0.118431881706803,2,"67665f7b0329bd3e30515ad2"
"172",-0.346689824324818,-0.325481176616008,-0.791408971524204,-0.130041096514859,-2.05800470987001,-1.91333479822426,-0.916454469005618,-0.566799894080773,-1.06347479909487,-0.257784733523699,-2.01377935476053,-0.715080488449637,2,"5ded6bf963c5794306e7b75a"
"173",-0.412832691343818,0.1512937002701,-0.408271774802807,-0.00612210073738048,0.393571170279446,-0.979695512922808,-0.281198287106753,-0.0792964224638707,-0.131746700312338,0.191378834912808,-0.71346428412424,-0.371199863078005,2,"58ce8ad7444ade000102461d"
"174",0.222826188943979,0.191733799886446,0.149231054863225,0.396229692270869,0.502670351576571,0.217946129530586,0.541181312994203,0.306437783315512,0.345982624236606,0.844872881620291,0.279751265830665,0.291563521939103,2,"654fad6bf1d74c86f20dbd99"
"175",0.336541694842564,-0.534364977036372,0.331865649762975,-0.950851708770916,-1.1544987106786,0.0821872477513893,-1.45422181391238,-0.25336269233803,-0.132118268117295,1.06275808990322,-0.938403882943068,0.290767033226186,2,"66dc52d4479160da542d911b"
"176",-0.648473792089375,0.843130287957847,-0.0120846021182608,0.0168058711332593,-1.18256273961257,-1.9529209259442,-0.044380742210945,-0.0361436282079088,0.0308404504423168,-1.66465275524656,-2.14437354077872,-1.27797309540973,2,"5f3d9d4fd0119419fc617ec2"
"177",-0.891845586687703,-0.413510786858606,-1.10044577084727,0.65773469342588,-0.332966019454201,-1.04758394915466,-0.51348331297206,-0.897853771343852,-0.460663026995333,-0.748361384781642,-1.16465757711549,-0.968829024054325,2,"5e7e1679f8a96f4be83e51e4"
"178",0.0617614636188907,0.253187655953702,-0.725106475712728,0.341714238403845,-0.153616834584676,0.446227171862362,0.160010682063253,-0.319665169343684,0.140464359179628,-0.653361141825719,0.503771039941888,-0.152501659206647,2,"5a1acd7ddf3fa800015c4d2c"
"179",0.315726399260033,0.510216866198081,0.630990576438855,0.220648347084427,0.75433586292782,-0.608528618785223,0.132292355299483,0.290507681063683,0.653908335463929,0.857745236781773,0.694471296359169,0.496010264859463,2,"5cd2e5dc3c43570018b98f0a"
"180",-0.780493795043573,-0.452383524804212,-0.543666940791896,-0.535170722657799,-0.494011462205927,-0.158047046028226,-0.561474699319376,-0.726062966122099,-0.462932522545578,0.163750297383916,-0.360304055431533,-0.622242696189736,2,"5f9b04d500cdf12a7e4c654a"
"181",-0.521890966966183,0.0645832051504296,-1.83053350758864,0.712375496451262,0.388921888960201,-1.5423965591369,-1.34686501972323,-1.17756561174902,-0.0918014746462677,-1.69353086813168,-1.99132220769906,-1.22547792687069,2,"575b2b408b705300078ae5e6"
"182",-0.854502898948202,0.422069054761369,-0.173309945250295,-0.261308739268461,-0.41253784609758,-0.163412564087798,0.527838074687703,0.186612653821392,-0.39768084686417,0.78384994435528,-0.668098317174713,-0.493316460810054,2,"672539aa74aa5a08ab440626"
"183",-1.16511813717823,0.271485362687953,0.0901313853290106,-1.39339632807831,-1.10846188025913,-0.59664851259209,0.395638671971112,0.354984212719557,-0.321643607551855,0.248883535440228,-0.740331747743054,-0.552369050423375,2,"573db9f8cc30e7000dc573bc"
"184",0.507996484006889,0.991032992424575,1.00061580785129,1.32541970279727,1.52541620686929,1.4895312069246,1.58346295469664,1.03583225293115,1.47101301515279,1.8463372083549,1.58798974851131,0.799937424809198,2,"666044f3a8e70f7fefb42014"
"185",-0.354169309524742,0.116711475852798,-0.450270861204925,0.50269254415652,0.505590804159264,-0.892013723899629,0.443781443209122,-0.16321224934811,0.106512713565276,-0.393705718561717,0.469315810620872,-0.286563413478253,2,"612f538747ef6b8c305a49b3"
"186",-0.576036149272589,-0.303983524011606,-0.388744744510793,0.261275620085143,0.459205303251221,-0.735381154077819,0.432117734824015,-0.0597583125417263,-0.903628390740723,-1.31326997213829,-0.836386180546711,-0.715604593140268,2,"5ed0f5328a1fa9000d1072ad"
"187",-1.29806406211152,-0.358900508118288,-0.568225186261034,-1.5189137487647,-2.24081070234713,-0.94694840780718,-1.31258175401804,-0.396660948684338,-1.26818948900478,-1.59651605216226,-0.577929573806174,-0.92178639363195,2,"66fbc35985ff22e3e81fc62a"
"188",-0.935131911172495,-0.551475819949843,-0.382731884197398,-0.565052681735004,-0.49518861420449,-0.22375026860372,-0.962431678864928,-0.847472661835317,-0.660759700787924,-0.72003640762759,-0.420268393544675,-0.827805580911362,2,"5c8ad6fb3b6f3d00013d7ab1"
"189",0.0592363888262432,0.310288977965185,0.159846591404731,0.714117877914557,0.560092830325964,-1.20162914922061,0.476725657172017,0.354872952377332,-0.501162206445209,-0.369500799396772,-0.317013375932996,-0.160599770636629,2,"5ef08aa7177a735c78ffbf40"
"190",-0.481022619980699,0.0621540741842795,0.560618555865694,0.703022854818674,1.35842335934574,0.192191704123049,-0.442253539163279,0.100107709953519,0.151813036216526,1.13012290843476,-0.530769906412108,-0.238258429459946,2,"62b2f74cf3794e252cc7d1a7"
"191",-0.40832616692559,0.443940762584369,0.309643045545562,0.390524018560342,0.503153693704261,-1.91227118546473,-1.26919615641364,-0.114334316640492,-0.279463143095875,0.36529455993264,-0.486753333767871,-0.673528570300215,2,"61648be296a6aa6811817678"
"192",-1.22248230224265,-0.542998309650194,-1.54415439182912,0.681006879106591,1.23013034313763,-1.9375513793307,-2.24058156779103,-1.03811479287003,-0.539870577262305,0.437836277821844,-0.690737976630436,-0.709457889793498,2,"5d47fe3b29194200012bf92d"
"193",-0.227139553479284,0.552144818410826,0.0497461750009923,-0.0797970711152434,-0.725004229925811,-0.314052003267825,0.495043724909931,0.0247853365364551,-0.532477474250248,-0.140015207652955,-1.13180263734811,-0.533213022778598,2,"67db4c889794c3be29370b1d"
"194",-0.236259832563788,0.391422545910583,0.840586010416823,0.193409911362738,-0.28562369195339,-0.949913439029912,0.37107249938926,0.410276019314139,0.0893692754940669,-0.631305969855923,-0.321944299456926,-0.240795924510673,2,"677402fa760bab6fb5210f9a"
"195",0.410076371607936,1.04724282417473,-0.643956556154273,1.26469782411623,0.57637849945272,-0.41787822328232,-0.167705793868011,-0.0800544316767222,0.662407024645535,0.424920278104356,-0.27430102019769,-0.219223734171692,2,"63894fb507f1065baa53c1b6"
"196",0.0544843517406128,0.678081486591733,0.69539709052646,1.05034982899724,0.872276717110065,0.0805492418167753,0.98603639844181,0.899648196775241,1.15313888081649,1.86115899326753,0.720644297419344,0.504949808199754,2,"628f6f85d192d1fee0014ef0"
"197",0.688587588191311,1.00779286643953,0.958325137547803,0.732703345763782,-0.199175033807537,-0.00195059966505118,0.600268532210823,0.750399559768383,0.313843224954419,0.920679512778538,0.639897823393705,0.566611680549051,2,"5d556c29e657130001d62ab9"
"198",0.359205509170301,0.299045149782483,0.406447506564927,1.02116884760643,1.08000565808668,-1.27472149301492,0.850845167907541,0.509434849174899,-0.5084291401403,-1.30848731411135,-1.10965977078411,-0.284433986405053,2,"5b82e63e338a930001562f7a"
"199",0.529597505395103,0.274711186224825,0.992570935285164,1.2785498340802,1.51267266393364,-0.0937628950396003,0.95946953297928,0.893830376905752,1.10077278804492,1.15079615763578,0.710553123137728,0.626251404234133,2,"5cc310bef457fc0013d42743"
"200",-0.308123555182878,0.100348291593757,0.0812209789037408,0.334873605748505,0.457298815914799,-1.25699418043282,-1.15867341748609,-0.0464714828729953,-0.171779806940216,-0.436263093359769,-1.08502177631725,-0.406129813856326,2,"5ef36a78ee14310baa87bcc0"
"201",-0.177110822197984,0.0769361644597041,0.0614178049381288,-1.34310800731419,-1.20145763103221,-0.992435890627716,0.412339912494284,0.0207365868699108,-0.628181799431633,-1.57850785252828,-1.15948591609275,-0.396799303141942,3,"5b0712a66c2e20000157909c"
"202",0.734977467356523,0.614291210180983,0.949867015846639,1.15176201779587,0.661484470874131,1.40276935015902,0.388537949073914,0.697457141107995,0.952971487534668,1.76284647487046,0.716926007452489,0.734247022121725,3,"6658b14cfcfccc0b76bb64f7"
"203",0.699552334855808,1.27706876000906,1.02252541208722,0.612142386374993,0.851633486718127,0.890293006315359,1.55225600169044,1.03425700860574,0.716086146941964,1.21962336711857,0.717258369777111,0.622440456635852,3,"582f8bbd4cadc80001b0fbd3"
"204",0.838893563887544,0.659840218800733,1.01317596312131,0.915790106545963,1.2312499895345,0.937564242396183,1.0360914097031,0.970820949235851,0.954299890132139,0.377977177380827,1.18664880064145,0.863062588262643,3,"5cb4f4ec46ed130001d15b05"
"205",0.739484494081476,-1.01550879091819,-0.26813185582346,-0.0134685498309666,-0.18478602336354,1.06763376972973,-0.972921251574688,-0.816998082280501,-0.539107917245371,-1.5441576483878,-0.10046236014053,0.318551892896914,3,"6818aa3b091f461c436e4f12"
"206",0.272673605596352,0.298884807831432,0.674681893266831,-0.3523737522086,-0.394325830560349,0.223436210051138,0.539651537707174,0.468447850656281,0.417083348605976,0.552982642981737,0.272599577170096,0.407920732763281,3,"571b3de05d40840013c49f3a"
"207",-0.447091388713664,-0.348026198554356,-0.262402663237319,-0.419302008346569,-0.458837034103299,0.204788873859867,-0.394500528530988,-0.321627817079418,-0.380253234858525,0.177299427151244,-0.327435538129904,-0.369536877572474,3,"5dc9de05292aaa6e477846c1"
"208",0.464004060570237,1.13044255296387,1.00380417798457,-0.847569438814948,-0.862234217939728,-0.237236185104749,0.251578998820309,0.95746376507756,0.574571551255327,0.634466808194482,-0.168335275293065,0.494863378837455,3,"5f1088e27a43fe0c64ca5814"
"209",-0.169982473417204,1.12138980184992,0.0099293711922219,0.902936876399018,0.848885317767151,-0.160464769054981,0.283102177503272,0.806884059483145,0.766958084114492,0.975534188623584,0.341026142511082,0.305033649326333,3,"62d6d77df59450e545fb22f6"
"210",0.24000165350773,0.465839455775275,-0.141893598374344,0.573705824494675,0.516424763246321,0.638296763398844,0.58400544522322,0.103415507518229,0.531129220716455,0.550548017484707,0.582973817434105,0.0995273369087446,3,"6759980d797dbe50150130e0"
"211",0.254484933418865,-0.707936824068058,0.0212178143397737,-0.703570138199252,-0.319935959482517,-1.85854985644962,-1.3054583930194,-0.616854752330814,-0.815756540689719,-1.14677486864955,-1.2430503829701,-0.459118928553294,3,"5f27f6a0e13d4e05d048335f"
"212",0.386761270231366,0.733859069975117,0.88277327058816,0.156832358542903,-0.364837534031089,0.762955276163925,0.613440574175222,0.545403076425626,0.26256097773386,-0.743138643279853,0.125956488099353,5.6909641314256e-05,3,"57719c19b425c40001433b1f"
"213",-0.123120147582264,0.44863052284523,0.0742115786518728,0.271214271461085,0.738872856448232,0.189971120379346,0.155374707599698,-0.331643066298545,0.424005028396136,0.578195380924109,0.997017758777028,-0.0480002860778276,3,"62a7477981491179fd5f1f6c"
"214",-0.449459538070902,0.363957934707713,0.92221476064408,-1.19969402822409,-0.509879529907868,-0.9471394357195,-0.329538352748599,0.56540769001214,0.233855847439932,0.850762649486547,-0.362157110424921,-0.15852270228279,3,"5a270517b4a5de00011af15c"
"215",-1.13731601319187,-0.272663458704273,-0.550346081464242,-1.33604593572574,-0.891232610959488,-1.10371125165032,-0.826965146953813,-0.467712426620851,-0.842396304193486,-1.34072943464786,-0.858126955473658,-0.919856251406416,3,"5bf2f728bd9f150001f6cc42"
"216",-0.175628123118519,0.258322643651768,0.05950594501467,0.249284772931728,-0.344432897269666,-0.652222003694216,-0.267934138929135,0.03093584179177,0.327623788418678,0.446908579704921,-1.04912978500449,-0.296076068699297,3,"678ea8b3a094ea0ba1319d21"
"217",0.137831282319152,0.197510392899888,0.43521741321328,-0.449377974739413,-0.378057737558974,-0.987208509074325,-0.991063802549417,0.364098808708748,-0.00295922073749114,-1.2319625111624,-0.375563235737881,-0.0859502841023979,3,"5ec3eabec8f93307a60c5d1b"
"218",-0.63510171344624,-0.314967181997139,-0.0104489640644126,0.0491794240457933,0.417662550439437,-0.483290758520855,-1.17616568137165,-0.448080798116922,-0.876124554417248,-1.58790835046596,-0.420965673621132,-0.726349586930227,3,"5cd6f48c48cd50001862b4c4"
"219",-0.535059397587079,-1.13686793285312,-0.599688352589906,-0.57624046707566,-0.51292914537965,-0.180827113666218,-1.36945574737731,-0.939288304964943,-0.971312099722056,-0.149595082441036,-0.389351460618662,-0.521909795476957,3,"611152987d872a13bd7b7cac"
"220",-1.34782503604322,0.0631479831382418,0.256469268697189,-1.42681252558886,-0.91408558556856,-0.791692728724577,-0.0357981069971548,-0.0292455922573608,-0.997657010484641,1.06797411014598,-1.17268579452019,-0.761864451950513,3,"588c98cf670d6600012bd774"
"221",0.330283788812424,-0.0252464470952912,0.12394855674254,-0.110115774119915,0.400909006795275,-0.107695363549118,0.477186633848543,0.0761296064266282,-0.692608086428309,-1.0043552391802,-0.295395810014492,-0.0852111629475175,3,"5bccf3ad1662020001fe7bbe"
"222",-0.0715733283594434,-0.0304946258486811,0.0742851386735068,0.283197520604724,0.489737138950367,0.20599722819235,0.509626214686918,0.0469538163034379,0.404378257327132,-0.0301003887844819,0.570164332240378,0.0375264186544169,3,"660d6a1f4a7f1337de235daa"
"223",-0.172737018605041,0.29082890085199,0.0956127446386617,0.0234649302051863,0.07708799268653,-0.114242333040497,-0.24315520611165,0.131471620254732,0.147457746631911,0.52664033302519,-0.903599212011701,-0.00550988823741418,3,"5b03119a22ffb50001cbcb89"
"224",0.841180031814184,1.34557923278387,1.03545734861632,1.36201425193032,1.51832407233349,1.84191862809065,1.62801996762053,1.12366722320682,1.55459395720536,2.19105324740082,1.66307470515908,1.03557147671671,3,"66a3f631b56d7c748d02c597"
"225",0.820919552194887,0.957545009466345,1.02739704750625,0.795607626421538,1.21650817330115,1.83581447686349,1.23177753675756,1.047617523605,1.44717306775475,1.66859372259871,1.6256608699557,1.0417462050698,3,"5b61d7e48de04c000171cfb9"
"226",0.304281399210655,1.05378728866947,1.04521432125535,-1.41479011177681,-0.634354216975201,-1.80280607205625,-0.837058728981179,0.85108562480841,0.0127287513903547,0.532248260400568,-0.287608328584645,0.357044325710286,3,"655e0a82d5d2084400745459"
"227",-0.37087562657122,-0.228545809818671,0.344245972075377,-1.48089368156343,-0.885849093785723,-1.23543481173919,-0.584338477850745,-0.00735716930507646,-1.06795674953861,0.181355515997072,-1.08665387054904,-0.168935262398346,3,"56cf683331a5bc000de1d20e"
"228",0.472149770810494,-0.142027444328471,0.0731186086839549,-0.454732919173878,-1.05236216009647,-0.536325195235995,0.416037742612611,0.0454772848836048,-0.227633186136774,-1.53435932421784,-0.304250941063897,0.169578198056678,3,"58f3d7699fbdde00011e99f7"
"229",-0.291702525895375,0.323701203911353,-0.209058219804071,-0.425769928726397,-0.455391462522976,-0.989728986853562,-0.735093318320785,-0.133660776559562,-0.00477267768948144,-0.701774957169497,-0.0207513404270385,-0.438973049505474,3,"62b5edc0f30897b95f76308b"
"230",0.558364018985157,0.509855427547705,1.0056201836705,1.23867546907673,1.21741991214425,-0.904755114603225,-1.02812724556465,0.698092778511672,0.491637439355388,0.811560457340317,0.541291494784033,0.377274840573509,3,"5d6efaf57e41e600016209b4"
"231",-0.14168830345091,0.453477560665833,0.893509647072873,-0.648540631596101,-0.44687175737024,-0.150284260895851,-0.214016465811079,0.410077132800843,-0.302943169470171,0.856890894264971,-0.61317814177405,-0.0341693094908321,3,"669d5265b980bf3846b82821"
"232",-0.340994584058319,0.477988762816797,0.936449143060896,-0.556028075329696,-0.407382684915435,-0.160879413120281,-0.172104465080944,0.705289114562073,-0.273128440357352,0.502988129598775,-0.316122613570216,-0.0956038422890024,3,"652fd6db8f5f2657e3ce2f0e"
"233",0.0296506646701135,-0.536699823216642,-0.221154472755815,1.06034092228965,0.0304799207840778,0.0692724118173273,-0.02528303249962,-1.20835713873966,0.459090520429575,-1.60571379602713,-0.307046351673243,-0.656278035029527,3,"611a84cad4328e2779125bdd"
"234",-0.0502998398513748,0.544738009174031,0.38766548759259,0.411433260032366,0.528814128872985,-0.346247298670584,0.547836176156799,0.385506220813057,0.591678129439439,0.304990307182076,0.585970018203244,0.129219754098124,3,"5c2b80f371d2760001eff037"
"235",0.680157392403029,0.218726441863361,0.942400831915027,-1.78162869813636,-2.26018664936229,-0.470245421454981,-1.10300182112344,0.657452779045998,0.410700815612049,-0.609443099811738,-0.974975538299966,0.588456855104323,3,"5eeddefa177a7322144cbc5e"
"236",-0.453647338624345,-0.175164899208625,0.578113159259432,-0.906572046292309,-0.507020650184496,-0.98639281535196,-0.919823433734906,0.0269323531850612,-0.1207211438027,1.06100999411802,-1.07912296414589,-0.245063495701041,3,"63b55a15c5bed86cb84c4fb7"
"237",-0.0548759909773642,0.0989625141729304,0.901341614616087,-0.772693755193778,-1.24460239926786,-0.38281657115945,0.0903382794814389,0.323059324520669,-1.59683270113331,1.97307003210902,0.133988322306448,0.328138650273706,3,"5eb82e4312c92a06cac8dcc1"
"238",0.6258601289617,1.05842506438079,1.07476340238174,-1.24380817206457,1.08937506226025,0.63277719153366,1.55008999801957,1.06998180550984,1.15798839455915,0.385496574984115,1.45090166591956,0.773786157173327,3,"5eb05ee34ca8a81042c289ab"
"239",-0.115394209917193,0.536110492780977,0.0159591904751806,-0.304425535674044,-0.708460525212726,-0.760890050449886,0.457239629467464,-0.168632324904469,-0.64817123891172,-1.64247822546118,-1.2503822057061,-0.799957989726603,3,"6175c5e3f8c378f922c7c7bd"
"240",0.028622244262436,0.440675044048585,0.126446383994123,0.917308185566721,0.869285332998641,0.0694073168778859,1.29980167886738,0.441290342683729,0.959072843412306,0.0575702233950019,0.697086709766498,0.287906734263,3,"5e57d38b533eec1818078f0b"
"241",0.26511775265121,0.203400202361936,0.0361163043972997,0.530004081552462,0.833347274755328,0.79946787248073,0.544082301992684,-0.216165506242574,0.43834467482024,-0.43477848980511,0.137815076720918,-0.26430409385439,3,"5b7ecfe47a63030001019c35"
"242",-0.274279095741295,-1.15043298373137,-1.28496240745743,0.409341950437273,0.397106817807365,-1.03605427307447,-1.41870906453026,-1.08268888195249,-1.06213245718834,-1.10371475660676,-0.785129401107064,-0.579211770993647,3,"68bb6a70111684d20811fae3"
"243",-0.103207633927206,-0.554005969860863,-0.457380156624449,0.366279269654748,0.775458972520308,0.835461866859204,-0.554559226002353,-0.0471597058065328,0.783454290928272,1.12089552523011,-0.462672947448471,0.110632772909436,3,"66be7301e7d69c455ad941e2"
"244",0.515475964006094,1.05579800170238,1.04878407206133,0.302336119301393,1.31001958125164,-1.39182975342035,0.0783446019561837,0.874565606230565,0.0524136968154758,0.235721054072275,-0.617631799265755,0.115584488407777,3,"5e8e2341b233860cae471c69"
"245",0.0167066743847231,-2.08668383709219,-0.838875628209976,-2.00525637285425,-2.42887295144009,-1.87963237890243,-2.54498525510594,-2.24947858030637,-1.27134244681994,-1.8073451569847,-2.0291809955129,-0.761403989536609,3,"5bb7b83ab791890001f4fd90"
"246",-0.792198546787524,0.280533278049363,0.0431563343357615,-0.522588231069987,-0.455942894111912,-0.151433368713238,-0.342189910686125,0.0115910450835419,0.076300292095225,0.265033319660491,-0.291652028189408,-0.384457936790985,3,"65c242831388550b0a42bd25"
"247",0.518199742804439,0.489318430661358,0.987479780689354,0.326285288472728,-0.114840065669776,-0.400732063190587,1.02553028790308,0.897319275153726,-0.0114099631183124,1.11431765829729,-0.106757549606107,0.580077156769756,3,"59d3ef2c078dbe000195117f"
"248",-0.0788259746395713,0.0789103379521643,0.121739672922199,-0.705742759517462,0.30086692272107,0.578160303062393,-0.204698737705997,0.0756094888140795,0.13473096585802,0.585571068694673,0.21030745893905,0.189761927506952,3,"667fa8cc69c7dda35b75cd14"
"249",-0.804373316081705,-0.97222577602613,0.874959364333545,-2.22121663508399,-1.24006878808445,-1.66256423725087,-1.51115710614225,0.298405318433364,-1.21893700915668,-0.817276896031651,-2.02828889491629,-0.502738576062715,3,"5a510af3eedc32000141fe67"
"250",-0.585093638291175,-0.382259858830386,0.347443272866289,-0.529405472630257,0.0782799805543326,-1.75117528205671,-2.19703884714643,-0.299088735798936,-1.89279869086848,-1.62358795680275,-0.105427347597103,-0.575227137548698,3,"5eff7a731d128004fbda59de"
"251",-0.00400999642555473,0.363629114151465,0.691936136618431,-0.198314960980577,0.633162367923587,1.14820591738095,0.607223432199789,0.482221792338118,0.537028847868978,1.79194005776019,0.319892515337929,0.411901862326409,3,"5ce15b0ea7b516001828c646"
"252",-0.142786656794509,0.0572846889630846,0.0426609141891705,0.0251865381625475,0.418106854419726,0.14811425329513,0.377970800473471,-0.118065626661371,0.351403283175961,0.269916804050132,-0.56588883543845,-0.216251596010708,3,"671a6761c985926dac72ad08"
"253",0.685661269543681,0.898799272645157,1.00377264014519,1.01283537027933,1.18425960808038,0.225307474151824,0.646377304320805,0.905310922677763,0.85036871397239,0.308830855954279,0.694902262499684,0.482166013024316,3,"5ab10212fb22320001bacdfe"
"254",-0.539030202731953,-0.503368244983229,-0.188713490463556,-0.283352517635885,-2.05096759507267,-1.93245656855463,-1.41651269513464,-0.20410769180178,-1.5825783025222,1.26729973205923,-1.83638957307609,-0.195888845406128,3,"5a8b59ccf49c9a0001f3b3c0"
"255",-0.615483157464294,-0.090395172960959,-0.0583969306462867,-1.11397561804458,-1.39809615082759,-1.92774785857746,-1.75491619048559,-0.628051929275938,-0.173872895915381,-0.761477348561919,-1.65973884472055,-0.806060689405313,3,"637e3bedd8c3601a81a65889"
"256",0.349440985582207,0.34948284001051,0.969504820810797,-0.748122794624669,-1.04893076490609,0.239190531401168,-0.0731387940433396,0.810796753268195,-0.104901666414926,0.554568303651816,-0.146521944020379,0.564440684270555,3,"5ce9b0e4be5a6b00163f6870"
"257",-0.374639705429102,1.1308580062,-0.048709851433796,-0.8726028932617,-1.4964671044978,-1.73064058537264,0.337472157389563,0.645965901983728,0.475594277950309,1.95432089318978,-0.392575286569207,-0.152309359365945,3,"677bb2c5448379a16cbf0a9e"
"258",-0.328938014150009,0.106916728012308,-0.194598412464149,0.118633042590892,-1.17137543273536,-0.406123670709643,-0.95395701184904,-0.0244892854829468,0.13328700634251,-0.766038630493263,-1.26525772378124,-0.732559347841952,3,"610708c5efbf18e4295facc3"
"259",-0.384782952596983,0.0462056392242287,0.0872278018006624,-0.87132951799855,-0.264813676566656,-0.180433860940524,-0.390434520262682,-0.0341650199803646,-0.627331243599225,0.196519203298367,-0.717684764095535,-0.289537310253441,3,"6659cc755e12f99a9efc39e5"
"260",-0.121403297457984,0.353252462207023,0.10441961609476,-0.0604672211003497,0.392378240337722,-0.108885808601716,-0.222501537063779,0.108295537769327,0.365664171462978,0.533413287576673,-0.966084329225263,-0.153232001463567,3,"5d879c06e645c60019847113"
"261",0.779004189897895,0.935984067015704,0.991493196381109,0.13850360807843,-0.680680015583529,1.45200915440054,-0.0344409711320153,0.933436748334531,1.33665058200164,1.83560068948349,1.54875546423166,1.09612938177792,3,"5e3e38e3c10d050a4e590bdc"
"262",-1.14247798080336,0.543831430710094,0.914749276867589,-2.14432647384452,-1.21363622330422,-1.73583859174843,-0.478149955075578,0.58990338567886,-0.692468325954014,1.09648926401299,-1.59348349470534,-0.516416063510587,3,"5e3d57c40d3a26000edff2e1"
"263",-0.406400648467372,0.126551601719441,0.824254008914401,-1.29631678073793,-0.651007144742195,-1.28229134880321,-0.5453415509458,0.0615892917015637,-0.615172217449172,-0.443918088123633,-1.57626833871294,-0.613362724220265,3,"660453c9877e571d12b555f7"
"264",0.568170414293733,0.600117566546618,0.946751233416159,0.900338763620289,-0.445208475083571,0.394424878683881,0.484166041081302,0.798709587750337,0.265309016396486,1.65065117866756,-0.585139784628516,0.321612088391754,3,"63e5665b49cf3cdbd54ea57b"
"265",-0.269288802188355,-0.328705683998573,0.0479766687796413,-0.611354268933547,-0.791786853561775,-0.106245870752107,-0.406069181066502,-0.108765304299895,-0.537053145774624,-0.637501339274505,0.469503823420166,-0.0353543246181581,3,"67be486c2fafa97dd2710135"
"266",-0.43044479108724,0.216348170648823,0.745691691515171,0.0634735639782535,-0.870198685409069,-1.03924728752467,-0.437934319592109,-0.0570569828155998,-0.270260438487064,-0.115652986104059,-1.12819663934766,-0.521007438813019,3,"62347ee217c402f4acae35d0"
"267",0.221887834516233,0.455223531876184,0.887164264422552,-0.391449117227169,-1.21469671518896,-1.88848677803395,-1.01421254509454,0.484400561691837,0.0445432552319721,-1.63358551340951,-1.63233407362602,-0.432163071563669,3,"644845a0cdcc927b68a9d463"
"268",0.435939993307199,-0.289877672707653,0.090686698945275,-0.497518123146047,-0.597440561003684,-0.0558937349617763,-0.405322033934026,-0.0144352863393164,-0.113295403051988,-0.957765881514056,-0.223403242419197,0.221186304170752,3,"66742ef2f9183bb839ec1fbb"
"269",-0.251632841400578,-1.0215029967706,-0.0391331552307537,-0.744153185126786,-0.312045865842242,-0.938341928906273,-1.4008711396997,-0.772937497545835,-0.326854711578995,0.153116601209047,-0.299776322289053,-0.183155423848983,3,"5b681788ca518a0001c7a755"
"270",0.08020181470487,0.0314536347476322,0.13896239849923,-0.349808401934222,0.36203388680873,0.783417925445122,0.55078451826501,0.273801894604993,0.042426716046888,0.233168907219611,-0.544255443323555,0.0260141017266616,3,"67e1a12494e58a99e43f8909"
"271",-0.00116168236688704,0.383870856971054,0.0873735324351662,0.40869309191239,0.500394772051239,0.830333786024762,0.5752137660878,0.132016244659821,0.517596836096592,0.310840936010176,0.640943636494215,0.138881812512559,3,"6702f60844f21087e0840e3d"
"272",0.573632293873123,0.646607041993181,1.01298829459091,-0.296933803489999,-0.0847830078845938,0.486770815153677,0.62770082883453,0.861125443431686,0.402258497768346,1.80408215402399,1.00702413293978,0.74457987604704,3,"5e36965ded5a2b62bf438768"
"273",0.841180031814184,1.34557923278387,1.03545734861632,1.36201425193032,1.51832407233349,1.84191862809065,1.62801996762053,1.12366722320682,1.55459395720536,2.19105324740082,1.66307470515908,1.03557147671671,3,"6752eedfdeef0e65b35d9567"
"274",-0.00472745657951815,0.847845740168606,-0.097656249111228,-1.28478073082793,-0.964470028211577,0.0648073533425163,-0.755382779601794,0.699930671785908,0.730196869028392,-1.46566143545222,-1.44259397117572,-0.0604266827852519,3,"5d9a6e6bf788b00012763417"
"275",0.265434579521278,-1.18429525447007,0.49231389771633,-0.986987348148596,0.48383093295107,-1.13097003601944,-2.23496080718779,-1.20632601074286,-1.07519167593536,1.89513713819572,-0.463514188549665,0.29137475520697,3,"5e1e5c3c80e02e1c36679187"
"276",0.0965815750475321,0.70427660932052,0.198689389661845,0.0767767393878119,-1.97451145251657,-1.0046328388361,-0.314331161976173,-0.220514270572526,-0.232963469759545,-0.689723518652717,-0.757776251656321,-0.307311841061687,3,"66abb02dca4e0b7e7bdde362"
"277",-0.291727912463439,-0.402853312154679,0.031630646482645,-1.44991610959626,-1.44882706254772,-0.97191099527364,-1.93310825482133,-0.199143497218728,-0.00787042496431979,-1.6319424844761,-1.66577007499408,-0.578718122745621,3,"63d14182ea5d1b54840bc1e6"
"278",0.114257252155241,0.782602615008433,0.510127988743231,0.419510480917669,1.31067938856127,0.402840130383235,0.751180257402178,0.799468935683352,0.310618612186424,-0.0377255767011813,-0.614042062879323,-0.0495237394855862,3,"5b07b3959649530001a3c8c5"
"279",-0.405316479673777,-0.124690114694641,0.624992824710766,-1.41130420746067,-1.11741159601211,-0.471213339745556,-1.23153908727884,0.279491794894191,-1.01911490680116,-1.0005585646431,-0.800618457295403,-0.340463955976165,3,"62e44bc8933fe0b9c7f8b12d"
"280",0.39676457303863,-0.441473014218569,0.959896568575674,-0.188152689323318,0.3952475569424,1.46303711050571,-1.65659691848238,0.585638404411273,-0.585034002577224,-0.885529344177101,-0.880723605322392,0.30312087655451,3,"5cfd24ccf8ff8a00017319d0"
"281",0.02546131940713,0.200884043237626,0.0527481067666075,-0.0497770760734148,-1.1940925781794,-0.485463189162672,0.445037002848502,0.136531307923964,0.0999587651815248,-0.0677205524072399,-0.944363990484758,0.0460686056808919,3,"5cf6e4aae289a80019b6e032"
"282",0.659365000452535,1.37056777203564,1.03063543773654,0.4475331172918,0.555001320767193,0.424704755358245,1.1665239909954,1.079671659772,1.33120512334324,2.10190201404497,0.385294382071347,0.690853528647528,3,"60377564edd48263e3130a88"
"283",-0.0963674647613274,-0.0749355338475643,0.0608142338675423,-0.0402537565748003,-0.387042098594794,0.560540370728619,-0.341593554706141,-0.0108951230189295,0.153380246128367,0.541240074240088,-0.200229271446712,0.0123741642409545,3,"671875576b2020e109fe82cd"
"284",-0.20376929170265,-0.128631556097228,-0.0128381527913883,-0.499405564579263,-0.448760696123564,0.313603452783934,0.465506845686717,-0.334955748700952,-0.524940718271968,-1.56579626154841,0.374845973090301,-0.436649565665053,3,"651ab64d39658e91e9469f16"
"285",-0.464801913100676,-0.0843334994432227,0.066831300864101,0.0850616631405637,0.416923270049302,-0.335985359455465,-1.01543456837628,-0.0552277171848641,-0.180298856398514,-0.159020055868724,-1.04446303110517,-0.391198105120109,3,"586fbaa37e187d0001cb36d5"
"286",-0.458593399437152,-0.366281178849013,-0.0293289132125204,-1.39855537562665,-0.441076208617841,-1.94208138285853,-0.684886950342379,-0.682825745626752,-1.24178188251026,-1.65005963632188,-1.57454948060338,-0.759543065858264,3,"674e3d28cbbcc0e6969e497c"
"287",0.00101527422645164,0.9099377026296,0.988047089166093,-0.740977040412695,-0.450736418542003,-0.329923704216322,0.583023250730007,0.942188247707584,0.050988818688111,0.88904421096171,-0.57377293868539,0.28183114526405,3,"5a70b6b882968f0001a6b12f"
"288",-0.0280740001956225,-0.192629357471631,-0.459870716523369,-0.165573930658878,-0.223747337536138,-0.56394546848346,-0.681545977669504,-0.553586219715927,-0.611077701543567,-0.744333975457036,0.360825687956285,-0.344086417382673,3,"665a0afb57cc47e4a02b8439"
"289",-0.281872335774917,0.452867600557109,0.0976243517375407,0.201080860889813,-0.397971973345417,-0.309215163535446,0.158025240724795,0.282554175659924,0.176940887397608,0.502995459232731,-0.647199589989227,-0.155159050133421,3,"5cc96dda627fc30013fc2354"
"290",0.265951137398232,-0.0137486744116685,0.584465591809511,-0.331738512701117,-0.181803285717642,0.631963486265055,1.37828676777611,0.303923051894757,-0.0251675580698437,0.188374169684454,-0.272333376216259,-0.0277770286701207,3,"60a6e4db0fb2c1d91fc00724"
"291",0.154099936991558,0.480725649472775,0.37532215125794,0.773216532819644,0.574845414367739,-0.00944399330857622,0.192639995949875,0.167520046227092,0.626060864532035,0.591064955712028,0.622480123576988,0.191749820652824,3,"6153ab159ff8abebb4a12c61"
"292",-0.142205824297306,-0.286339833526316,0.345418111013211,-0.386436858782786,0.641914982895751,0.184850659593581,-0.731016284856816,-0.0682244184912671,0.158689981925093,-1.52529705964651,0.428763470594874,-0.22924684653399,3,"676ac4110c592e5102a693e9"
"293",0.0492601119559453,-1.58097187775074,0.578798811327492,-2.04741315210587,-1.04490966874364,-1.31606687575063,-2.1896096814109,-0.344683652867387,-1.98956727918028,-1.71011770881702,-1.26743518598809,-0.231838886439371,3,"65fc6d1eb042a647e677449b"
"294",0.721059044576824,1.21733886139514,1.00633744969961,1.25195907555215,1.02310528058154,1.13826279043373,1.45844961733031,1.03627636252681,1.20923089590551,1.80728397244728,0.7648991743336,0.67799441716598,3,"64481bca476d6bfbae2066e2"
"295",0.632477536058898,1.03258131776648,1.02461111475886,1.17489718280118,1.47378979411089,1.42377703419422,1.20501074214524,1.05892705195966,1.0831897603676,1.89830581039514,0.799320800449685,0.83435178571435,3,"67823189419133e67fc6e5c0"
"296",-0.774555086556344,-0.564361880735414,-0.206415366299712,-0.265487473334476,0.0353974837315363,0.00916676530893497,-1.23760903610364,0.00653206367277872,-0.302677055437777,-0.587193618166785,-0.638399321263165,-0.323362705627116,3,"5e46ff334267181cd82562e0"
"297",-0.240154606607932,-0.105600036839474,-0.523070657922331,0.351697430959637,0.114881549070502,0.175049071597922,-0.382419057634198,-0.519769465474053,0.0873962719902114,-0.457927874892043,-0.331861959116595,-0.513231057726078,3,"572a04726fe43d000f0491de"
"298",0.51124425637693,0.441935192086853,1.05284314448958,-0.953831560929296,0.310740771137948,-1.69469268539279,0.592328943166343,0.916492742792853,0.0776611158179877,0.845767440589131,-0.967724791677404,0.421674570268104,3,"6096bb3b533a97f78d3464d9"
"299",0.351076829693989,1.11398805474117,1.04812894765029,-1.18403622901951,-0.0525953707186562,-1.39873922781426,1.39934047803289,1.06175660736341,0.243569740002948,0.84797256569704,-0.953465940745539,0.327527190391862,3,"57c3f87dbf863e0001ce4a9a"
"300",-0.253679608519867,0.476300793787395,0.846369038856441,-0.889514290263714,-0.485319658602548,-0.714503158630346,-0.37216532048182,0.084770402484737,-0.539366255531507,0.776388470586605,-0.281479092535706,-0.216083822146538,3,"6150a23419857559e0aa70e3"
"301",-0.0388421654285885,0.419958893043629,0.097897387322923,0.408233472247347,0.503693805092718,0.846194430478867,0.581744210160024,0.14335362193294,0.544987647854594,1.1871105721009,0.668025688127999,0.205389302874652,4,"5abbe13268b65b00018cf94b"
"302",0.397835710328345,-0.718025458560994,-0.101474678996809,1.08695468173546,1.34836161487979,-1.94436863096476,-1.49350176288741,-0.234698822326438,-1.50040532357461,-1.67059183245539,-1.49908433967985,-0.224946011360556,4,"5fceb997bc11f516590460ee"
"303",-0.0917055758102409,0.316122476563459,-0.0821776428742392,0.372855759524003,0.450304269076405,-1.03839135635435,-1.21322665164663,0.191368851873412,0.0363139153117029,-0.672907717235713,-1.06254128961259,-0.25211826073262,4,"5bcda2ee6fd72000014996e4"
"304",-0.69491279353407,-0.665455591192894,-0.632499866801202,0.431823506589105,0.704696792494026,-1.92721737060858,-2.04084589057235,-1.11829704009833,-0.218270999736069,-1.13880730673496,-0.925992865967299,-1.07452535847586,4,"59a7cfeb7ff2320001ec59d9"
"305",0.0710094257155865,-0.466575221045255,0.00935777469020334,-0.0560229653448141,-0.0533069022018545,-0.0812167110997525,0.391434312084031,-0.424868380811535,-1.02107619412019,-0.611935762924181,0.513835282094607,-0.0238133369847434,4,"6329c13285c93cafdf51ed77"
"306",0.0857219009081672,1.1638628334447,0.705663897171679,1.3146629623678,1.50350291938056,-0.840922418089279,1.35869342595476,0.95221022244944,1.20430522554397,-1.39646339926992,0.56755921003248,0.0300010452705396,4,"66d5b98153700fd933371467"
"307",0.70453991795389,0.773188585593654,0.54916623779036,1.35707858522039,1.4825678067487,1.36189592544938,0.0731314805541255,0.680609666056892,1.28354844501355,2.11421737046295,1.56538351194367,0.853352778235368,4,"5eab170759f5390b776df5a1"
"308",0.388966247517857,-0.811512721475432,-0.632200412077672,1.20668658204211,1.17585502984124,0.843147756209952,-1.3388727004199,-0.0943078485666341,0.463032574165945,-0.588131304344472,1.04875365816484,0.528168538245131,4,"5e3723a2c0b2896ad554be73"
"309",0.712279276936991,0.178251075751057,0.914179721435337,0.592125293525679,1.15358548373994,1.11246101552367,0.578453549201549,0.410495272428793,0.0247823786804739,-0.598728604347826,0.6436233680206,0.39890951149164,4,"5c4f7b99b33a5300013dbfdd"
"310",0.493044780160025,1.23449501169162,0.722891011132398,0.0989914208890431,-0.494016906705325,1.12400920472578,1.54606165432467,0.965092369728782,0.688006206382062,1.2772492594722,0.320425876265998,0.508651113119508,4,"58584aa98604ae000165e633"
"311",-1.05132885872922,-0.875261680125069,0.193258334831344,0.128873407392951,-0.278262813971165,-0.711632726527037,-0.52297703948718,-0.53510168589863,-1.01663759879674,0.469186907503493,-1.54211150086792,-0.927280076353431,4,"668dc7b684452eaca13eb60d"
"312",-0.132573366656398,-0.284141766606764,-2.17562844621578,1.33405041242739,1.29002393314736,-1.98077595131905,-2.03363684173014,-0.677195651288615,-0.376108517624866,-1.82623099836088,-2.16457675659412,-1.2468484010552,4,"5e6a923f59a3bd04d5edc606"
"313",-0.373001546462735,-0.974613426354395,-1.56696823341478,0.423969413358418,0.387620897349785,-0.969629822935901,-1.36899773811297,-1.02377291798419,0.113191113011734,-0.808399564638138,-1.16674857017352,-0.748290525676983,4,"5eca46c6c1e2c601290bab15"
"314",0.399062605973584,-1.01069069971191,-1.99671106352773,1.19021979650503,0.461569082973888,-1.23866798284052,-2.23175081338455,-0.878116962826856,0.594161136208388,-1.61007388885931,-0.972578870795207,-0.0417266507625375,4,"5ebc0abd2cc5f1054c82a0d7"
"315",0.528551362586654,-1.84470677278805,-0.0521478446351568,-0.581058362071361,0.338519718014751,-0.493601943304076,-2.21397889946962,-1.12952191247793,-0.693127270093537,-1.62383133947383,0.164414546575927,0.17324131935449,4,"5e9b60ab511e7a0650994050"
"316",-0.232287737021487,-0.656515549603706,-1.18895370301296,0.316212492132593,0.0942441886157952,-0.944771327865249,-1.29610403130186,-0.447819693215534,-0.335307326324852,-0.717169632249066,0.409191806064485,-0.195457477586999,4,"55a1d8e2fdf99b1c103f2660"
"317",0.0106991918580814,-0.830336481819378,-0.807357799912489,0.716577102221753,-0.0438032529939135,-0.0249786344369451,0.255763108255955,-0.625524019977913,0.00939740754344264,-0.707584716138913,-0.63100915887239,-0.233912122662646,4,"677b8e386966144d94556597"
"318",0.327141321778562,0.420186423294071,0.347313418553348,0.79309013104744,0.77644172321374,0.591859256879131,0.209883349261524,0.196790783018501,0.250433356711366,0.26333417361776,0.60090290678038,0.176863945060287,4,"63d3ff7455fe68b811ef6b57"
"319",-0.258892467678057,0.456050404951805,0.164023424768236,-0.141192676685228,-0.38482090549607,-0.885335166171068,0.51575843144496,0.599189377136929,0.506862446402126,0.83971868023584,-0.976135082135948,-0.00795009577715,4,"60e1942363f59342f26be4ca"
"320",-0.866025403137228,-0.619141956852991,-1.6534246632977,1.02693010158383,0.477516356979118,-0.591728545339213,-1.14376179963939,-1.23956715741968,-0.581862932525138,-1.38143149575865,-1.1423715403074,-1.06469843585897,4,"5cfbf333ac28dd00196e807b"
"321",-1.7322867747954,-1.85701156352687,-1.74909739971953,-1.47119904670967,-1.00650548638756,-2.09062795595134,-2.45167873085738,-1.95971988290858,-2.26127315454988,-0.919987845027122,-2.16953133205602,-1.61840243075494,4,"57dc590ddcda780001a0e157"
"322",-0.220376697504476,-0.63444924787913,-1.36574412938009,0.48033579921516,-0.90479581104167,-1.2523995581565,-0.45663822958722,-1.16810185994365,-0.661260987695412,-1.6377729394793,0.0125355466240762,-0.565640916986185,4,"681b781064a5701a5ceee3bc"
"323",-1.27194542291776,-1.33582899653782,-2.09940024625584,0.951682857086945,0.224722555321406,-1.69180984295472,-2.04992976670328,-2.46517616261458,-1.37557442312705,-1.75998946349327,-1.29748723601968,-1.67821211095588,4,"54dfac92fdf99b4b6b6595d9"
"324",-0.352953253177417,-1.02796099097284,-1.21566112229186,0.419635054243364,0.393081435283005,-0.987920344291924,-1.44292235255724,-1.57980991096365,-0.0948506321723294,-1.11026521535082,-0.803757514768362,-0.860700856552241,4,"5c5af2cc2b7de10001b7840b"
"325",-0.568506215072084,-1.23099619822335,-0.903964354089167,0.536609355526877,-0.484059214022547,-0.684919090318716,-1.7704961519619,-1.05455375060282,-0.174713261223946,-1.69244466603913,-1.6431357297076,-0.986828295446095,4,"63d7b30ddc8ceb61c74fe85b"
"326",0.331328394572132,0.505317020204798,0.881104249563653,1.00937306326576,0.58501088047193,-1.43261398183311,-1.26086019782919,0.25981882924506,-0.71944490921472,-1.57778264067419,-1.43536706540585,-0.265347345465778,4,"559272f4fdf99b7e42e96932"
"327",-0.947325456833183,-0.131204470895956,-0.149119059704451,-0.685310867601158,-0.245268870527623,-1.81754526879735,0.038955170770663,0.203772638395192,-0.841577588818306,-0.0667355032987584,0.377379939358247,-0.298513547371122,4,"6121ef6ae0e3a6085e8fd707"
"328",0.508775298765154,-0.76006094451098,0.0759559859070201,0.741964441401985,0.76149362664701,0.890939254802776,0.471830073911278,-0.0319236016537331,0.152199712059588,-0.628812428490086,0.646223892717784,0.367418919720999,4,"5b673490e89b0d0001a885e7"
"329",-0.401882990882096,-1.01035372508677,-0.581900194721418,-0.853270224240666,-1.08579628652556,-0.759496237127905,-0.548293043561286,-0.92057422592566,-0.508250442373018,-1.06034752545629,-0.83206674979692,-0.71993480089343,4,"6061ef11da123a1d9e55c6c8"
"330",0.0239266009188895,0.529322440416894,0.0649329855946353,1.05097349323426,0.615569333751206,-0.0455480461012661,0.547734898886812,0.043755108379049,0.487410622802732,-0.141267667701891,0.485117688010071,-0.228473467325697,4,"637e3297cb88d8b2f69b9c7f"
"331",-0.018935368352428,-1.49698349806437,-1.13524938499193,-0.056941580408944,0.606975622405249,-1.85242376023636,-2.27548782556964,-1.31348816672954,-0.58648735794802,-1.34643001271462,-1.75752097711562,-0.307026867086213,4,"5e806d09f8a96f7471c88ae0"
"332",0.135371969162507,-1.33832792052222,-0.495704693612344,-0.311947055795097,-0.83259249496307,-1.6127284982606,-1.7415638047952,-0.746561114537378,-1.43624148732338,-1.69900898201538,-1.90755115623798,-0.33965844755102,4,"652d3c440e9e1391e8840a53"
"333",-0.462786668425217,-1.30629209321657,-1.15704212347003,-0.650441242986515,-1.40753888665503,-2.01724708192122,-2.42428949261754,-1.59831546780625,-1.88919131807583,-1.73835394161442,-1.99802822451147,-0.867685845851025,4,"60147f790be39349d775e4f2"
"334",-0.0707408802981936,-0.0379064852645554,0.612895193755585,0.656771636844179,1.17090584608901,-0.488212344569644,0.472481215891331,0.203930302869589,-0.123447638047635,0.242791928929108,0.202667093393158,-0.00936081810621011,4,"60c71716aeb3d04db3271894"
"335",0.717802376482688,0.331358731246088,0.986344580518984,0.096476058729711,0.723167135404811,-0.130946249404442,-0.688498993783361,0.617210363010994,-0.246963224093097,-0.988532207698199,-0.183668735641173,0.399913051455303,4,"5978f6f009bdcf000153f43d"
"336",-0.207343278622503,-0.646913555733192,-0.550502870120668,-0.782270871154631,-1.15467517077765,0.578712886163544,0.0342167664841682,-0.492577309157799,-0.0185211355344575,-0.635826003882109,-0.930642045470516,-0.0946267436833535,4,"677e7a411cbcd54ed0c8f545"
"337",0.341284722714837,0.0899506821029139,0.514039732371719,-1.13118574342482,-0.795187222261432,-1.69990973236327,0.59663718744179,-0.344071267565401,0.0212308106641951,-0.328652836634192,-0.653907001848898,-0.189140590478279,4,"65a6d3a1037ca2ea8cc07642"
"338",0.234641419803985,-0.237971394223235,-1.40479797489237,0.857172217518953,-1.14624142084174,-1.86100826874024,-1.33939379699761,-1.42023961326365,-0.813175541900497,-1.69139583604336,-0.417487504943279,-0.567420937549428,4,"611cf78346c5e728a66f1ebe"
"339",0.0337463527949418,-0.251074745188391,-1.32819136832094,1.27711578981322,1.11934111468694,-0.127488194628092,-0.35178834965971,-0.996622875066312,0.332715958687144,-0.972028907113253,-0.632779746171117,-0.496698417037777,4,"5f72ef4d071d430009ec2fee"
"340",0.59332830479217,0.989811142186225,-0.070576548189708,1.30518593390799,1.41557099122674,-0.626028121409769,0.892180551834939,0.0439080062529881,-0.140822624983215,-0.661325640833373,0.148891260042846,-0.0431097370639134,4,"5eb5a8cb24edf10dc07e97c0"
"341",-0.264777550234073,0.0761889860256525,-1.55057478253199,0.608066456866505,0.451925381114579,0.301711261832011,0.503682032064672,-0.675440377330298,0.561687600916371,0.201577958885254,0.514638553463306,-0.359393516344929,4,"67838f3e71616a9dcc042173"
"342",-1.57928672152911,-2.07650884367974,-2.14198725383612,0.715557907207598,-0.406423124860681,-2.06174562486439,-2.52819853632267,-2.61355486765251,-2.11919564382986,-0.0735904340269887,-2.06795083568953,-1.68916859098388,4,"601492777b72a04ce67e2f6d"
"343",-0.579090248751459,-0.793482998293768,-2.44711950976595,1.09255224925232,0.389507797338805,-1.91441137851471,-0.98971483820031,-1.86870505831707,-1.12586603972375,-0.679195132715852,-1.2985957746074,-1.33156213484282,4,"6304deb78f14a18b18ceed4a"
"344",-0.0395312122469777,0.367181964815179,-0.545947380576267,1.25720802319192,0.858582104204863,-0.0792650610477837,-0.360456350608354,-0.680611492339859,0.560806825442205,-0.107998514519087,0.486014742267677,-0.425466681907106,4,"613bae70cab01ced932e5e9f"
"345",-1.05407471320377,-0.520713755423519,-2.5409244282688,0.882019642768683,0.304355404728431,-1.46069912205743,-2.3403417882026,-2.32001632710897,-1.90972017542943,-1.75937678740016,-1.63132381246046,-1.63694963519455,4,"5f33f48e7a8953257c8d5923"
"346",-0.0864633520345514,-0.502012596633993,0.0806581370022175,-0.53109904022056,0.34081321511908,0.768689254108754,-0.261348036654188,-0.0820774637592867,-0.254674608813406,-0.626737421219544,0.538754191913014,0.057555441742838,4,"60fd3ab1157a5701a2cc3468"
"347",-0.458007093325209,-1.16204152606754,-0.941977189373759,-0.49655006235474,-1.07783504876076,-1.53838377193335,-1.61927543360673,-1.46175604336391,-0.484502756839375,-0.786205663344625,-1.1387491441,-0.649787826706584,4,"5d959fdf9cf6ab001982afee"
"348",-0.498274451731517,-1.7522302286021,-0.707324412115454,0.633718146131525,0.0212506737512491,-1.62299318620449,-1.92514846206397,-1.74289750891638,-1.376722249515,-1.15264612783216,-0.817312296312351,-1.02103598181912,4,"66bcce7233ce3b6b5aaecd5e"
"349",0.86191492390725,-0.902042051313911,0.944734536667528,1.24987928092969,1.52487283161936,0.218074147868377,1.34314587098135,0.766915994648314,1.10481735417615,-1.4215134366908,1.46890749801578,0.839593329411994,4,"6633fa4ebe0a692fc1a5f422"
"350",-0.194288001874263,0.725220436462866,-0.185995563989353,0.731057524603887,0.538172490029385,-0.929960511938971,0.410178402009297,0.0463337733508406,0.664539841242205,-0.670523713977593,-0.346804229501101,-0.510778799700131,4,"66f4a91ab3891338de6e6107"
"351",-0.159500384747158,6.00985750906625e-05,-0.834376399165204,0.377351932888018,0.0884200316476999,0.193554541412076,-0.274415466611717,-0.570473248489179,0.329652680998709,-0.687078756477319,-0.622471325691296,-0.448636579059771,4,"673741d5e8999c8a575d36b1"
"352",0.248394585098888,0.357870109951854,0.375575869632004,1.14977166746047,0.636808018314086,0.594447107954046,0.331092683465358,0.331125808277285,0.75751814724193,-0.625603595554797,0.125055945812065,-0.0613564655749993,4,"66d045a6b838b2a1ff99653a"
"353",0.100837055732018,-0.45916343052919,-0.275777526972947,1.00077490246972,0.476683907688897,-1.04435291031958,-0.5371797233522,-0.804791482823794,-1.08106947540288,-0.797208281505345,-1.10329041679116,-0.544452321696309,4,"677c455afc1062faab5b165e"
"354",0.098697551354864,0.115307651446132,-0.37976262869512,0.516966010656063,0.482882678522592,-0.955869191980576,-0.502100996249802,-0.13961947571595,-0.187290533933195,-0.701747754762731,0.0299226907617738,-0.190925833277272,4,"5feb9a64d42dc5c4926ffe03"
"355",-0.159147046822518,-0.225333056861851,0.0352888800545656,0.386398602194071,0.49245589191968,0.103841773134506,-0.642349652282379,-0.278035647241693,0.220378650305561,0.481515319679804,0.532030470628537,-0.0701256973837736,4,"67529d0aecb73bfe140d521f"
"356",-0.423132306911721,-0.467882547087554,-0.817109372257998,0.256829323639057,0.400780207725786,0.71873026165151,-0.407241968509683,-0.795950001078919,-0.0499535185488378,0.170237821002194,-0.60465047815258,-0.517097488149235,4,"6376b5f0d01f86af62423b8b"
"357",0.121195332289625,0.573336516830595,0.458175264500971,0.930449299215653,1.21058070155044,1.39771579718933,1.13657507873256,0.728986157634661,0.722126991447588,1.81358744576811,0.807227125454177,0.582446617358516,4,"672946ef8187e4253c5ff800"
"358",0.61633372184751,1.10092278258883,1.01944384995718,0.5932813663372,1.17915121961727,1.45005717321715,1.22277051733186,1.05549115208664,1.39155212017304,1.21990063034161,1.20915940012077,0.799589801985951,4,"59d3e6c5cafa460001f84103"
"359",-0.219594865866185,-0.455264379698286,-0.542060716969955,0.295657498645603,0.0987631013698185,0.725651777339091,-0.306171065308718,-0.775240858999892,-0.321064662011123,0.162466418832464,-0.259167579008789,-0.397227014474115,4,"5c1a862dc4004e0001f8020f"
"360",0.328475183945456,0.256926215375988,-0.0242716330671703,0.921642749676403,1.37734266534779,0.23037030268487,0.687962037927997,0.425743145576908,0.60226450418528,1.40435399441128,-0.133352763476034,0.210398276215023,4,"5d4043f25458cb0001d164a0"
"361",0.0912187189807474,-0.250269814008628,-0.68973247825282,1.11816200760656,1.17505154138141,0.0260966838427319,1.21736316090131,-0.113137239844953,0.399218701752605,-0.416512627986487,-0.194264430770814,-0.155549741125214,4,"6730f2e20f5915ff4ad2c07d"
"362",-0.216706661296073,-0.381495588950561,-1.02753748750739,0.41651290298667,0.428445475013332,-0.289411631350737,-0.337937171401988,-0.835487295894758,-0.0209568009918439,-0.75456196423972,0.0566948758573624,-0.435718175319186,4,"6658bf916039705479385d08"
"363",-0.343046622508139,-0.119078844822956,0.053240905012003,-0.591887723271818,-0.494318229551425,-1.98371051189344,-0.396924306755526,-0.162125977463842,-1.39926519828994,-1.70501197361136,-2.08268396833263,-0.904341459964215,4,"5f8e0a296626561cd3d0fb07"
"364",0.586265658397234,0.937660567344554,0.70898982262798,0.841720744604872,1.15013798629106,1.53321264694042,1.56186473704065,0.86685093901334,1.41681615607095,1.85253926767082,1.24366970813496,0.810940865964618,4,"5ea5856f110e69000a0f7509"
"365",-0.173833122102898,0.0552715780160854,-0.423470599359482,0.46512306101039,0.651993424852629,-1.6729813575789,-1.58776572502698,-0.479415775776489,-1.11040893094486,-1.61714670623631,-0.462017711865074,-0.528540839964208,4,"678e978dfeca0ba2fca8109f"
"366",0.518447986746576,0.167754829748915,-0.654627908347794,0.984740903846036,0.499691589440655,-1.91349123815563,-1.32763818022597,-0.354745040919232,-0.873940376698547,-1.65321892448245,-1.11485225466796,-0.276442968192844,4,"5ba94943d08ab20001c8437a"
"367",0.639432181235816,0.335934276007454,0.407396265658692,1.17421569219452,1.09204707973238,-0.0473828742977836,0.61381717771879,0.166195757241414,-0.142520293498781,0.220998909054737,-0.130982304350161,0.216242055289431,4,"5d2f85f28e588a0019164d77"
"368",-0.494931576496053,-0.57951408018161,-1.0443497466963,0.401829380354405,0.422471479615412,-0.993691973030762,-1.23418731005567,-0.952394038807474,-0.0789524071261639,-0.759410756418963,-0.398470193773039,-0.71300232005249,4,"54240de1fdf99b691fb383a8"
"369",0.117975761224235,0.625900129287405,0.104133881365092,0.277713320637575,0.81169608443683,1.14087424820663,0.984249825694452,0.155193391707466,0.553968226250467,0.0284848779348194,1.02137273565735,0.0971824877785111,4,"5cae6a77b38ea60016e54889"
"370",-0.533794508170228,-1.56596774839962,-2.55431732851454,0.719959184264758,0.338734924145037,-1.92818434771568,-2.34981199767462,-2.46102304608762,-1.03255642689573,-1.75306537731505,-1.51224169649219,-1.10964596652028,4,"55cca8f81676ab000ff06ef1"
"371",0.161065891354979,-2.13911639893579,0.454155661102897,-2.35087554772043,-2.42248550306227,-1.98626600899626,-2.58315032524321,-2.12427418122074,-2.44832383822857,-1.85246592555281,-2.09966455395773,-0.792005650221787,4,"6766af192b10eda1732ad331"
"372",0.0257856429918798,-0.283015465010171,-1.04235002096139,1.25624790261058,0.815443321139581,-1.48493806414917,-1.72441090111095,-1.0291292379538,0.32222499594969,-1.64101580692221,-0.0431581507853687,-0.603301600635476,4,"5e1c70532bf95145ccc6393f"
"373",0.608750953402744,0.575920286698787,-0.139016190902005,0.782116246167883,0.316916290856171,0.623275419045798,0.460119885985108,0.115523789912636,0.542186742271604,0.24144475621782,-0.130246178955948,0.202278578420181,4,"5dc92fa678cda06503da44ba"
"374",0.595304804487622,1.01731758955886,0.388959681425945,1.37852153968009,1.44017604192294,0.688776899020535,0.415113700529691,0.625641409523217,1.27262809251898,-0.22885614745167,-0.948799844391794,-0.0838020389375563,4,"5f668a416b792f26ef5ea974"
"375",0.110032424993799,0.26890077002141,-0.279817785030058,1.17340553794595,1.07467142110935,-0.414231654197494,0.399734819992123,0.0666048279295456,-0.292439613895555,-0.454565156860588,-0.247300966004317,-0.29368097049117,4,"6121727de83f87433cb96b08"
"376",0.0959770925205766,0.502106716573313,0.364581772222394,0.426538794002979,0.530546950010222,0.934136296363819,0.511490833283357,0.365799930693176,0.566140817788326,0.851982523040102,0.961019519700401,0.219066839031202,4,"612266b4f9ae4a5d04a21dd4"
"377",-0.147277434680134,-0.705051482692988,0.0110800085153607,-0.155967043143531,0.0544999238816425,-0.883703756026095,-1.24207908208719,-0.505912102655832,0.175601285874887,1.08852115021868,-0.176410601804406,0.0940156102293063,4,"5c4afb7234ee9300011cbbfc"
"378",0.165938197490976,-0.596733226029837,0.889469414368709,1.19799577446678,1.49025223422477,0.968219438863988,-0.830904197224982,0.22125253757405,0.539920885124846,2.0478909251699,1.4705314165615,0.583723551323658,4,"5e766b0ba02ca51dfa1de797"
"379",0.058522721654706,-0.108956681815095,-0.43845049326088,-0.460768929679915,-1.04901340607985,0.490005195189156,0.0449013183193933,-0.00440258417113733,-0.137254731309441,-0.011695626253743,0.922047867242034,0.208368279208917,4,"6658e56b488052210af6f6dc"
"380",0.72204705684506,1.39951214550003,1.00339782472935,1.35197251796582,1.48122412498803,0.0389366427187396,1.51892167876712,1.09407692696185,1.3077011786621,-0.0268224295747787,-0.874091188072982,0.181050902819777,4,"68110949a2c450037f0304be"
"381",0.471284829365558,0.417480645683788,-0.493484284809938,0.919265534639792,1.31474334422659,0.79845988083612,0.60060580126768,0.452433466795492,0.447138340331322,-0.34054968658243,-0.813411676741119,0.246284924768554,4,"6234905bd877b34677aaa521"
"382",-0.0903506922918392,0.456197452758326,0.325391661388514,0.656321141599979,0.561653380385142,1.01637657168785,0.702657049228823,0.131905151677711,0.425037867418089,0.901714028199798,0.59769443897686,-0.0164435631908718,4,"67aa691b6df91bf4fdf516b4"
"383",-0.192910689653135,-0.0835666475146006,-0.991349461256695,0.799491903745083,-0.33518909896678,-0.190281816506696,-0.454679462067218,-0.794446569761356,-0.600198497236583,0.123890964238466,-1.39386178564029,-0.565964826612714,4,"66929a6a268ccf0d6fce0d52"
"384",-1.3864609454911,-1.33451206998467,-1.29528972357668,-1.3334830751931,-1.47867225639122,-1.12828771387091,-1.50124142419099,-1.74891065240558,-1.24234719927545,-1.15630735331649,-1.36433527852467,-1.43804740939774,4,"63beebaa4c5884797ff00a98"
"385",0.514304222635586,0.239296736914788,0.154986713193292,0.789553302421565,-0.239067819276063,0.546717124628334,-0.261212377476557,0.443989468144767,0.937316946823097,0.767099237417035,-0.213083722098712,0.224480966849209,4,"6361bfe81e0da4a406b33f1e"
"386",-0.926578862347278,-1.10646740574039,-0.644122062667337,-0.0100248300347162,-0.169496675922648,-0.641886777919955,-1.21599230801371,-1.22502298655271,-1.48758091846025,-1.35003097348261,-1.2149421448771,-1.06195928294189,4,"66b10f84b7369dab5337366c"
"387",-0.349822899169966,0.162927854299614,-0.156479414587196,0.72643933233852,0.754410349990134,-0.0678964603602309,1.34697547235018,0.0440767785903702,-0.191860889218135,0.825243143602873,-0.584409904672119,-0.351949708503371,4,"5ea1e407df1e160c7db497c7"
"388",-0.0586610055631957,0.903766859193647,0.199185537733988,0.413420496775819,0.703458668473258,-0.456722356154532,0.583619610357746,0.60231753057394,0.0708504037035538,0.207052230151342,-0.586481770234064,-0.115695172578931,4,"61265e53740259c87b17cc66"
"389",-0.000816423357274473,0.30697783574783,-1.58501450161234,1.32188918842352,1.35739672880297,-1.18028452857999,1.33878256205169,0.00786180538081019,0.460050893880506,0.690708316559565,-1.36017351978395,-0.378741680624104,4,"5baa21188a01680001ff1a6f"
"390",-0.140461613601912,0.00532034844009006,-0.170033976747545,0.125360310387628,0.447114849136914,-0.0779984600414829,0.481170007936688,-0.165986735533119,-0.00766444251664764,-0.131679443987981,0.522782445064828,-0.109778904533494,4,"611f672bc947518ca8b25524"
"391",0.104310065413161,-0.130146369064934,-0.217715082726441,0.254449250118594,0.421336915536017,-0.734652347850696,-0.0919390743854864,-0.334090220541771,-0.154466406511097,-0.367724142473478,-0.975722603582682,-0.172421197844536,4,"677a797fcca3e291b75022f5"
"392",0.321627743275562,-0.413618752056513,-0.331217319955102,0.671356507733964,0.966901466301378,-1.61391450990499,-0.730090520923724,0.0529828999833895,-0.639013019863656,-0.752851499816448,-1.0126583158079,-0.0783303616909195,4,"644a9152838d4d270af3b94f"
"393",-0.278692885102316,-0.761111130485423,-1.13931259749899,0.655087320805522,-0.22262075032486,-0.841731075289933,-0.96231382768803,-1.39345243080339,-1.01249167374362,-0.626680540360704,-1.12347047715659,-0.763320250355009,4,"6696236dcb1ba5aa7aa82459"
"394",-0.231199138027557,0.1961833606416,0.0486757963215475,-0.193061177693837,-0.619252323207428,-0.967774981941624,-0.310907982442206,-0.154958740414494,-0.284122799504029,0.799964491711523,-0.658305043910644,-0.249148608652518,4,"668ae785dad6504260bd012b"
"395",0.771392684323456,0.594642299660389,0.440816404934959,1.3310500140181,1.46010899812939,-0.604815615503441,0.178101019927852,0.575527830070601,0.89126125700179,-0.567143908087025,0.669942886495012,0.525227698059799,4,"6658cae18f6f9dd68d0401a1"
"396",-0.583691315013669,-1.49509810534701,-1.92719431940255,0.156628862664238,-0.293289847269719,-0.906406674709825,-1.87361148754916,-1.76562965473484,-1.2981961702545,-1.35096559159267,-1.09652506369206,-0.737829459290205,4,"6413591cc45fb6378c93d0dc"
"397",0.687030718164029,-0.0812535099586158,-0.356051741810466,1.29040263346213,1.38860231064474,-1.77733584408491,-1.83466433692224,-0.349536436537659,-0.132471343470408,-1.53107408074103,0.971374829136152,0.330615990895587,4,"5c9c7cc072bf7f0017b6b798"
"398",-0.564931781597821,-0.623087608079404,-2.34195031704564,1.23360603655792,1.25598618843697,-1.92197364001125,-1.31485374847567,-1.37716590330813,-0.613373674939045,-0.848407218257945,-1.92465445481218,-1.08664651808062,4,"5b75532d2aef0d0001c22f5c"
"399",0.244277038920828,-0.495124045346849,-0.0254048748509017,0.634177974291334,0.156321867945875,-1.91736946173555,-1.90577910685897,-0.769805108397454,-0.853068105676215,-1.67969594881688,-0.832030160511425,-0.467503659735973,4,"6304db4577830d43f42d4d26"
"400",0.243895056467775,0.48836256272587,0.385278286345768,0.458026703597087,0.529884137890075,0.895119569497384,0.595383211302745,0.202708920127323,0.842323123846559,1.19443643200124,1.08977643815062,0.374249807582902,4,"6773dea609f77d473900997a"
"401",-0.524910618451384,0.180807372935851,0.0419366557572356,-0.216121612174857,-0.198198534214257,0.456445051393683,0.417579345801032,0.0701705281943356,0.247170146071373,0.0249962217665041,-0.225347964670359,-0.248770348850212,5,"6783ebc2e89b75d66d952f41"
"402",-0.369752050451484,-0.13305970938075,-0.0205701908826332,-0.272821030768144,-0.428023748508686,-0.118817105863039,-0.0486027194844579,-0.416826548670129,-0.380674258407521,0.203331448839549,-0.274059647136749,-0.312336142623541,5,"66aba420ff3e6b366e465ffc"
"403",-0.938262308540366,-0.80345564057096,0.512158916407888,0.112014521348803,0.189756554465137,-0.99242309298247,-2.18393499664845,-0.167114258360018,-1.05383398304009,-1.6002837799957,-1.22968299763216,-0.803012418615711,5,"5ee0edcb962eba464f486b40"
"404",-0.0660554695121817,-0.297361945574926,0.586114337111476,1.05040885822783,1.4325337480735,-0.940475791330756,-0.319038099813445,0.0266942876754076,-0.176157754539216,-0.398015225119632,0.171552319342547,-0.0870722652244693,5,"599da21f872eec00019569ff"
"405",0.235139991863641,-0.156299444308379,0.383731994851228,1.08659549989044,0.874585495382675,-0.039935536036802,-0.842092486665525,0.19273602646615,-0.174052227371812,-0.11779743908101,-0.27885088908021,0.0385929895574324,5,"5f3bd727a1276993eee15875"
"406",-0.625659627352471,-0.479323668847261,0.845977163888166,0.459074969498403,0.884401574876665,-0.0684208044472594,-0.745060086320621,0.340357293219394,0.63634491984954,0.890001456942138,-0.144059982876998,0.0269954500647063,5,"5a6725d4c0d836000107f6e7"
"407",-0.0646813683543287,0.0771499952210778,0.0540119185990516,0.366276909719177,0.482965646866542,0.22670605545386,0.118714180907474,-0.110959763472959,0.0351107033081806,-0.00299495649200476,0.216196770027702,-0.0529509657913463,5,"66f87d84fcfe786a13ff1edb"
"408",-1.81763454149604,-1.43632398173901,-0.351938756619287,-0.32241917471326,0.138392476872939,-2.1337364913098,-1.88365699078285,-0.939668509186221,-2.08768592011523,-1.70249971286463,-2.13654935716349,-1.55238650749855,5,"5962a5b29955ee00015bce98"
"409",0.771656018310476,0.943341131321107,0.962794258139703,0.971344876823797,1.42818649158622,1.40359296661217,0.797844590005654,0.691321649949662,1.08747144565349,0.755710132615285,1.12587680027219,0.669020432747175,5,"5b126ec7c85dc400016220a4"
"410",-0.37783153511342,-0.418074246009851,-0.509040702028284,0.0619896635662635,0.411197794859547,-0.869390862610167,-0.351723756817212,-0.556435705804462,0.362847716907669,0.210364870803132,0.15665068671589,-0.234950821947429,5,"6762d6a3be0977d73b66688f"
"411",-0.38046302048167,-0.758643968284056,0.122085343370687,0.836627256027838,1.06121909676108,-0.0839367338912912,0.457160793389901,0.235111877272693,-0.153147079586126,-0.435392845695581,-0.700137243053657,-0.339440776634718,5,"5b780cc655f12e0001b4d85a"
"412",-0.375806025047854,-0.537131362695773,-0.295697176326362,-0.630400332580151,-1.81720533828994,-0.347430609445363,0.00784090514297163,-0.400255364534871,-0.0806604051387657,0.722000609769909,-0.70527103000101,-0.329830025989414,5,"67a54503a9d38ce3140394eb"
"413",0.063314936052819,-0.298071336230259,-0.0164754688579398,0.79815194537658,0.720146745536445,-0.250477758923084,-2.12285364824762,-0.64387207538985,-0.27793250978817,-1.63793740637735,-0.410376789202532,-0.577414326023998,5,"5d684f00ce34de0001549b43"
"414",-0.830577523550175,-0.544065904950304,0.494997906257231,0.450071554700779,0.849265956218856,-0.989863275254388,-0.463281361974792,-0.121179115939929,-0.340774713086924,-1.2888651180609,-1.5577830280914,-0.950893925202667,5,"651ac88823e71c05dbc1ff63"
"415",0.407259366894082,0.0945869713863659,-0.312741168031149,0.298192322348363,1.044166188725,1.30485852574642,0.969261571973058,0.140554521410347,0.524203981469003,-0.0404527907509429,0.291974203474428,0.207543328321488,5,"6713a6a34b872f10e42e1502"
"416",-0.0967896906820694,-1.67976150283908,-0.400219546029383,-0.648274486936025,0.211932109276146,-1.77854677883836,-2.45516453335721,-1.7436977493973,-1.75478795481869,-1.75057431344475,-1.93026958210523,-0.746545311146752,5,"5bc0b1bb63cb210001cf55ba"
"417",0.583636420657307,0.738168116225896,0.69378571132613,0.725075745779797,0.60789329296378,1.28666200360647,1.52705110009129,0.78923283900028,1.3364205358673,0.682722360674235,1.50793985272077,0.703113708077565,5,"5e1451d067f170a77ddab325"
"418",0.814989683183678,1.16399080512957,0.935061451054558,0.610910020586207,0.566501068026046,-0.095943585832095,1.06598055229696,0.63752774329898,1.07710906362409,0.0655894735277311,0.737262884688329,0.645019013217175,5,"6501be40dbaed79a9c8aa94b"
"419",-1.17162201574438,-0.321124375175704,-0.794567102382805,-1.30972672380699,-1.68923021280779,-0.733823505948765,0.346130315129272,-0.696171663984615,-1.19435823423527,-0.188578377610318,-0.747010822114665,-0.756624334890215,5,"67efd9773d87dc119df038fc"
"420",-1.69699962984723,-1.68526857794837,-1.30302558431238,-0.13367302333814,0.341685329595159,-2.0261483637473,-1.39491033593348,-1.17837034636473,-1.81828480694227,-0.941377905451888,-1.78120246922941,-1.50676273640195,5,"665a2ec0103f8c77303c4a83"
"421",0.0794627304690858,0.0594380248436352,-0.0103329161504369,0.919158082037483,0.826637129209482,0.252103096774606,-0.00886867211333952,-0.397122571313485,0.258193455822145,-0.77790398777474,0.111193581044952,-0.286919305797689,5,"676db977f398d4be462fca83"
"422",-0.141551130832482,0.171060346107319,-0.403570764146561,0.357596612829625,0.464014971882421,0.772821069876825,1.03148618333013,-0.0169870583541504,-0.167554115231653,0.22076404718568,-0.214376887383817,-0.215473555524103,5,"5da760eae8174b001640d369"
"423",-0.860596099048299,-0.434548608078178,-0.852241066115037,-0.489922275192662,-0.499565018329863,-0.152034937400214,-0.44853467684033,-0.882468508336323,-0.246203652646896,-0.117992433688305,-0.417757468896749,-0.83537689169385,5,"64842dcac8277616bec22cda"
"424",-0.554219868009036,-0.557905369182409,-1.05949293224752,-0.621062897205404,-1.01026208470415,-0.127018765579998,0.385064157539898,-0.614522071241326,-0.606734740728782,-0.743891938368173,-1.1363656191783,-0.653192447944023,5,"6672d8e448c47131ea7bae78"
"425",-0.860219013250822,-1.09899980274977,0.297427047613801,-0.227936817193986,0.0562666597635861,-1.98106361056164,-2.03893711225614,-0.177521471204694,-0.692000595165078,-1.64372460736564,-2.02058094409423,-0.833514550502216,5,"6683f9cded466c62ba631d9e"
"426",-0.113726538657796,-0.153298550831846,0.910901811741504,0.429291200604096,1.16248790673262,-1.62581466844475,-0.566368730941747,0.269954739034669,-0.55301317297438,-0.326980645985969,0.31298792228145,-0.309949833528191,5,"66435e2e5c5b5aceb2195908"
"427",0.216880860443735,0.25231240818578,0.967138363604763,-0.599671386594338,-0.0797519599438883,1.47477681513633,1.11872381588929,0.920212995303029,0.959995686956045,1.48549809984931,0.311054698445463,0.62297485634845,5,"63222311994c6e4c35bb2a55"
"428",0.709483573747272,0.331396765886099,0.874705726022121,0.269167093614078,0.223017825545347,-0.0915179020903331,0.850348898587313,0.248230401286758,-0.76228177873968,-0.944952333045644,-0.175571898680584,0.244193469533311,5,"5adb3e135f327e0001fb329c"
"429",-0.842975048741616,-1.0085117708021,0.78241185135733,0.989546761785007,1.42145986832985,-0.835972485065674,-1.96924414772095,-0.0285175095995342,-0.439767811185716,-1.45018685101349,-0.206642112518072,-0.228331336289515,5,"5a6bb8829d65ec00017e8290"
"430",-0.139048646428207,-0.391914821398233,0.471830522335272,0.605210447656373,0.0364389948620884,-2.05364859780738,-1.18383103937898,-0.437429688203261,-1.86976556369953,-1.73831432529935,-2.06278504701274,-0.917463828034206,5,"5f4c31d0fae2768463fdf436"
"431",-0.213159024530093,-0.614467811062217,-0.00492159095440785,-0.170173054352981,-0.402843999451,0.00964846424418999,-0.324575675622042,-0.336747603633144,-0.133664447043141,-0.151980067616318,-0.314777882361104,-0.271665517932446,5,"5fd5ef3cb8ec2745c10454e3"
"432",0.513407801441778,0.719896570925514,0.454110371569656,0.51162203421287,0.869034449209393,0.600829909140056,0.976501649017264,0.509686476581066,0.761098925188998,1.80399555893364,1.18683996021422,0.732004825299349,5,"66c79285c1221fc28251f780"
"433",-0.721314168510677,-1.17294385628102,-0.71086414299685,0.84910738533468,0.491945495425637,-1.56815877555217,-1.76074022826716,-1.54153061641027,-1.20415031371985,-1.70065926194735,-1.16372442954589,-1.1173887596124,5,"55c495d2fdf99b2d6cabb691"
"434",-0.403238762911703,-0.210882679486016,-0.295279260773408,0.417762321259405,0.246383601661813,-0.0028849201406756,-0.328955769641008,-0.617134542738952,0.0523255021589455,-0.629601376442428,-0.63387947727124,-0.448739644094162,5,"60b3950b9a1de417d37bb8d2"
"435",0.143776252404949,0.830092078158694,-0.106967919775397,0.895072755404681,1.34335068854005,-0.965444656315898,0.607307155362622,-0.0230860758468593,-0.209142372375751,0.258096085733647,-0.587497714090897,-0.267319692605014,5,"65466a2dd5eda75680390e5a"
"436",0.64967704703323,1.20793060858742,0.460324661192413,1.37654647273952,1.48640718740134,1.7983071460852,1.48925972436214,0.780395728728331,1.48370049584018,0.804026741756438,1.58088584443839,0.69420562465927,5,"668d729af9abd257e52541e6"
"437",-0.0939833824611467,0.166739749703017,-0.639165732944159,0.610252551421384,0.716925588711756,0.791443245127214,0.954063282845163,0.0675249556678192,0.552595802372103,1.08370201749063,0.637073199916101,0.111489179494824,5,"5eadc384e00264461f74d7c8"
"438",-0.421463568539914,0.139038986151887,0.401699077357736,0.720586705491093,1.36749561931349,-0.607651498337946,0.123372612809006,0.168639113582124,0.155910834284243,0.264969387833991,-0.203309579819303,-0.211315686392506,5,"669ccec35c9a0ab8c376a0ae"
"439",-0.115017717973852,0.323764843507532,-0.425781143923128,0.504598486459448,0.524909994718229,-0.119815562324953,0.492433828619809,-0.128014227645961,0.0237896522316041,-0.421111099380113,-1.0068752599217,-0.393654470788326,5,"5ef07f0ba383185b3570273e"
"440",0.68591836710008,0.366188647398366,0.380400386089374,0.81212068526855,1.04358761631031,0.502816557901678,0.543474105140453,0.161113004612903,-0.225280614849676,0.605227052547948,1.11296383899469,0.562713305637719,5,"6142013d4dd8ae5ca2b4329b"
"441",-0.122791840830753,-0.493245432971806,-0.176791610930559,0.689546986425579,0.540136835914718,-0.027309537669979,0.449942576784669,-0.0799866926897296,0.128467184321492,-0.0980037496007769,-0.236766650379349,-0.164235285029131,5,"57a6533382f7f90001eea86c"
"442",0.0904558365529248,-0.407733852845759,-0.263722725200574,0.477317509851073,-0.835899101665221,0.000713730701733819,0.0488646112805908,-0.288819572042432,-0.0442435909328024,-0.685158959950564,0.124798072780052,-0.0983349098695822,5,"60ddc62b071a009e0b0c2922"
"443",0.170317826582093,-0.665499530155958,0.854523260151973,-0.240760424558992,-0.369593406172868,-1.8090284191307,0.317939578483968,0.258755803855706,-1.01009313031268,-1.62207145014393,-1.20653340730696,-0.180763630569807,5,"5e804dbf2962d37261e58004"
"444",-0.179441803026058,-0.685240058899753,0.0672948890642346,1.07327790087258,1.41215688898089,-0.110147878970033,0.401648680611665,-0.230932910925137,-0.934395202247459,-0.660460190032588,0.208089016229913,-0.143158687526761,5,"60bbdb37286980cc3ba6f309"
"445",-0.544910943237564,-0.770446728008383,0.240503815745658,-0.350595329909932,-0.306703145900074,-0.314304242422999,-0.495552878186194,-0.408427209816304,-0.335077359672893,0.231101351427138,-0.565421526787107,-0.189934658645402,5,"672df806e7c2f55e8e2bf477"
"446",-1.28985435138963,-0.962271262829945,0.339955652231055,-1.96843468088567,-1.95147414828656,-2.0381553920896,-2.0072487387842,-1.04156694301217,-1.73216319986886,-1.69045602896831,-0.688089353423681,-1.19133507255007,5,"6400d8cab617f6fe54c31542"
"447",-0.181448341525828,0.0349971221977388,0.639042094409111,0.554195960093588,0.574786937890085,-0.943489936945527,0.484500623483649,0.465755350271333,-0.170540533816496,-0.391295163661588,-0.311327285409348,-0.300778591517994,5,"606041fc7e7b32b934840f3d"
"448",-0.571528593619837,-0.765612323722887,-0.273853260843959,-0.284842256097119,0.666984052808219,-1.25185848048676,-1.19799470307537,-0.972938248060573,-1.21592409063935,0.0852231164552352,-0.292753760612162,-0.431276614429231,5,"5e32c95c87b8ef28e5aff6ea"
"449",-0.539648227877664,-0.792748186111647,-2.06041222963083,-0.78738706301471,-1.01656330657155,-2.01365590241085,-2.39657320775922,-2.23302302083461,-1.47604054291478,-1.47310644920424,-1.72516203031658,-1.27257938265325,5,"5dc486da84799a35fbede98d"
"450",-1.13701531498967,-1.79041181599321,-1.66933877204545,-0.435427760783332,-0.527606941983434,-1.28442500323577,-0.662617381036623,-1.35590495744582,-1.55238355243316,-1.67677545008572,-0.81777015281323,-0.964445317176841,5,"5c4592d7f608210001a4b0a8"
"451",-0.14015315479742,0.197659106570602,0.328657739002758,0.240420147969936,0.478469750476494,-0.439088076277659,0.464850081560572,-0.0556630636361469,-0.174681916728601,-0.111198722929283,-0.269474173468985,-0.272446290591491,5,"5aa9a5bd4eecca0001de1984"
"452",-1.64450923443607,-2.05899397277086,-1.58788070621585,0.140903898322192,1.1342199940329,-1.68560054929783,-2.24734517019303,-2.47832452880542,-1.42791000210449,-1.4721739435221,-1.27389821398117,-1.77705033981367,5,"5db303e4863031000b5f0311"
"453",0.274439510554355,-0.317698803957442,-0.241390138247975,1.17746687885917,1.41370988522782,0.337975388060641,0.158737293025576,0.29842034451042,-0.0697701249719824,0.310023557065107,0.702185962556765,0.482634124621807,5,"5f0c86cbe4af1361b7158f3e"
"454",0.127621058710706,-0.227486318120347,0.831404686024466,0.358396390445952,0.527711041281517,0.456465757781392,-0.49158094948355,0.0806295930224997,0.254338903116373,0.2607037737335,0.580614054314976,0.182197530134521,5,"62e023ed4b0fdb8c95a9e47f"
"455",0.207100213996894,0.0861300480665845,0.151955204883841,0.273285337522169,-0.285824721653488,-0.808193781779637,0.499792682413664,0.443719267528442,0.368678343393388,-0.620505226389677,0.89703229340602,0.234517825180694,5,"5b421b9ac2e3810001763252"
"456",-0.372594132809441,-0.0268145770339006,0.270778404406036,0.750494957453627,0.305609809509901,-0.970873142377667,0.337885464839111,0.137919476916369,0.149947673303419,-0.718831508727357,-1.1564096300781,-0.639063585590208,5,"573c6b96b3a71f00146df8c4"
"457",-1.16642758138234,-1.16705230826608,-1.13118641229768,0.31792335381794,0.679090384379496,-1.08453616596506,-1.77548559806586,-1.25513665344031,-0.774340799284575,-0.768979699459762,-0.387944080752894,-1.00929403142174,5,"5e230311699ac45b327786dc"
"458",-1.33847638403661,-1.21510163483532,-0.513275300246277,-0.260149256510895,0.160588823318107,0.165710900716999,-0.00690475211977903,-0.428733972665375,-0.859918781819244,-1.30149379691099,-1.11846824929568,-0.867454408911894,5,"650064e9af85cff3692f07f9"
"459",0.738538307047471,0.804498740995216,0.717135036173122,0.90467903723254,1.41561857775796,1.77461591172777,1.54086919466845,0.723510480755363,0.51575937159257,2.11338366331311,1.19953155694777,0.849098649373207,5,"6710a58eeff954cb2243950e"
"460",0.334480492817942,-0.496662822629214,0.0221846010035439,0.252312552295514,0.450150826763644,-1.82384557577358,0.755923718133196,-0.493482048418979,-1.68061679604407,-1.65342788081479,-0.691925081478851,-0.280869620053697,5,"58bef6fd31de840001e84ba0"
"461",0.71086652664805,-0.317512790802505,-0.464390259416147,0.680039015733349,0.165648092325461,1.18490329267799,-0.704254374972877,-0.243275156656951,0.746574563367641,-0.596516893263155,1.03676810624458,0.529580204581969,5,"5ef647ec3ce68a1178780f5a"
"462",0.167105492318119,-1.08789093149213,0.961262076973143,-1.15068987418186,0.46815540738207,0.492507504774002,-1.86587738094319,0.33286727933689,-0.723517331801273,0.208922621941228,-0.220213723149021,0.399204557493342,5,"5c5cad3e4ee81200018eafe2"
"463",-0.72209320888411,-0.749476788606805,-1.55254985807105,0.273262091325133,0.959501126976692,-1.59634389988637,0.0374441670347055,-0.978310882736976,-1.35053193925341,-1.23369981107038,-2.0162508391283,-1.21117556812456,5,"5e1cc37a173db405a7a33774"
"464",0.514081129537259,-0.4009404097465,-0.338165289477228,0.0822853578253553,0.68150285642315,-0.242666751288328,-0.161052828669483,-0.0662698921700377,-0.390882163195833,0.50309490067222,0.604155305527732,0.443730363797558,5,"64125a2a86177f9e395541f1"
"465",-0.356267543407757,0.0316876058329286,-0.160678689754641,0.257325899059222,0.464375403909883,-0.0465490026907394,0.497625176269366,0.0388477324099658,0.379737014697409,0.00750672441587255,-0.205958828515847,-0.184101332518513,5,"60d62b5651b24897058ec1b2"
"466",-0.382839882608172,-0.454945916332437,-0.61748678427782,0.238237213260015,1.06684177640105,-1.66685175580943,1.23147552138384,-0.125396867405183,-0.179773511576734,-0.678044229222894,0.449503143203984,-0.257685792589844,5,"6731be489e831394673e6fee"
"467",-0.416482305067384,-0.673764795033066,0.348424070450506,-0.6404375958269,-0.442238235052011,-1.51966918465943,0.368543524734853,0.338274460394119,-0.947104490129432,-0.735308329997561,-1.18087407263116,-0.354949170107575,5,"5de3d4fc1d61c93cd498bb92"
"468",0.0392849667960595,0.511335034241542,0.370590804885169,0.402864964292928,0.461161043749155,0.876122718719473,0.613529648287873,0.46633477981328,0.8603503346486,1.22754137069575,0.709502571405121,0.39511305212228,5,"67227eb3d24e7ab203397120"
"469",0.685994978397687,1.26364352657237,0.701842568684545,1.33778067573381,1.48555314024825,-0.846249799976609,1.43536662082115,0.650934411706261,0.562952180339079,-0.893742493055104,0.575120898407895,0.172728064780977,5,"66b370883fc774c23e102c46"
"470",-0.385785565205724,-1.40960229798669,0.223075598853359,0.50915579156347,-1.13940266236813,-1.35281394224869,-0.839159054975924,-0.101584458939323,-1.72966121335528,-1.6895352363501,-1.99976423909911,-0.604978088883315,5,"60250e892b5c5727eeeef076"
"471",-0.207787741265376,0.379665229101775,-0.16048519112815,1.09270456898517,0.941342472667084,0.0269470114953069,0.438700884169777,0.100862398715273,0.952497010241287,1.18779014581294,0.658403359623005,0.0998845506846802,5,"5d3f7f33eb67080001cd7250"
"472",0.19343991778045,0.405492813097706,-0.456796581427115,-0.193506164032093,-0.484270979822638,-1.95202920541158,-0.990140299579631,-0.525652584425136,-0.525400015626202,-1.75322009803687,-2.1062787062907,-0.958916549594238,5,"6773e0c2bb0187b6ecc2c835"
"473",-1.53206979479558,-1.19364972300804,-0.927460796188833,-1.45385812685398,-1.19546557425303,-1.12994646978143,-0.962064513383224,-1.22803220893233,-1.41556087156674,-0.825339214453625,-1.35491164735909,-1.35075427860086,5,"5f563771f9d13401b412c765"
"474",0.258458763615025,0.00488248495426538,-0.248649047285542,-0.101056504114168,-1.42062250998676,-0.308541990597677,-0.385393843141989,-0.0224678582796742,0.917778057108902,-1.51142979069983,-0.273759503659423,0.0183711772283909,5,"5e89ec793c01b3685a00bb12"
"475",0.0794554459689109,-0.0626685998591257,0.0441162227973361,0.0743803800808128,-0.668220101982212,0.378963661766207,1.23175043855461,0.0682015315928912,0.272373223101202,0.243458570131299,0.207253328557946,0.0794449485845256,5,"63ced9adadc38e1acc2b58b6"
"476",-0.130383935768158,-0.402979175566771,-0.287399318358822,-0.306645508256909,-0.137277804131448,-0.152193162430808,-0.814674823917607,-0.581157144458115,-0.309512320530567,-0.433170292869784,-0.722047635496164,-0.478463501702116,5,"6143658d32ee8af4a85587b8"
"477",0.749015892279309,0.405988445558149,0.995049009042217,1.26210009418938,1.19768102438874,-0.36044540046769,1.42748229146979,0.934993863573825,1.24001866821525,0.669309477821832,1.47997412570415,0.818820406503294,5,"67e0870d582edce0a2764d1f"
"478",0.170699809404,-0.228474128908433,-1.25841600355144,0.824427439845084,-1.42294043684595,-0.724096558782611,0.00440496825804906,-0.408579982721266,0.702246872906063,-1.17936052336806,0.589948412154238,0.207140009339747,5,"5680383ac5767f000d1c7e77"
"479",0.266402076528171,0.777538952451172,0.941489104251946,0.812999636370249,0.618059520994306,-0.343682749620981,0.352891206063734,0.640811207024828,-0.134250519271639,-0.100166653916055,0.528561241670218,0.143305025976022,5,"5ea2f8ff57400807b6f53ddf"
"480",-1.58525265734286,-1.18967778110997,-0.106610188334444,-1.54453053824908,-1.17601197928929,-1.17060071077622,-1.43450893849519,-0.702299689440631,-1.40832204800249,-0.997014333179309,-1.67513061154623,-1.07688236569168,5,"6616fb992e894124c444e560"
"481",-1.02045029425255,-1.42118215999555,-2.12112086658239,1.02760013002856,1.32044902972294,-1.93628701052078,-1.02602246179756,-0.276006437880315,-1.77462020008608,-1.41303897906369,-0.657555186830577,-0.862651940907843,5,"5ec7b132b11a172266fd8915"
"482",-0.30930556070332,0.164515188844358,0.0623538258752653,0.33127850558494,0.154913311650475,0.416404638855067,-0.576781623423693,-0.0181894787946999,0.430576663052122,0.831097902908676,0.188313200981495,-0.11271409787193,5,"68726f539dd0fe0a427837ed"
"483",-0.0470837139276889,0.295560290237431,0.0863058092182404,0.385603981993388,0.48252638413933,0.754908230075085,-0.177844872986148,0.0495034766135324,0.24615022003441,0.273548242882643,0.23970568739046,0.0112627013184333,5,"668a9e53e7690b3b64d48e92"
"484",0.553792249167448,0.415823097435941,1.00389223629546,1.15964820174769,1.46978165132034,-0.9020756865562,0.987667614528528,0.857083258791798,-0.341379831931065,-0.322943415591876,-0.214105128641871,0.316665495706047,5,"59584b6a3bc7aa0001036aa8"
"485",-0.0792021901233447,0.0649391584531479,0.0990427383752885,0.322549545299097,0.47015023731674,-1.02852062867181,-0.52543929338228,-0.0171186918208615,-0.45110345615585,-0.408616707593961,-0.264336299959894,-0.118735927456859,5,"665a0f420fcf6d77105fe5a9"
"486",-1.11332003086925,0.228076756687086,0.840555340516128,0.804821000455743,1.39238749657409,-2.17228830257126,-1.90713326266498,0.106222220202047,-1.50570609711752,-1.65440450969227,-1.38664014143489,-1.29400345839819,5,"6659f77ee4fd69fa455cc86a"
"487",0.0817970047655881,-0.396896483771486,0.681360304459771,0.527701178756339,1.33416421884742,0.186813314571986,-0.938677982327989,0.556473131798957,0.385129019492069,0.502928532156095,-1.0228653069701,-0.0502953857182561,5,"5c59baa95e09ea00015521d9"
"488",-0.198718914733067,0.166684816413709,0.0420517826393347,1.33284920436808,1.4793796217047,0.288164695486513,0.549489897580151,-0.180823284983093,0.889180744528411,-0.646077555238001,1.21111167022278,-0.415293593027606,5,"609978fde585cd14ae6a03a2"
"489",-0.748921848096273,-0.817966254156501,-0.0753967088672406,0.091529907252627,0.432894502442375,-1.95260339141806,-0.490206741233737,-0.795761379964635,-1.56802150755199,-1.67664660647059,-0.914352144214408,-0.983886644712229,5,"5bb7e76b6322c50001598f09"
"490",-1.13620319204471,-1.28382520792353,-0.93492180805914,-0.795499785923945,-1.02888101884856,-1.6555976969603,-1.50538599319257,-1.37927499330092,-1.33952304915296,-1.13396990853834,-1.01497673604872,-1.23104000631319,5,"6673eea04e15d2d270aa7ff8"
"491",-1.0624788934848,-1.28360040395709,-1.12232657340532,0.129820286823194,0.384545149046172,-1.61483402826717,-1.0918570295144,-1.28120232541586,-1.33048006720578,-1.71642973900736,-0.960435074684302,-1.24553759364079,5,"59b044b4d98aab00019bad5a"
"492",-0.608624690282526,-0.937924636824469,-1.0236611069358,-0.645129011085263,-0.547553638842294,-1.94517482794388,0.23581063749457,-0.802838781222835,-1.99007915837347,-1.76297798993453,-2.09494538824855,-1.10374617397662,5,"577a1ba12ed4a60001ad55dc"
"493",-0.628746700682533,-1.05768169909685,-0.544737753503029,0.27938699041644,1.22164141352407,-1.94024399508586,-1.60732656149389,-1.11448216420283,-1.34602358776902,-1.36349583573974,-0.427419820798003,-0.776635995035446,5,"61166b2cec63d8ea49e36aac"
"494",-2.17124894026706,-2.18698975189169,-1.74658804632541,-1.19647827109729,0.913427169381123,-2.08759141308287,-2.46526307356815,-2.08909857841661,-2.26343197171097,-1.14443232335918,-1.36984166237441,-1.62114401629417,5,"5f985f3a4bc1cf120675f408"
"495",0.451523195463685,0.377267794693568,0.634587722500145,0.851779952721113,0.861882136517612,-0.107263391693766,0.153305378325104,0.325925281516204,-0.459332498101734,-0.645769003919149,0.527506355919741,0.135690886008649,5,"5dd05d80b2204f1487f7812c"
"496",0.869045249884341,1.27164344391044,0.522822011039315,1.3820184791021,1.49131029399341,1.61799154682283,1.6104878899275,1.01555182006375,1.50257394837498,0.725384467658345,1.60729908315559,0.893874018285682,5,"677551520baf8b896f43f4a2"
"497",0.0585287263891787,0.307532177822585,0.371571154785864,0.403987030575779,0.644615454250629,1.17391561409085,0.728665060318847,0.508559580543115,0.557870498386269,-0.03519149120272,0.647743617571961,0.249243596492999,5,"5a1342b7f2e3460001edbfd2"
"498",0.908523540197638,1.28108178576823,1.01664885009736,1.36283569577209,1.51242795738925,1.81357208484138,1.61634859349283,1.10340477699061,1.50564040854108,0.624962083240021,1.61467298036553,0.916707614822266,5,"5984e28e73278100014b2e17"
"499",-0.0966878493795883,-0.641394257602763,-0.806717436953323,0.282902533202971,0.12645390673589,-1.03562020058257,-0.53994212997178,-0.873854602207798,-0.889365595093036,-1.14110991455605,-1.51380068607746,-0.709600756871515,5,"64132cc612acd974252c0043"
"500",0.586101417743465,0.896676582431016,0.622220940179277,1.27268112367887,1.42887407394703,1.06216877932347,0.0537784861721971,0.332208971932859,1.24036152307575,-0.387620631607135,-0.602196607903815,-0.139514543668476,5,"6658d27edd60f6a0b5dcb504"
"501",-0.0434861569131386,-0.309414427012955,-0.153116253563166,0.243687302860481,0.458671601607464,0.0133309224984637,-0.479518784241367,0.119742351483812,0.666830983370941,0.857695483165498,0.235881257017335,0.299393101394847,6,"66cb2e0bd2169db778550269"
"502",0.071674834555237,0.482912216463078,0.0727684750287709,0.0345837810088245,-1.1485855653128,0.653593119508284,0.566656824119486,0.179643825043014,0.501029888024415,1.15329601630417,0.582881188260183,0.213747053938166,6,"66c5ee0d624ca2722eebfa1c"
"503",0.578561849971058,-0.907933909391823,-0.961147019264613,0.476154371884933,0.588630902667913,1.46443798989667,0.858796742894751,-0.21175892602433,0.71609568644149,-0.343448943902614,-0.0956963354316199,0.28522431497261,6,"66e484aa361904c9801c6837"
"504",0.308296579292642,-0.0806339963720566,0.376632930285762,0.172311124344991,-0.121187570102106,1.37717633586787,0.0753792904649546,0.197257130231239,0.510504929404086,0.930853799038188,0.69950646196896,0.50672996232853,6,"5cf1824f1ae74d00015fbd39"
"505",0.761371769476738,-0.886759394540182,0.103761259288836,0.510648968090931,0.431981196847553,1.73677421473042,-0.956551478962532,0.0206658496681915,0.730181757762685,-0.380284573464221,0.727632988240328,0.709227275684067,6,"5483702ffdf99b24c654b810"
"506",0.141387035915088,-1.07348808690159,-0.226151306334329,0.419829056708043,0.458435299479231,0.275254364325124,-0.350649249727975,-0.292931641384604,-0.105411912752066,-0.701120470673522,-0.959154541543894,-0.0605216378613618,6,"5962a9280b835400010a7617"
"507",0.327704682383936,-0.433931692518091,0.0188874014836534,-0.193609287801842,-0.481367291990795,1.6516482916349,-0.338436192859651,-0.389572442715728,0.145350053829274,-0.33856782213926,0.548766972749275,0.0906476691471383,6,"66839058a88759d4987e3e1c"
"508",0.66144358520898,-0.00684121407806116,1.00463993813823,0.761271550848435,1.41716468219355,0.498799313727607,1.43421990472145,0.940343284794873,1.22322808041802,1.79943609297587,0.00159124820185589,0.716767401522679,6,"671a5785170a0f6380c51f28"
"509",-0.21559401296678,-1.63820432098616,0.0114025485434773,-0.800638638561978,-0.508476258748607,1.68649648792546,-1.6431125477921,-0.38290786098171,0.200747195998739,0.89915311354461,0.668124527309949,0.452177732468521,6,"5c9224087a7067000190b119"
"510",-0.101438594356204,-0.284518293155704,-0.748335307039768,0.209069838821776,-0.597903232058919,-0.50678147426242,-0.687759896206218,-0.401503941477554,0.0240289343118158,-0.978233416651445,-0.288021714819421,-0.207042448670552,6,"5db21a3cad248e000dae8bc2"
"511",0.601854078319417,0.353707098197141,0.388663251315741,0.433514175312859,0.316957008157713,0.92755439433956,0.711268560794527,0.422025033789215,0.849918547004051,1.18676509856185,0.736953352190072,0.545676386766866,6,"579e431a81f331000139d5d0"
"512",0.765747269328259,-0.343635724946362,0.882005082354966,0.79126221697729,-0.973692811770214,1.77806550504323,-0.0520728234193039,0.51599097105731,0.462161029629305,1.12590288341543,1.4833122858151,0.947294145196878,6,"664a5be05bc29332beb2fced"
"513",0.524648030556909,-1.17804381842831,-0.710705595573769,-1.02901869808004,-0.506860649827561,1.7702826554352,0.624801743720505,-0.340084897863596,0.139631249475153,-0.996571403435037,0.183681590942874,0.30732661908938,6,"5723714684458100120292f6"
"514",-0.101365723886776,-0.460287341458353,0.0887952055409989,-0.438098688529083,0.0909254510571694,0.150539242362696,-0.281470666878687,-0.0481513323874397,-0.219684966926427,0.241802013732112,0.210558479419398,0.131330591155739,6,"66151b57090a8ba8ec454009"
"515",0.674699288280218,0.259487969533581,0.141510106570651,0.146352702428322,0.120979572849726,1.54519983148568,0.719517003952192,0.300838252413347,0.695515564440504,0.303122076432166,0.702125528657971,0.55653905613889,6,"5ce5bcf74caf470001da7c33"
"516",0.0218270948959411,0.116021190814072,0.292008364360382,-0.175098757505482,-0.374509430250925,1.44344755800144,0.957157281886217,0.21643704644055,1.02793955349943,1.22652459580305,0.722734196875629,0.419038728606197,6,"5e8efa2ce7ea51000c5ee81c"
"517",0.579309810003824,-0.617144253142005,0.369138949725365,-0.307070650039872,0.0278286204940566,1.68893282798593,0.291008520496326,0.184335324768705,0.385683414515808,-0.60781251518678,-0.818450822888569,0.402836100970893,6,"59d3bc2147f4e80001a6c559"
"518",-0.57355459548229,-0.63080767937134,-0.459318581295253,-1.20315020730311,-0.716167484422467,0.102621557287862,-0.523178598151534,-0.338875435446061,-1.13753350108367,-0.435523332638192,-0.450156318690035,-0.542989675384896,6,"5e5521580ee1b951df544c3c"
"519",-0.103179524312629,0.119725063569644,0.0894393357184387,-0.0264586403660233,0.209122268732317,0.418510285419146,0.0333583929013653,0.0437691495648863,-0.011051909842043,0.544469309735235,-0.190693102165076,-0.0230928064599333,6,"5eaaa1f09980ee025a0e1f12"
"520",0.879845476819029,0.713743964603734,0.972876648084603,1.10424649972807,0.337620994981665,1.36253830824568,0.769166971642574,0.9415141604279,1.09498223269281,0.385131695013497,1.18631473542754,0.889054846110616,6,"64ccf9cc977586e51e651f69"
"521",0.0410329800726753,-0.32896070266769,0.233568588165692,0.327429919178931,0.457228799918238,0.419655820039142,-0.41397667098559,-0.301810974183926,0.0594754331606786,0.00393136080414812,-0.459752825788306,0.0513455037109639,6,"68b0352c1c6143ef8800b88f"
"522",0.478523339321821,0.766887599909266,0.173038514769025,0.817034441211062,0.571349600034362,0.888895930025544,0.991668936296061,0.4643531578768,0.654353182590278,1.19457955024031,0.718879719001868,0.491461614971143,6,"5f01c3c006587930a898cd88"
"523",0.797631298654362,1.20976622105745,1.02551991499079,1.3594468962957,1.52168899394922,1.84197351937788,1.61899743503599,1.08275407700722,1.53501103249036,2.17161815496818,1.63232626431053,0.962031241606664,6,"634688daf4776ef459edf673"
"524",0.58746267412196,-0.000340124640791696,0.755172356716165,-0.128780504992465,0.970105248269918,0.927336889470026,-0.152177993092116,0.594472006043186,0.230077518170704,-0.612815598500503,1.03081666684494,0.671015537079425,6,"5a03241a6e1ea9000124dead"
"525",0.841180031814184,1.34557923278387,1.03545734861632,1.36201425193032,1.51832407233349,1.84191862809065,1.62801996762053,1.12366722320682,1.55459395720536,2.19105324740082,1.66307470515908,1.03557147671671,6,"60aff9a6354c706f21c27da1"
"526",0.60831076090368,0.0607619541435568,0.951517032185339,0.027716282397097,0.455948222177256,0.808660724335677,-0.169952266811301,0.668439788934011,0.446361399899597,-0.568484326869896,-0.0947708889029844,0.526890443902176,6,"5f45882f55090e1a65935ffd"
"527",0.617668781052244,0.581064943071102,0.740195770429037,0.369168573402644,0.259309276660129,1.04779617999169,0.644120100876012,0.83259212864254,0.573867016902804,-0.839884582269044,0.645117862484417,0.51095044222049,6,"595804ea8b58be00012c25a1"
"528",-0.217901332251927,-0.0326118562539122,0.0419568324827752,-0.0565134349563056,0.419223842307409,0.437219846062155,0.133967129964916,-0.167085377862034,0.222663081641465,0.212360159362939,0.0822344773006028,-0.259977473710634,6,"67fbe860ceaf5c3054dd9654"
"529",0.39087551541412,0.0476297234598899,0.593791833518998,0.164047331751654,-0.0657956126080142,0.778829155013761,-0.0927127099275721,0.229545213440034,0.0275205720738263,0.545505728575864,-0.184639016361307,0.203194896869256,6,"66d042517a5a2a2868f1a2a0"
"530",-0.0535138242037024,0.144447315254052,-0.422668391388284,-0.024672204695457,-0.186320247786331,0.844198601801239,0.0868835534906462,-0.0341184362069594,0.461969266352324,0.300433220669323,0.96500430248508,0.205694674107271,6,"5d0806849fa4ad0018638a46"
"531",-0.0646968198122534,-2.17100212927772,-1.39628788387946,-1.9678416259899,-1.69495725282928,-0.626168368324601,-2.04987087726293,-1.7401009289583,-1.76470534999621,-1.70073001902461,-1.16098628269076,-0.283688410868432,6,"5e2872fffcdb020467d12799"
"532",0.526693097076066,-1.60159518220079,-0.578102134826099,-0.568008004366479,-1.13361818956881,1.63943366049282,-1.36349276211862,-1.07478661264914,-0.73473941237818,-1.5324122084126,0.649650470034078,0.42168173801725,6,"573dbfc9cc30e7000dc57410"
"533",-0.133078544970514,-0.566253300845053,-0.494406877732064,-0.350462217441341,-0.476380075545388,0.778808379702645,-0.408594067897225,-0.527923646614702,-0.0727766981555384,0.213223884219591,-0.194885586692795,-0.0646618333507557,6,"59205fcb97a88c000145d191"
"534",-0.168667732737548,0.462903792543009,0.288757984920739,0.0250486560567519,-0.190355681921471,0.430386321666007,0.944586535314038,0.21017014070384,0.149918783023376,-0.958438934742745,0.422656515203806,-0.316526560214759,6,"5cfbef1b50597d0001e8f11e"
"535",0.621576814601602,-0.351266007891936,0.224915847040396,1.22901208913996,1.41949682674474,0.946615333206251,-1.52556464894354,0.425559984977249,0.119340810388477,-0.129430320028396,0.233133612345391,0.375875370853592,6,"5db31089a1f8d3000c10a6c5"
"536",0.450660867391583,0.058244151693006,-0.630001992772114,0.252448031893867,0.118186592764105,0.0567325589338106,0.618871928642548,-0.0959314620725261,0.0782793264522221,0.763940035478563,0.928891544419316,0.314109532070085,6,"57d0db6cf7bcd90001cd47bc"
"537",-0.129063314914818,-0.568533822947269,-0.397082719902133,-0.113769533633143,0.370213881216737,0.75314585360672,-0.736947341072041,-0.175187453572185,-0.074044995072001,0.21781028807255,-0.198314506218408,-0.00385757265193686,6,"639762efb285e1d3b801de17"
"538",0.502536998803323,0.74525662775066,0.278541174523405,-0.223114375499595,0.297837728301691,0.62354952504164,1.4886186015064,0.855113006312887,0.189547444108564,1.2310494758797,1.09356516497963,0.815043918102633,6,"5b2240df023fe3000150533f"
"539",0.179697453196564,-1.71542787561932,-0.299348244086935,0.175701275862773,-0.585251969413898,1.69413108715063,-1.31855126741226,-0.739865493958587,0.353877187261495,-1.4871981040873,0.650460631611688,0.298548117605241,6,"5d89fa922e2fd200012b81bc"
"540",0.291891883301726,-1.23645419212091,-0.444450445162767,-1.22932580069583,-1.58068218995677,0.340701430989245,-0.367043665705506,-0.242775710128551,-0.725270185246172,-1.22301771171456,0.555992494321496,0.478372219484217,6,"67580f69a9a3cb759240904b"
"541",-0.303514749368668,-0.611559407048295,-1.09790754652276,-0.570758975281666,0.831044716936055,0.12554293257336,-0.483671810476806,-1.13130002661425,-0.699179187184493,-1.63005661402047,-0.359276103550913,-0.697071352768275,6,"677278717e8b2c6b1790c966"
"542",0.614094732938635,-0.0710947448951675,0.88113939002223,0.211934279460909,0.711341417451947,1.71738946145367,0.703122560083211,0.41714893625663,0.509014516988842,-1.12257495541196,1.02839276141655,0.495473809843644,6,"605da0a3b78d54d78f618ba4"
"543",-0.538989009380429,-0.118950015787887,0.0602169807190758,-0.701713696660747,-0.678134007405868,-0.263177833420529,0.455048927853195,0.0266326875181957,-0.220721602153095,1.11997010320642,-0.23277484127515,-0.0938344197170062,6,"6661f59ccfc8aeaad069753d"
"544",0.203687325263341,-0.249302416726611,0.0616874122489851,-0.530714616172143,-0.221879174414898,0.740188289363701,-0.735970150469585,-0.216896975161825,-0.113081078308946,-0.10523037900002,-0.243488383828194,0.00293036522569816,6,"656cd9efdb298e7230d7d42b"
"545",0.0273979748865803,-0.641018940761205,-0.207133746739727,-0.123102983617167,-0.672474720689868,-1.42305179769589,-1.15227240494006,-0.461365791466597,-0.71019701860148,1.02056947442215,0.122017775559057,0.0982683450554432,6,"612d65fb9c0182abbcf41c32"
"546",0.0794273008903156,0.783942764132955,0.674248440629325,0.740245892611883,0.593257505087956,1.4970096398924,0.774643872257649,0.692407492913209,0.853187751203111,1.80457463134127,0.75286743035474,0.468670026874427,6,"66095f32c9a782ed6acaf8fb"
"547",-0.0375948486344707,-0.0101033922538611,0.0847055847863022,0.387455215618096,0.498116379352232,0.837660197950891,0.0587890211322837,0.0494813757642654,0.482548079808271,0.848269844395497,0.648960614617635,0.213426700891168,6,"679153802a458f825959cf4a"
"548",0.503661365757212,0.67271977307107,0.96155001549155,0.681314679065676,0.33311664903636,-0.800172317073745,0.999708170130242,0.743723356533474,0.363569362731837,1.1796387101894,0.322438315001859,0.568033289899816,6,"5e39c4360d41ad1e52de28b2"
"549",0.472665498613151,-0.26820230246684,-0.820579096635305,0.856057869469883,0.367453557141681,1.21269694419294,0.469097001663316,-0.725925909931876,1.0876874834304,-0.30910634758531,-0.0592463286458086,0.0767505186679074,6,"67878e264046b71df4ad64af"
"550",0.338853759408688,-0.58312431197927,-0.714742719329448,-1.16323081372187,-1.20436923538328,1.42234538476697,0.486885221105861,-0.274407884755845,-0.064699262783174,-1.17060097979086,0.5968953006198,0.337026167570495,6,"5c478dae685da800014c8119"
"551",-0.610253136921125,-2.32432630493767,-2.52640182037641,-2.04854102711119,-2.50884272822273,1.36283518810548,-2.3251152961347,-2.17555701977103,-2.11005891024668,-1.84632825490722,-2.11171530429493,-1.20507160988627,6,"561cdc083d7fe800050f591a"
"552",0.0569375928688522,-0.808183130723096,-0.492347829684119,-0.267963586513359,-1.25546044954155,-0.676219865423415,-1.34301603747576,-0.344343300631446,0.151517207805669,-1.49811403842724,0.18909207601907,0.223859816650464,6,"666a1e606b80f9865c1f3d5f"
"553",-0.143360722050933,0.116792772811399,-0.472672492893424,-0.115636258782905,-0.412029226962314,0.840556572109099,0.543053614597933,0.019585663402767,0.438202203387346,-0.549087828848771,0.626792204793743,0.14579194654799,6,"601d10cca1fb4b04cde830ea"
"554",-0.139608970592274,-0.717678070732515,-0.475220993751169,-1.07276388745146,-1.39662606065151,0.774355520617476,-0.524547302510521,-0.408219028503964,0.180780755442928,-0.997940931459082,-0.691499176481438,-0.182809162197603,6,"601a98ff7ab4902f864ab575"
"555",-0.146438292425184,-0.121443172384821,-0.41574888412094,0.213297195240512,-0.359676237611802,0.779933625709081,-0.219626741966469,-0.128239193911758,-0.0643192358786904,1.10537405084191,0.162586574853149,0.0373080279266688,6,"676e8422294dd6823d5f77e3"
"556",0.183386715923768,-0.478042863024857,-0.012591250110273,-0.113082365223201,-1.19707564736921,-0.0512905274978121,-0.433696746141851,-0.260225924586477,0.129502978320616,-1.5516190750531,0.0398433990968668,-0.0671922107019331,6,"5f6f2da91b5cc64887afd65d"
"557",-0.678370106258085,-0.672372429252048,-0.229598969624599,0.219793102722666,0.185475015177287,0.822982334339182,-1.22227810795625,-0.412070387962095,-0.148191025288455,0.866208934049781,0.620701582050418,-0.0057641968937288,6,"5ee13172646ecb12b9368547"
"558",0.477665747787755,0.0663087216357534,0.194785569754489,-0.343625318580892,0.110893878289498,0.870855744981001,0.583712256047639,0.544612603542265,0.449678448622176,-0.334783409799976,0.271847090284601,0.450436426643983,6,"601b0712b0701c46459aab27"
"559",0.445094161347351,0.112307350998558,0.440411871880996,0.418159350125613,0.516886588978772,1.72702190933754,0.631429266624909,0.49689372298465,0.734195584682985,1.11631070384312,0.278917954407045,0.435626577384987,6,"5dee0f970fdb274ae30f0846"
"560",0.75605856330673,-0.0238244933501173,0.720227448526998,1.02682752839821,1.4595154225731,1.86256732396987,1.18464500309771,0.82531250365172,1.09802782068452,1.47187954919273,1.58725680118745,0.979849434865589,6,"5987030cfd8cca00015cbc26"
"561",-0.144044967631753,-1.36950816157143,-0.231695679349474,-1.37872249975507,-1.00491332548232,1.63606776981628,-0.147374340090942,-0.40590470763413,-0.460749625138946,-0.407979826422916,-0.28256758187269,-0.0860047719418411,6,"62f0f033178f89dd6f416590"
"562",0.81246317223444,0.436403088926927,1.0082116049119,1.04721408726638,1.46269508140978,1.30331976160107,1.51430128930169,1.01083038956815,1.35935066441655,1.25273239592579,0.835941734796853,0.900173664905184,6,"670c17df0a4788241bf1835c"
"563",0.414622252231357,0.00136725170586596,0.194980881076802,0.257623314463526,1.0319640327614,1.13895971990267,1.32939664715191,0.354505344008464,0.444104625585878,0.540929833602697,1.07315377902811,0.440437327187921,6,"5ece2f99967c2c1c98146fbd"
"564",0.0339194121095565,0.746096899403923,0.193710888690583,0.402747246014592,0.5189242517459,0.869807601417133,1.1364646215457,0.66578232786029,0.632240568760528,1.16089737141355,0.698329930875915,0.386460738491587,6,"609fe745ce68c700663d6339"
"565",0.178168104122675,-0.00116655179821013,-0.148806920072629,0.0520843225728027,-0.115618385629192,0.827963482933422,0.530307671053451,0.0234554387875666,0.29728976282292,0.233158029495545,-0.178918379503373,0.0620902503304897,6,"636548707f6a210ca82f6dae"
"566",0.841476917295015,1.00902268880315,1.00664176553546,0.741237714828379,0.859735876807875,-1.00984616113368,1.41605689894936,1.05979963073662,0.901588843920113,-1.42523030670102,-0.123697358834509,0.465248124344991,6,"662c0e1cf4d70f0068ea160a"
"567",0.686455634314075,0.405657969540432,0.169441329899678,0.479430038277234,0.51583064402605,1.81646856417173,1.39162768120839,0.480059879058475,1.04498712775717,1.2062234404843,0.776909865454363,0.673091065792106,6,"63f38f6346a5beb76cb2a3b8"
"568",-0.129506887216482,-0.860695374249065,-0.554801643414673,-0.268284082910491,-0.237327997041065,0.379606679805952,-0.432339075717729,-0.570105800728631,0.906685501688507,0.578155267977884,0.619418029517429,0.170208403787236,6,"5d514a73f20feb00160b5e0e"
"569",0.0973901119247752,0.125814784348674,-1.10227636238609,-0.417767232297692,-0.472395796659166,0.9199179262948,0.723545961205085,0.260743816270715,0.503342200154253,0.836474214152813,0.979450349787092,0.330597680003888,6,"5dc961d92bdeaa67f2a71de2"
"570",0.889607714174045,1.05516612325165,0.966618776674948,1.13398318985834,0.873362607258656,1.81739755083872,1.57169638326547,0.931685144283917,1.44538048080201,0.716387736686747,1.25154265051151,0.873142783764505,6,"59607e59aba046000124bf07"
"571",0.635933948745867,0.915051667400854,0.577061875550722,-0.194906785337922,0.748262805737175,1.78559925367272,1.58243452037244,0.971200331483704,1.19521063298559,1.49618419931876,0.288511166863654,0.646779882388745,6,"666344916bdba2e2c980dcd0"
"572",-0.472591129170822,-0.106188872864418,-0.259532936719719,-0.00503029861554735,0.405508361180144,0.54478369639971,0.367801415895034,-0.412593300050252,-0.135332080537265,0.772894069639188,-0.215834618115868,-0.342606792533518,6,"63d96ff56b577f6ac10e5f6c"
"573",-0.449043452497427,-0.766919660010684,-0.720118118712952,0.0402944869865142,-0.41844112545284,0.731240574885758,-1.12884803216032,-0.263008150346312,-0.0817520764922745,0.529756672951999,-0.53886905023565,-0.0621083219149576,6,"5c1575e62a407b0001ff2a4c"
"574",0.839356505599371,0.507577707433953,0.227953983798739,0.58887295515432,0.536850158066181,1.81147365894333,1.42817678755009,0.859840589080925,1.20204798471699,-0.203875087760942,0.780158485512805,0.785499955902522,6,"6773dbc6ef23107f61c70eda"
"575",-0.61902768076407,-2.15774309020287,-2.47507859508386,-1.82328975741963,-2.03852324891081,1.4438091085048,-0.812683488339447,-1.79562485720549,-2.00811778261733,-1.78312939445809,-2.01186873327576,-1.03173483633944,6,"614c8dd508d065d05cc8dd11"
"576",-0.645499678072634,-0.788877142498009,-0.00106993283042005,-0.807975531856755,-1.02138716370091,-0.754215694316,0.253102098249153,-0.169199735651075,-0.675400727801122,-0.725189154512711,-0.773540459105728,-0.520066478948441,6,"63658b4da2cc06a1cf53887c"
"577",0.485799785864431,1.38356318921807,1.02124330748762,0.974411514221685,1.45208585472842,-0.152755602860126,1.52133444305835,1.10092912007945,1.31159566815105,0.611953101720854,0.714350207634729,0.516495413868216,6,"5e91f89e7a826753247c7ca3"
"578",0.466171732146437,0.136883032342668,0.429872980614236,0.131204202071062,0.451147236741622,0.819873596612433,0.937852608570953,0.627804923437703,0.462843024339766,-0.626423545102562,-0.922252723625898,0.157627760639209,6,"5ef1f7026343e20b931a0cb0"
"579",0.117663989053936,-0.855935673755608,-0.715602246781486,0.3646025679642,0.223255849191988,0.996249593121143,-1.74346249391517,-0.458891678002147,0.348375795743429,-0.318098736278228,0.596150656600487,0.20372802806723,6,"5f218810dbe587339609aee4"
"580",0.143697051237955,-0.836026011202775,0.10489448192132,0.315184157983673,0.0759065727260164,1.69720635832574,-1.61515354949872,0.0526329660284507,0.743386000784585,1.15781587293847,1.06385418262305,0.529728162250544,6,"5fd26b8cf8a1750175dc43ce"
"581",0.468844222731552,-0.686813241964691,0.59944361667553,-0.15337902257129,-1.6447287459529,1.39774598485927,-0.556838634558237,0.331402157985598,-0.0624389154720327,-1.55170126829554,-0.356689004711694,0.155223286969699,6,"5c81582c4c1a61000155584f"
"582",0.113946041168601,-0.0138007016393996,-0.163997630735923,-0.334470756724229,-0.433980095989162,1.44829984417603,0.457144147618653,-0.0610018266262523,0.0716212274624151,-0.0704875914576255,0.522750671040698,0.0109937397791777,6,"5ea4a546a1589107aad124a2"
"583",0.605995130524599,-0.411318338588888,-0.390215706837069,0.41953122212391,0.335961595455147,1.5455958662765,-0.206553710857432,-0.209082373260718,0.508013062609192,1.13589846704208,0.733308211691041,0.583926626982378,6,"62a33c442c64c9d129b53f32"
"584",0.252480297657352,0.230021800194604,0.085990012279274,-0.108582039858088,-0.378756248826277,0.864775124630758,1.27968226743984,0.128650068351178,-0.0345207590708656,0.280573613375747,0.627964532291924,0.283599656300777,6,"5d5db7f7ca179000180b17cc"
"585",-0.511390230997024,-1.11984018676862,-1.01575688838596,-0.860118590239147,-1.34284059096944,0.707127542974304,-0.0543681582705672,-0.516681738003566,0.464039769551834,0.506492146898828,0.56426898044179,0.0705407636322301,6,"5efbc6d2c1afc617b36fdd7d"
"586",0.849248316668415,0.640255374868534,1.00806291094533,0.641190018631322,1.0708221514987,1.60731201249846,1.43283746679833,0.987311174604378,0.992235867273498,0.401498254489173,1.56573678002427,0.945838366078271,6,"5ea01b4b2d7b4d0243d93f78"
"587",0.257930107331459,-1.08520441840927,0.0656152283587152,-0.488257473886265,0.0718127453578703,1.28963267858408,0.340498185244061,-0.0640666052062394,-0.639353667926363,-1.54631989501918,-0.213248581585168,0.101088248719521,6,"5b7a0bb43c13750001982223"
"588",0.56910521254312,0.0921046409552627,0.748847669986752,-0.235823270739563,0.56105294222802,1.15883900120106,-0.480744785923275,0.562047264463535,0.766479410609607,0.903959798329566,0.639851990779535,0.581428779507557,6,"6266aba991affe86ae58ce07"
"589",-0.266649263299055,-0.600227387255889,-0.239086005359587,-0.444948000889063,-0.492773107665352,-0.539251667780246,-1.23103262388855,-0.6073897749022,-0.793837241016042,-0.138347800934977,-1.11808934725658,-0.44497040884587,6,"5cf9692aafd8f40001760b8b"
"590",0.210658650903098,0.264871806512841,0.283719592896449,0.789987399583241,0.239967290084632,0.23669101091703,0.835918788799234,-0.216622771216425,0.344300854830649,0.873590150468611,0.647434190366468,0.258050961515358,6,"671b67f55fca5f2c8617fc2e"
"591",0.111522491247508,0.564558791736322,0.093899603066018,0.375240864211583,0.27978091090271,1.13358522097843,0.599909769656682,0.121171732628508,0.276653320640096,0.84516828382851,0.262264910909203,0.0673521603818754,6,"640c3e718d10af5614ee82ee"
"592",-0.0215126034757188,-0.722238305164667,0.328946994623876,0.365875678277602,0.523517399430325,1.76383082024942,0.178243261107754,0.0163433890139052,0.770682612916662,1.18467494748113,1.05500154980243,0.391276633322888,6,"5c559af233ed050001dffa66"
"593",0.72403987782084,-0.291826866401829,-0.188730358075656,0.812343957559324,0.20861893479447,1.53671914518443,0.161107441718312,-0.0369947655719435,0.412695069667588,0.279893460695579,0.736171459048276,0.6035122094037,6,"5bd3eaf2669ee1000144a226"
"594",-0.474946025477491,-1.26751391981024,-1.40108169135407,-0.531701756933433,-0.0655790372755751,1.29990312659284,-0.803759585033943,-1.23881719025837,0.526106998799987,-1.62324730255942,0.354903919551194,-0.718366377179154,6,"5dcc836b6a24b5912d7c33f4"
"595",0.295383714744128,-0.769583067419543,-0.411543873915523,0.127351482281085,0.40359446651983,0.758519324011023,-0.143672920093635,-0.0241134617172479,0.0653068821944754,-1.62139340800469,-1.08760247630321,-0.263664768397107,6,"665cc6c3bc1bea935ccfebbf"
"596",0.465800069965726,1.06726017773978,0.438212107725161,0.434145156230797,0.498566431267451,0.969906434207421,1.13153812004531,0.658478134627348,0.365811964874024,-0.35623382419541,-0.531999483049742,0.0376602550375852,6,"5f514593ea1e87365b9cb05f"
"597",0.241272182588711,0.0766671687094022,-0.367425518133739,0.31084154135322,-0.328532665215749,1.48625754492547,0.58516091868816,0.026558719053421,0.806514457925987,1.48793209821047,1.12406247292664,0.505126494900082,6,"5edff4f2ffed853362263267"
"598",-0.133515558577829,-0.148889685588686,-1.1653181704522,-0.722459853331448,-1.34756905333131,1.37067297958688,0.596410538792011,0.0232855060125299,-0.360269375787963,-0.558872662944829,-0.84602918623003,-0.493282442617273,6,"5efcb50255a06b097b8d5d29"
"599",-0.482164047882957,-1.14054051760075,-0.118541286198022,-0.703605244477625,-1.10288439429304,-0.838222125923811,-1.43557959254915,-1.00983060152766,-1.16737596287168,-0.782501774819447,-0.442272913784468,-0.579989593678916,6,"65cbbbcc5c1ef8b850c91eb5"
"600",0.674631408693239,-0.756253581564908,-0.275830493580119,-0.58275538171752,-0.0930321852201442,1.76310023100334,-0.278384347914329,0.368154450595878,1.03566792520531,-0.856328099633424,-0.098899457793441,0.591071897069236,6,"60ff109e2a8d5d4b4a835630"
"601",-0.222735856967536,0.814788423824349,0.386242456475438,-1.40543340665717,-0.176553048581537,-0.718588927540314,1.27489223902526,0.447939101043347,0.47963168553082,-1.45107375633538,-0.231570326869588,-0.182051954019734,7,"5b9d57e5737d030001ad2cbf"
"602",-0.491180562860564,-0.491996752725536,0.315101353909213,-0.63296822098847,-0.18640688393614,-0.198801114307095,0.430451530397278,0.0628601545437299,-0.012267255836158,1.11761405755235,-0.552568792930818,-0.0530925579589345,7,"5ecd36302b4d3c05d4cc1ba2"
"603",-0.381588956545065,-0.279418744641406,-0.670390707262949,-0.383586198985069,-0.274022834917554,-0.638431758333892,0.0321041695011264,-0.32657684271465,-0.572673299830399,-0.708663078561416,-0.691921480504105,-0.425161055158441,7,"5d628bb8d293be0017808bf6"
"604",-0.478491510015111,-1.00430252842702,-0.697033331254506,-1.81436788625011,-1.36896420026915,0.888293932277401,1.20734947831765,-0.00898704524683769,0.274530394761781,-1.2667739841857,-1.1535933778131,-0.461530396930513,7,"5ea8c40504081a31ebd22b41"
"605",-0.781059011841535,0.346803060323779,0.5463797892931,-0.980582159127457,-0.758573276378943,0.0140103535910048,1.3648121273659,0.381780886428947,0.0517875349594466,1.09937518865079,-1.00965209821743,-0.332694474967598,7,"5788c16f275be600013590a8"
"606",0.189964538820981,0.328132172035728,-0.377549303816703,-0.133277980718674,0.102886646289824,0.841327507142144,0.937536615778684,0.109846735648894,0.458718842156882,-0.291611863240984,-0.123143366775525,0.130018380432608,7,"5bd249d45c90120001d1043f"
"607",0.097223027098407,-0.970892780418061,-0.610153683393908,-0.876782621743002,-1.50436575700164,0.842103847065205,-0.115800509011708,-0.705434097506448,0.180923121215759,-0.313799272674135,-0.883837340532386,0.000328203495830608,7,"5be12624b08fb60001f5680a"
"608",0.549292638406167,0.626668064362652,0.20647313816717,-0.303582467708278,-0.42094369096437,1.1293096467299,0.758200960958958,0.753941035082286,0.519056079294173,-1.14065329527539,0.189018918136481,0.385543292588308,7,"63af557b3d4f219c3226b7d6"
"609",0.746445436869834,-0.397004610924906,0.650767401672054,0.17692050473404,-0.498646494343184,1.34328413445661,-0.288849870350659,0.547241664878912,1.17352476845364,1.22586401909394,1.52634929928124,1.08781662195668,7,"5dcfaad2dd9a740c2493fc28"
"610",0.60176862188647,0.841947870838541,0.254051099320994,0.542231075907091,0.996148548084739,1.17288112488822,1.53630766505117,0.837585249299092,0.670330257739311,0.83305083889833,-0.0956311445517342,0.360753666279909,7,"5f52971c271a0703d733031c"
"611",-1.29684814981609,-0.70014566342189,-1.44576491719224,-1.18128820841533,-0.664682939091695,-1.17131479380014,-0.476007470600322,-1.4630934275544,-1.3687069627092,-1.68874820685903,-1.3141500842534,-1.41119584141295,7,"57655a2aea19ef00016351cf"
"612",0.35113816703833,-0.363189176708374,0.112122078724172,0.0277615171535001,-0.162860901843834,0.665864211685805,-0.349792147856389,0.0225626538831455,0.286445629259117,1.73372986469413,0.301202994118556,0.475889792910504,7,"63c15473935ae0d7279b094f"
"613",-0.936063431547135,-0.245068417159392,0.334737065710831,-1.57831485209306,-1.39078416290129,0.711527332469013,1.38734134544449,0.608167147374603,-0.219082011500017,-0.910719631985871,-1.52746135687349,-0.635435422724708,7,"6658b1b56a1df274ee633fdc"
"614",0.889278426566643,1.19771401440197,0.959373617704548,0.161801186688711,-0.825771316385672,0.718967628235063,1.14129467677363,1.02802586986816,1.24671884784869,-1.10081576381754,1.0320821707864,0.749329083669485,7,"6777f3e9760d3844217b5ea8"
"615",-0.446319315298813,-0.183814517672026,-0.659582388835625,-1.36534470577693,-1.16535747525406,-1.4182048901101,0.251542020226625,-0.329060132314854,-1.17439993494283,-1.08197918749784,-0.407051528092379,-0.389016940082889,7,"5e1bdbfd1795083ead4af5ee"
"616",-0.552247323466572,-0.61043760822756,0.0114799088284243,-0.778420120727205,-0.824118199694006,-1.57182805884973,-0.0482917280176373,-0.237739492356121,-1.27366237863869,-1.68462759439094,-1.32546555883578,-0.849226801043158,7,"66caec76f2a174deb1bd914a"
"617",-0.155356311304894,-0.599461239958125,0.0541952418992248,-0.125459576056906,0.0897565055437769,-0.261811197121714,0.525864098971417,-0.0691906403051271,-0.393363641556582,-0.434649525409588,-0.285695695850117,-0.170910301498482,7,"5a991dd86475f900019fe4b6"
"618",-0.0296857747292585,0.527657604325438,0.219197514948663,-0.372604092573507,0.381544256971627,-0.898617938130092,1.37661788892131,0.634728240746983,0.106544100489963,1.41049483429638,-0.988263989845613,0.000178491186647834,7,"614cdec9a3fbac9353c05d1f"
"619",-0.468443384147175,-0.199601630793208,0.0881925282440051,-1.03017913578285,-0.064647567074841,-0.566024940005465,0.337535748493149,0.0224331700979603,-0.0215542781804554,0.823599975843124,-0.694349458805674,-0.236199310686496,7,"5c2f6d25e38ccd0001caab19"
"620",-0.63054411810228,-0.07057490583213,-0.198146568498801,-1.06700961386634,-1.36281590715377,0.737771650465092,0.500888051898204,-0.00772704948749354,-0.19647657110773,0.807438960160038,-1.01486591108441,-0.293766247004596,7,"66799043863669170269eedf"
"621",-0.0844192560122137,0.466597918153803,0.420918851540211,-0.158505556047501,0.214180756817396,0.881075658648749,0.970426785281877,0.597699028683669,-0.0523355658056257,0.37169305799024,-0.561151106209345,-0.0502976414105135,7,"5ae9cde00335e200019e9eed"
"622",0.347226693319483,0.746670495186059,0.610643792869386,-0.738752456473736,-1.29152055397542,0.725822650007968,0.476832896963054,0.447179361314172,-0.08705225442377,-1.30458464085606,-1.11860357976483,-0.24280534810008,7,"6772e1e5965ccca40d8cfba9"
"623",0.619590336180821,1.29848319968771,0.787111719904433,0.911491783427714,1.23249152567347,0.0953911129682429,1.52202478218351,1.0296619765782,0.844220679228523,1.04240271553907,1.53007806856274,0.811921028217963,7,"5ee637a18976fc391312fe01"
"624",-0.371790705803831,-0.396717791633998,-0.870181529647794,-1.93725020760218,-2.37631251907429,-1.36913002133248,-0.0998761927851199,-1.10242640897143,-2.05989354501066,-1.79870380107237,-2.1830307926314,-1.19478115900905,7,"5cdd4befd3651c001950e539"
"625",0.0384706137708881,-0.482492320488826,-0.466324043358624,-0.207583974557148,-0.427141906230955,0.837404835281578,-0.240481714200199,-0.171973006016984,0.136266973723701,0.233280385192671,0.559887641059796,0.169384890657594,7,"601c277aabe00c6bc759bf69"
"626",-0.0671029887283628,0.0519036581537897,0.639274420696894,-1.25742889715541,-0.718968825839682,-1.20304636154902,0.525568837496623,0.158254131019041,-0.319714455208095,0.490459571532021,0.14580610302972,0.144567583342309,7,"66cfab152c56aa0472529001"
"627",-0.950263948046251,0.763190079952535,-0.703564204090111,-1.0571417402636,1.05872689115911,-0.31063863806774,0.759405924057581,0.703213757088799,0.992489776011462,1.89097811308425,1.46101347703756,0.36724802049602,7,"672c33aafed3be2f2a6ccfa0"
"628",0.390953911328083,0.480747367044753,0.426229360331046,-0.33514492353359,0.131800058841512,0.564420228507527,0.946327239099325,0.429365489620023,0.243695785907634,0.532522715862184,0.607674092591905,0.365212747121918,7,"58d0632c2fc72000011f8c57"
"629",-0.283291416638501,-0.466233188874419,0.0728474781825254,-0.422487561706964,0.361514580078121,0.359480948779074,0.464907306576287,-0.0141053120008873,-0.34522386962131,-0.089555132865062,-0.218977674255455,-0.100041110162789,7,"67364209fa9fe83464c0be80"
"630",0.234807863043134,-0.612895735038641,-0.703383504466633,-0.920424486520458,-0.589764348226022,-0.736401476429559,-0.480505794342501,-0.446305101212379,-0.555083307875345,-1.63356674757892,-0.722329370745909,-0.20786199266394,7,"5cbb1374517cd00001310c43"
"631",0.127420599323775,0.479385714867324,0.17737829704967,0.212686914220785,0.218962813129272,1.52371942104281,1.38848069736276,0.665805774461922,0.502458568546297,0.629494883916472,0.742708694432932,0.510654190051862,7,"672cf6205a2ec818a3f9a822"
"632",0.0483100566306629,0.336242290223015,-0.101296710702776,0.626576971796802,1.34641541262984,0.760175110739676,1.35117747880977,0.308165022597218,1.24214152352518,2.04951789247976,0.695263303821247,0.269441791417221,7,"5f1ad337b6464a21cea3a611"
"633",0.46583093611151,0.0991552256168772,0.408346787723555,0.520937823329549,0.529709539503945,1.09347092293751,0.317143777019617,0.245689178478134,0.549947080226804,1.17623154016008,0.719357710900626,0.541563370385852,7,"68a5e7f258f1c07e3db17751"
"634",-0.114857937838309,-0.0889472968335907,0.431526652101503,-0.114919748181336,-0.368354717869762,0.341072746132731,1.26994685375823,0.80419381774176,0.355891670818123,1.6940055486867,-1.62552208600606,0.204808361800862,7,"603b9be389c6cf7d0dd74fd1"
"635",0.58086607405023,0.130105946654228,-0.0979006598643098,1.1193868114261,1.08798619429982,1.55209947085385,1.45956968019271,0.301004518697536,0.579737299772272,-0.863952448589643,1.09800033262816,0.385128087122767,7,"6658b1d67df7606690e4d6da"
"636",0.324506993937049,-0.432153126238804,0.0721180909966371,-0.537377392356343,0.0608341469719558,0.273247247611737,0.44463494083123,-0.149443765461201,-0.24227308350034,-0.387803737525681,-0.226185507082168,0.0685153813116544,7,"5a85b865eea3d300016e6e0f"
"637",-1.37805130736561,-1.1618591376797,-1.42924084319603,-1.25957816214814,-0.869387087381712,-0.0432990691831288,-0.806246254348695,-1.44298909398358,-1.30699248641029,-1.33046965006244,-0.520415846647955,-1.11341156895821,7,"664a246302d643b16e5b07db"
"638",-0.87720311873199,-0.204950368396656,-0.454112460002058,-1.04244811112171,-0.812314555089967,-0.41984221932339,1.30860359917639,0.197687180355846,-1.03986853863652,-1.26476616569655,-1.21434690009582,-0.743858698308455,7,"5d86fbe77e54b0001a80fd8b"
"639",-2.14056395802182,-1.9684017862579,-1.80707156730996,-1.93799030760504,-1.58083469261144,-1.79937516062464,-0.75269759185543,-1.89204882068637,-2.14112960295662,-1.49812251861847,-1.78251912602947,-1.77168436763418,7,"5f1ef6cd5391ec0638385f38"
"640",0.769403898796408,0.971304260235348,1.02236811024872,1.34977943388192,1.52948904416284,0.32504063987556,1.51707707876798,1.03186084000276,1.37217100238902,1.25803112950756,1.53948255641019,0.848399152412592,7,"5c3cdb89c2d0b700017c6851"
"641",-0.968419451307004,-0.560839917917276,-0.293753438868395,-1.29755641703282,-1.13014182187373,0.364547141414819,0.790799992679399,-0.438905639124216,-0.729174455944049,-0.424510438131393,-1.17665407338212,-0.836641438354927,7,"5fec4bf28fd71dda83c7f34e"
"642",-0.194281141916494,0.9098956910969,0.202785434002515,0.373014840647757,0.514294605620421,-0.0832917628678448,1.46918394009483,0.740591290141958,0.0776214929929188,0.802709469864136,-0.631623128087853,-0.247785230333963,7,"5bb0e35556161d0001feccdc"
"643",0.121201993080217,1.06973990273715,0.927712466406858,0.759521936167897,1.14406593840108,0.926221263094742,1.51063245929092,0.713772969450201,1.21694803013774,2.16478540782683,0.826024642475997,0.553342760948566,7,"5b97f2375612b30001acc4c9"
"644",-0.361634518027156,0.438514874856889,-0.185045535557689,0.494847847175022,1.24244809859976,-1.25634049060626,-0.779624605148987,-0.315978074874384,-0.0308683942263017,-0.665402974602088,-1.83805348257797,-0.733600570651585,7,"63d79e8e6d3d2f2d2ffd694c"
"645",-0.0414501342835921,-0.227963823307919,-0.189051906635009,-0.200995654156112,0.387728217762844,-0.543314386589958,0.813063701946297,-0.153125475168938,0.135371561412094,0.138215168065533,-0.26637183419435,-0.167804459136207,7,"65e1e16d9f7eaa10f3454025"
"646",-0.506371546453187,0.02751236454749,0.0970279797589454,-0.0284362576923754,0.436057530100464,-0.88237228156384,-0.285777908990953,-0.000961444621275344,-0.197618546095245,1.12325169765856,0.179835516539424,-0.0805545427082883,7,"669bcbe3d03c1be10fb64724"
"647",-0.690057369434494,0.294314349448935,0.00330580329272894,-2.01643014537936,-1.84250033362325,-1.3823431207971,0.403360101949929,-0.168409581878169,-0.582167273549268,-1.08183184027298,-1.66532703354808,-0.908131113842183,7,"63e632b888bcbe9376df4f62"
"648",-0.0624898492951888,-0.525910932318745,0.383530010424127,-0.103756187889077,0.629734909770666,0.597915899594135,0.138838908340691,0.236039541647738,0.339690233737422,-0.0412009779883177,-0.55100605201266,-0.00422303420615855,7,"5929d9db8bc6770001fc1e50"
"649",-0.362266660695785,-0.272312746110978,0.0607520176945245,-0.7600138872755,0.18052551232016,0.0463520408385213,0.450158586392375,-0.15753284991646,-0.230373220225236,1.10920062691095,-0.190734478200146,-0.0548400574886057,7,"67607e34fb2abbf20ec24851"
"650",-0.115867258977328,-0.34371873151146,0.551263383909369,-0.466504429116798,-0.208276722996708,-0.0487757717082385,0.0783406379221448,0.0387077299175614,0.112019305267187,-0.643317275665077,0.124014473508715,-0.0800108071217208,7,"5e9ffa9ee172201b04f1a4c6"
"651",-0.31560994417143,-0.144240974461461,-0.141514054949083,-0.200742023475336,-0.151823729204061,1.00982742130837,-0.912563910344683,0.0805016341890135,0.241858623154039,-0.630280769133846,0.116506605774289,-0.184983434377036,7,"66958688126ae60131512012"
"652",-0.809870744757583,0.0633885583719819,-0.978154762607149,0.218235074567085,-0.176977729476289,-1.07543334765412,-0.422237507966523,-0.481488904677697,-0.821387143187146,-0.749570439551977,-0.477299590953398,-0.881304821000757,7,"63287bc6011f4f37779e5b32"
"653",-0.00568320475384871,0.238897158271155,-0.350618596045859,0.65961311381374,-0.310566435114678,0.516330529933906,-0.167483376137095,-0.692618590842675,0.139258113749318,-1.51338376211605,0.168592233499455,-0.353618132907148,7,"5a5d060ee0cf3d0001269471"
"654",-0.0388421654285885,0.419958893043629,0.097897387322923,0.408233472247347,0.503693805092718,0.846194430478867,0.581744210160024,0.14335362193294,0.544987647854594,1.1871105721009,0.668025688127999,0.205389302874652,7,"60578c6bcf9ae41762bd8adb"
"655",0.0605014733377724,0.104892056150655,0.156000411016568,-0.440771865373131,-0.409316234732422,-0.35972803411895,1.35316341279797,0.491021200699353,-0.438488516599175,-1.19571367550962,0.481337732461397,0.109201414182845,7,"5aea16d3ff24e0000124b803"
"656",0.0293561768708434,-0.46159971647172,-0.44278153535601,-1.49307466338865,-0.516557814741681,1.19955693087592,1.20504378849338,-0.290792419740057,-0.915594936327708,-1.53638181532395,-0.237152627993431,-0.095643734252963,7,"546e8bc6fdf99b2bc7ebd029"
"657",0.912853164687242,1.15907438271473,1.00435074936699,0.965788737733503,1.44146438078553,1.44178978212044,1.57720653561031,1.0336489782236,0.962739475414505,-1.34696715435262,1.49471110855793,0.673898435510032,7,"5777d392d8e8880001b3041d"
"658",-0.539239408396438,-1.73587663579508,-2.27977345475963,-2.34231432206603,-2.4819846478967,0.706813338118917,0.7478985763528,-0.729462511742431,-1.95333753794687,-1.75761865307236,-2.05868781138808,-0.784359602986038,7,"5c8b065abd96ce0001947d1b"
"659",-0.184711874810681,0.149433735022976,0.0318275312451415,-0.0601238754291403,-0.167919919557051,-0.0217621943850146,0.486986868704121,-0.0587142455757404,0.351495696563138,-0.580642192786361,0.561731998402302,-0.0143164019221065,7,"6658d02b830a00e979619fb8"
"660",0.819336847231879,0.619192880390239,0.988732391573482,0.433545086950597,0.274657521181979,1.7547337673392,1.52058355652891,1.0091645165658,0.692475530847875,0.972782628135864,0.0351706843223849,0.784681086682133,7,"66682215a0ceedec14b62fe6"
"661",0.685720522232874,0.557379983997004,0.169835307056715,0.938069575252092,0.912387942871573,0.867417366829445,1.45028863389453,0.442005482672821,0.286353583833904,-0.0248392066774882,0.318467049200858,0.354946622824602,7,"66fc4c33d23e6dbcc76af82b"
"662",-0.813949991136247,-1.17382003167015,-1.61674192710127,-0.730468899393153,-1.37370281249454,-0.16742222964222,-0.529211948649272,-1.06004661754318,-1.21007612709402,-1.02979150045384,-0.441398918024957,-0.727014222377789,7,"6658ba167affbe300577b93d"
"663",0.505313364430988,0.270731950686585,0.685497944938533,0.463902372382979,0.864980573959923,1.76843800450738,0.984736463866365,0.401342110041262,0.648871823813418,2.08464936411104,0.804442942114733,0.681319175547898,7,"616c176e3053a05aac471aa9"
"664",-0.572657519327811,-0.955189397912469,-0.425942342690166,-2.3929166130352,-2.4030368161091,-1.06350601047614,-0.422854285288198,-0.170228280957126,-2.03727088295024,-1.70371193395866,-2.0985548498673,-0.690789077442507,7,"5d5a75c570a7c1000152623e"
"665",-1.33779469871948,-1.25526326245197,-0.854078169183465,-2.08434670069962,-0.758973179037709,-0.642460171985926,-0.562884991732268,-0.990625139217013,-1.48761977329963,-1.60938284694124,-0.479693241618109,-0.91245321463532,7,"613129fdf8f6b04c9a7a2429"
"666",-0.493979303517525,-0.88738632764129,-0.709244378827787,-0.73280391790121,-0.788083870475131,-0.313754960935294,0.369005984801632,-0.446007834611131,-0.869986061355723,-0.507473481946327,-0.80825664249094,-0.524847326915193,7,"5d593bb9035b8900189e4a42"
"667",-0.171617181984495,0.181232144756069,-0.172612856281673,-0.175679906573122,0.19499366218712,0.324100389471942,0.539410243506377,0.00783404345787381,0.397321058797503,0.207830061826012,0.525235487483359,-0.0730675812913863,7,"6310c063bd0cce86b0289d20"
"668",0.827044590386811,-0.237342382721593,0.999797308296699,0.988047318680837,1.45030910660825,-0.157264432945482,-0.461492273113591,0.725141254835136,0.556755083489056,-0.849241223284397,1.43991455004544,0.842097132044692,7,"67160649a88bd704f98575e9"
"669",-0.503479172521324,-0.1240021801281,-0.501435869628093,-0.227712606456169,-0.162033067577956,-0.0810289002878551,0.457769164751963,-0.235845948032043,-0.331270016093473,-0.083968435037286,0.0999592000603995,-0.246556571074453,7,"5fbe94187f8dc8033f1d525d"
"670",-1.82891533717739,-1.82021696360636,-1.53482799602423,-2.23558353272182,-2.46483456160768,-2.10097389901779,-2.5073116733464,-2.13486853435533,-2.36391665289964,-1.73322613652356,-2.13307150765748,-1.52784548817046,7,"60c3075fcd88969cfd775efd"
"671",0.399951290225483,0.50033310573855,0.257590577252666,-0.0217342516855674,0.374419209428271,-0.196942398974435,-0.167774296735844,0.507892004135664,0.467067020219157,1.16182285533955,0.633478020930523,0.535255801304335,7,"610147745f4b8aea552cc248"
"672",-0.0660200473609535,-0.222606265952026,0.0438845049931467,-0.752652067245868,-0.505535313428301,0.505849817615329,0.962261167137247,-0.0498499387953488,-0.667904102782147,-0.999209287212502,-1.14464338304029,-0.493686039871339,7,"60b229e58adc4fd4fb7e0158"
"673",0.314093392369909,-0.535217660636398,0.95906124569865,-0.0784126612507375,0.0234078643260316,0.153972472787594,0.852210093350177,0.728582621398314,-0.235609747597371,0.866448438812947,0.658079357918164,0.69739356138519,7,"577952778b3e2300016d6acf"
"674",-0.0556677191425439,0.709855964174911,-0.188023169847134,0.535805681068984,-0.0360645930322283,-1.01616797420213,0.569869105267085,-0.198709855261126,-0.676120403458583,-0.944947090561187,-0.372877907064936,-0.520163226441642,7,"6140f89d1e3eb6c838729c12"
"675",0.0556631604601826,0.387443405677111,0.0757215589813556,-0.678473026931336,-0.743171323029916,0.134689106154011,1.36294131776006,0.100056517290246,-0.545804066125291,-0.811270186823334,-0.303529799855622,-0.299927395288591,7,"602d1d984787306b190f0b43"
"676",-0.645365136173454,-0.737323859880111,-0.38239829377884,-0.578743185039397,-0.580991451402296,0.435871471477259,-0.736698522385247,-0.788662367125112,-0.501148700031859,-0.969317919233676,-1.1044776099934,-0.693214059976495,7,"599a9252bbe848000179676e"
"677",-1.39440753832706,-1.02412500480395,-1.01591866443251,-1.67185383976141,-1.83102391472431,-1.66414016909335,-0.178541346392615,-1.57548386475504,-1.64328502456215,-1.74783654160727,-1.43822838039535,-1.5877203547922,7,"655371cac562a3701896f9fc"
"678",0.51799868016544,0.681593366344406,0.975128767831514,0.632790802434934,0.272060537932875,0.514639194869062,1.4608737412942,0.891294695234116,-0.0320385600617874,0.608017078078737,0.652004399805945,0.520738543322817,7,"5c5d36bc034e280001644c3b"
"679",-0.34066857839385,-0.13864286719367,-0.000365379394946335,-0.515571583368923,-0.715054781608711,-0.304950801940307,0.44268309232796,-0.259286467349588,0.00995836751321371,0.409245724476953,-0.371723157632911,-0.436160732365306,7,"5f87ec72bcee242284725d55"
"680",-0.248211831692762,-0.881996196073575,-0.25472824743179,-0.504077659384131,0.0956458808231491,-0.751399737695719,-0.640720628984818,-0.63024658272432,-1.34410371430456,-0.784350023377355,-1.13914390473357,-0.508038707999931,7,"5cffb12df6c3fb00157b2f39"
"681",-0.266906533386525,-0.15770728976854,0.0520917055218666,0.199779806256925,0.498015665314187,0.333750125047145,0.657076548296975,0.200676029142216,0.704947255721649,1.03301720244627,0.496363200408582,-0.0990227236298975,7,"5702fde2d4cf7f00089471f3"
"682",-0.662716176197108,-1.26005697744069,-1.15505985058815,-1.17964753067926,-1.44513454349555,-0.171477790890273,-0.477965652501956,-1.37581169204363,-1.30404571968936,-0.805227725783234,-0.839892059193301,-0.78390073476879,7,"5ea0079bdceaff0008becfcc"
"683",0.305742606994111,0.70589131473451,0.373135831747773,0.829708443018384,1.37729218071262,0.87610461059579,0.972276009957778,0.293192314735844,0.635421631728894,1.53061029237042,0.759239417506866,0.419050591220297,7,"5cf10c50968101001aee96c9"
"684",-0.118425867102472,0.0556283421164994,-0.176838155865652,0.22999037223287,0.135070389816955,0.645770208656125,0.537981555093962,0.0297799618327539,0.468823931873337,1.14038689164151,0.260116000700001,0.0831707116356513,7,"587b3ddbac864a0001c9bd27"
"685",0.083327350698785,-0.243797857255775,0.889791983425984,-0.793021901494923,0.926618652390727,-1.14070832583196,0.769094236934093,0.266503119125897,-0.505907532257152,-1.55486317938286,-0.665863518078172,-0.160020305023702,7,"55117d8dfdf99b6593ea5236"
"686",-0.433280113417398,-0.0427306533650628,0.0207091899280795,-0.900341422392645,-1.1120865950984,0.0557203792599728,0.469151892406384,-0.0710197982151749,-0.549806577246802,-0.711169117967572,-0.763853149386461,-0.542559289336,7,"58497529bd87380001552f71"
"687",-0.147823820685815,0.283389201139139,0.0847323774920288,-0.0428606175170102,-0.366108864436158,-0.59242270876647,0.473882534351228,0.0620040802335204,-0.148185097316146,0.857401347656435,0.121063297965791,0.000271550581672666,7,"6658b26d5e1a41dd45542d7a"
"688",-0.119328727923239,-0.737619323749646,0.446581920248071,-0.303933890704762,0.183278404674116,0.788321227795237,-0.0721357340622772,-0.515681049026999,-0.447410185438022,-1.38262660061268,-0.416382773994886,-0.625690108221548,7,"5c93e5293a673a0001869096"
"689",0.41923248161891,0.472307032263216,0.349624206869171,0.190287227463791,-0.329479125774758,0.00401017753464892,0.521700757285826,0.174379397195073,0.43274349169157,0.255977830595883,0.231939040807976,0.231611959617794,7,"671038fb26ff82aa6081d040"
"690",-0.1731994774673,0.0663003286779399,-0.485335472591072,0.300364754734088,0.450101197417061,0.713791080657739,1.27197634089428,-0.075400066515627,0.444171955677486,0.2153061255267,-0.56828891239514,-0.305571708682234,7,"602bb8c36c0b933258d0818b"
"691",-1.05125472739585,0.277005707731649,-0.487105038298949,-0.584086737404616,-0.612415810328936,-1.08741577883711,0.435030285670637,-0.247005858836004,-0.454493059486732,-0.459973884818517,-1.21901056542457,-0.971789911101989,7,"59b15324e79873000148879d"
"692",-0.851369048693968,-1.08097435037907,0.301992033403677,-1.84080218287667,-0.87382783754365,-1.30440675434892,-0.072368107132876,-0.18055024364928,-1.7465779721783,-1.11316712661368,-2.02778628052466,-0.783791103212273,7,"62ed2e366304c96e5505cf82"
"693",-0.104933573810827,0.100621513532921,0.0910067493131535,0.128267737307761,0.462473141729627,0.845686276505808,0.555789888532988,0.0741324194336484,0.34927762124291,1.1580806284939,0.627949990252137,0.146085479175508,7,"6765a2c9bf830acd8f0e1c02"
"694",-0.0709483692009909,-0.259795361772886,-0.565776541806066,-0.453192807312028,0.317602903975058,1.57933852200101,1.43798187362025,0.481867832132581,-0.827699326221709,-0.66588695492,-0.985631704374145,-0.108670570913046,7,"60886f033e4f5c214da0c898"
"695",0.759235634881507,0.23010358894245,0.715533783113887,1.19310784085834,1.47138361805047,0.57492426417669,1.44071133492616,0.700378378019823,0.930937418923747,-1.12865341079202,0.648992179644902,0.406923433531123,7,"601fd27860b197531ca7bdcc"
"696",-0.181785764068398,0.965296175631262,0.203672117286947,0.56965394567148,0.208115157614845,-0.625296435654059,0.69899868362315,0.789989298301388,0.384728084002652,0.547989678547237,-0.548604069584135,-0.000980664441659194,7,"5e356b29d87fbf512a4cd090"
"697",-0.237942422941178,-0.365347233617266,-0.495684902813047,-0.559735388550183,-0.684369883671182,0.444315234275087,0.472103617471275,-0.144476106075688,-0.358956580940204,-1.50464719722465,0.479249733297898,-0.114154428060917,7,"57441f8954636a000d7865ba"
"698",-2.6039755610589,-2.22540945659449,-2.62741476857603,-2.44360743190594,-2.52487547598202,-1.89679207788218,-2.37792532090056,-2.30950821359634,-2.123911638922,-1.77944644366487,-2.27494252305695,-2.06444595753763,7,"5838532eaac091000137f09e"
"699",0.277966899022007,1.00796080630334,0.96727040615843,0.320184927617875,0.0836476981482798,1.23241418585272,1.54246910472666,0.97511792960776,0.691217733049737,1.20939875154066,1.05959195780131,0.568500098446957,7,"6662d7eb4838682f1992537f"
"700",-0.389997336552692,0.473548571612127,0.65409822576069,0.165443645792249,0.725688786793357,-0.00206809554106389,1.05519843925171,0.635515369195886,0.365967919037625,-0.0542134407480118,0.531620600828082,-0.0672208297290828,7,"628f7669ee68aabf3930123b"
"701",-0.170846965187173,0.524079480394133,0.71647919133183,0.357076250550989,1.13200607604042,0.19989787325874,1.09981424038385,0.878916672050579,0.718819549288923,0.880571230523238,-0.122786457604359,0.157635991479719,8,"5efb49177e130c0785b93842"
"702",-0.695284169946019,0.121377659093217,0.578782898986916,-0.936728290530761,-1.04896052751646,-0.889059624240501,-2.10449762373212,-0.0452356138020467,-0.354078203790044,-0.0796472077043909,-0.303600569525113,-0.293678462713526,8,"63f87480149da1634d6c4464"
"703",-1.24861430598248,0.420074703669819,-0.252816078557714,-1.09233680294744,-0.538345341103493,-0.797127489457379,0.501092639011577,-0.0768773675474709,-0.0200663072248643,0.186969265991692,-0.488101054011466,-0.947232831282613,8,"5b4a3ab1bc06c90001f902f4"
"704",0.11242699163368,1.37986213469663,0.317175012861344,0.177387326994445,1.09663654082091,-1.57661283669551,1.34591638464756,0.985320747256999,0.970102736787413,2.13348020242667,1.1258651931463,0.668300295621056,8,"6786682cfe5424ad10237085"
"705",0.699299783835939,1.35958158338025,1.01542232153607,1.18363102096176,1.25424905492558,0.869290622672509,1.450140621351,1.08255639016803,1.16868843734203,1.49517224807037,-0.382550054559885,0.435281167776904,8,"66c8a81f25959e5f183e2bb3"
"706",-0.0556842153144326,0.951958173605427,0.134375932560721,0.448941395139367,0.507820410404435,-0.0278800148304756,1.06897913450015,0.440590949941199,0.798152080713603,0.291134185811829,-0.182888013207752,-0.0786221256915658,8,"584d88ee6a3e990001bf1b67"
"707",0.584958959706293,1.17256695662212,0.96643329304381,-0.632308440210378,-0.636011638854764,-0.8365552719854,1.43899015028329,0.992907722655295,1.00553313021884,-1.49448507176796,-0.667867541078279,0.056558178648113,8,"5f11eb333c6e2c0df5b92270"
"708",0.607692233465407,1.43706983791923,1.05677487213154,1.389205003628,1.52836867003768,-1.21313268931112,0.010422942490966,0.958091751809453,1.29085561265892,2.0847941851325,1.42870054747947,0.678160582738851,8,"5b5ecd4b7757ed000198d434"
"709",-0.621257148042709,1.21453150013731,0.925829810474065,0.362556044557898,0.536598338892094,-0.766130638889099,0.142836901961431,0.810306763836075,0.347715548694074,0.16419409521553,-1.15282218833243,-0.648123406168571,8,"62795033eec9c814d8caf988"
"710",-0.91813189700797,0.303832324552221,0.127395026252174,-0.519255069885609,-0.250237842593315,0.28719500518832,-0.642118535026977,0.374850717192402,0.109057702306302,-0.59272844443078,-0.72850263433382,-0.482067534843926,8,"62b1ef5d9f63209d52ecc73d"
"711",-0.206851189520997,0.740954024818681,0.650773310863894,0.287724611871858,0.18359035746068,0.544905870911192,0.613031718763043,0.612934915014517,0.261192564980173,0.874296418511187,-0.178830388482403,-0.00266137978288805,8,"67aa34015d2def3278e3ee41"
"712",-0.690801771954923,1.31174453206019,0.412970643585288,0.474763218763202,0.88018320032531,0.825208132220368,1.57570731716584,0.95037047455006,1.33496278062001,1.80659665670179,-0.118292724044242,-0.126625216896531,8,"60e67bc1585c7158f6f9116a"
"713",-0.918864362671361,-0.505661446696614,-0.839662573970477,-0.545547307435628,-0.51093646214805,-0.149529767132917,-0.46453154730048,-0.836959979340942,-0.464618661496168,0.183167896800993,-0.327023328903086,-0.624792870967404,8,"66eb6bbd51cc311738b09c90"
"714",-0.37358681190003,-0.0336056374048491,0.0996584438254698,-1.15616137908132,-0.579521663078506,-1.83728807371827,-0.228475086373422,0.0331104723656618,-0.559691279640918,-0.0980439265619949,-1.44847941041853,-0.289149293311603,8,"5c49b156f5e26d0001479b44"
"715",-0.734665933153083,0.340165717238273,-1.2182330041997,-1.78818214667392,-1.53766110987953,-1.85539426942621,-0.64062521015665,-0.314588112286467,0.4078082310229,-1.66991274602185,-1.4120728199246,-1.08142198145708,8,"5e35373e1ddb124e6c306747"
"716",-0.709813300938242,0.405701060227134,-0.378069713178871,-1.1525259242058,-0.870235343457169,-1.59815383907842,-1.49065931980432,-0.0101441882206783,-0.705184015536426,-1.63280365686425,-1.34510150494758,-0.893082462994551,8,"680e1b9a36b987121bbc9c9a"
"717",0.161892901297958,0.803703402050811,0.966633075168926,0.195042524931572,-1.11323087342859,-1.53576738222826,-1.70989088747333,0.701115216993855,-0.0500522785157944,1.65433648738673,-1.05427786686296,0.162058374815204,8,"5a7094c4f660ae0001a98bd5"
"718",0.674089327382527,1.27066874582821,1.00083217438495,0.848197617214937,0.732766486063397,1.47100085673169,0.841497133084635,1.03735052819324,1.25668453298747,1.73860938016186,-0.796803848061551,0.408416592231228,8,"62a8839f3f1fb15bcadb1a72"
"719",-0.729828910794903,-0.526888740335399,0.0108907011758816,-0.252174995323763,-0.432156098027257,-1.64958562454568,-2.21159295912777,-0.397491456924036,-0.710340869424398,-0.419333880253866,-0.820426091876439,-0.526368063487575,8,"636d39168fe0bc0570ee8da0"
"720",-0.509281342286707,-1.25745068013176,-0.102998090499099,-1.64214854785104,-1.48222235207595,-1.97994460804369,-1.53682775379939,-1.08123460947946,-2.1588759552735,-1.71068874371615,-1.28815127816975,-0.723453729313335,8,"5a5b87abf6c5170001950cd3"
"721",-0.233255563088157,0.527446218570918,-0.100678574198221,0.527882459369168,0.524882250983941,0.140753843443721,1.33049101459484,0.513279567844854,0.516152066604209,-1.4946367012421,-0.30641561176448,-0.384435052230901,8,"631a030ace0fd33c62501d10"
"722",-1.043282303984,0.158431618164205,-0.0106025816351271,0.0498614170707892,0.429525854300398,-1.10617454139899,-0.80690695843045,-0.385735325538363,-0.658519231449742,-0.346769010979298,-0.382793890180793,-0.782385691447673,8,"676057168c08c71e4bb7cb6b"
"723",-0.672676848360283,0.55416179155082,0.129020195553374,-0.620313753043153,-0.7139461138066,-0.0130569841479289,0.58453686534717,0.627041835582612,1.05478945202331,0.606727309747807,-0.188136736704907,-0.0171844318788271,8,"5cae75d2152633000129ae07"
"724",-0.000912669349493832,0.534072124924809,0.895502167077238,-0.618022487934725,-0.437765619668442,-0.273211208801412,0.883273913137882,0.54248157520536,0.0797591740946967,0.822436402195211,-0.977288269188192,0.0131768065991786,8,"5ebebcf619a604258a233c4f"
"725",-0.119921941563636,0.296326324186882,0.613346656893027,0.844384544740357,1.37695011370016,0.777575310508338,-0.291302020777183,0.162124250495093,0.705670896370795,0.45506771768772,0.334172722780151,0.213581768390124,8,"66b7675b22f415fad0f8d8d1"
"726",0.342003017442691,1.04089139475154,0.358441619913582,1.04676867227913,0.227921147774697,0.460343130803421,1.11788139200748,0.492979921639435,1.22716674649415,-0.606119433582241,-0.168307953792104,-0.112778402373757,8,"653bc92a11da9d70e7ad81c3"
"727",-0.0134646386142183,0.709743911192423,0.402114987523236,0.0389096671973643,0.132383357650631,1.05098705001197,0.380609560401704,0.502493908160683,0.932464867359188,0.966228611174907,0.705351827983577,0.284009424514674,8,"5eb4909c2f46f82f9280a49b"
"728",0.519785935619696,1.39065944186004,0.991542342619809,0.559783548330847,0.454572029001853,-0.665935925950721,1.47530060846733,0.958588444371332,0.543678342614356,0.236463506547125,-0.26972866024445,0.0466435961325031,8,"5e204990b062543612e9a254"
"729",-0.911200283002119,1.22150941103431,0.182693390587971,-0.0851166535854028,0.448833414700696,-0.729941274348747,0.993441739377925,0.826209761046992,0.835531632777279,0.337290339626788,-0.27104603364035,-0.381297000976771,8,"6658b5c4eacd7bcadeef868c"
"730",0.542632069045341,1.18641423784677,-1.23942652008716,1.42796497417529,1.41512092442288,1.12439638051206,1.23753601044758,0.541728661300028,0.951793540087842,0.848531259407295,1.42107610311795,0.389413661621363,8,"66fd3f6c93c24ecc119be354"
"731",-0.274937440431157,-0.197326482693476,-0.366094720131905,0.0192264027723973,-0.366096915557061,0.00625285430990733,0.167802996565055,0.490139161668983,1.01015533431322,-0.62021107824158,-0.284396779144266,-0.0841789142418897,8,"56896501d3d6a7000ca23da8"
"732",-0.0968874160885036,0.272025393365295,0.0885460192782868,0.374450868437154,0.480513573943867,0.583959677693517,0.544455393180978,0.125333486767752,0.346433588487859,1.1266403877872,-0.552527954074304,-0.0504248684290382,8,"63e52c5f3f35059ca0272e19"
"733",-0.111504230343263,0.462595882475644,-0.46768199483321,-1.02059250342909,-1.36863141634699,-0.689783299594764,1.32363099566812,0.0314743108799673,0.0134087973223076,-0.458223600224448,-1.13639464946576,-0.414704712872474,8,"6763319d93b606ee9bee6e54"
"734",-0.812828783160633,1.33947343153535,0.904165926110662,0.933440650969227,0.0435114473724217,-1.26001912913527,0.963323610425389,1.01660111241745,0.952283944991283,0.694604770539151,-0.281782002770533,-0.138715014447929,8,"5a9fa90f873cda00010d29d8"
"735",-0.161946414030624,0.816135259667316,0.611680954436304,-1.15161515415454,-1.64856248680684,-1.95820331175012,-1.52679701991331,0.341945507743877,-0.0850714097870798,-1.54597654254154,-1.93774296761385,-0.383460189683357,8,"62eae330e31dcc26183e2987"
"736",0.38602413312805,0.389730555624816,0.124103202038237,-0.118244543322618,-0.21951633606137,-0.980221954692643,-0.850167844262727,-0.0111397191409337,0.288364862468206,-0.748276101170985,-1.14602999795221,-0.300121092471925,8,"5dee651e58776a51569d31f3"
"737",0.702068216321222,0.803108904810368,0.421500722158121,0.759907650947509,-0.193975668624612,0.126949358263667,-0.383392990048059,0.458800005471969,0.344762785831798,-0.0356890598698953,-0.151290845888888,0.361272809186784,8,"6658c369bc36ded0ffe472b8"
"738",-0.0348538016685568,-0.292817220367258,0.123095839590105,-0.0284118424213654,-0.396168141099871,0.182975690383431,-2.06950123391912,-0.107462195620896,0.311108839563809,0.260715692000732,0.161083668270154,0.198574842116207,8,"5e418553f2f6bc011cbfe69a"
"739",0.571324455675815,0.610578154713185,0.724857610327307,-0.267897102584155,-0.18655314193391,-0.843514822582659,0.647956213938729,0.900960411903494,0.764531361617827,-1.45640978854988,-0.551748386155058,0.341006690767421,8,"5c0586b43199f4000153f133"
"740",-0.588104915978561,0.173100693156995,0.0656455830681199,-0.413570390561324,0.0327187181334886,-0.139874244786615,-0.3413611007182,-0.0283914603284904,0.0282987393081391,0.517656496926176,-0.316837163672285,-0.393432306844126,8,"64835a147dd0f17e8b18b196"
"741",-1.2342316254177,-0.0843798048168261,-1.41499161815124,-0.534538716120462,-1.33991675750397,-1.35849357539913,-0.602030455504813,-0.942710606254509,-0.202112957626282,-0.763135096766988,-1.28520779159764,-1.22502913612918,8,"6765e3e630aa57d5175dce36"
"742",0.383794641981788,0.515226016750483,-0.201028823999058,0.246923544758208,-0.630173574524624,-0.60954268744813,1.20282515357707,0.0542023607483078,0.405359306066748,0.802709970976688,-0.899465827405851,0.135571888541063,8,"6731b77af6e8e00a06ffa7ee"
"743",-0.505892943693137,0.114783228185545,-1.02863978719033,-0.67304680049754,-1.22508163355943,-0.331791203167425,-0.509313910923892,-0.545915112826554,-1.09422797777905,-1.7478301886607,-2.16046873366105,-1.29113025474927,8,"6077d6c3ed460da6efdd406f"
"744",-1.02262873938266,1.14264405766146,0.221598226435293,0.064641999943087,-0.116578787064785,-0.732775725525659,1.02025768166449,-0.0060427910497449,0.685729478370818,1.13451459456106,0.00206327889594911,-0.7495334538704,8,"5c28a4530091e40001ca4d00"
"745",0.0805333479887455,0.79895401105264,-0.406933161904127,0.440344988353995,0.450942970234166,0.276539647345932,0.594623935426434,0.263544200888354,0.227071517904558,-1.55283662540676,-1.08430304856361,-0.477429906381324,8,"5c462f70f5bbb70001b2f902"
"746",-0.233985212381729,-0.287881185161555,-0.768033671276998,0.275082030250625,-0.380880029254426,0.528949338106474,-0.363486571211415,-0.387036563094719,0.32506313683729,-0.720202518933741,-0.755326027418995,-0.525778444627002,8,"5d5dd0b30f64720001a43f68"
"747",-0.809213722548034,0.924973149885896,0.594126666682447,0.217880479139751,-0.0761120721383148,0.109220979277034,0.990558666582488,0.716522340836875,0.568731948161364,0.60489853554442,-0.206349107317907,-0.248628954395981,8,"59cff8eed227970001199862"
"748",0.122870497673393,0.587440517274998,0.390298861670704,-0.759155242151359,-0.561269159196255,-0.0209174744284527,-0.309843778286217,0.15900894499272,0.482143251022305,0.760661529518876,-0.162347543579913,0.108604243036962,8,"5ee50501a3c8f8235ea18d0e"
"749",-0.722303564123111,0.509406036941653,-0.219398165350907,-0.0779513898593637,0.0771412701618277,-0.468794983535953,0.23165947408226,-0.176577200371942,-0.304595599588429,0.455744229610514,-0.348317173819078,-0.616026375988439,8,"5f653cb18aad310a9ee7c32d"
"750",-0.940664149540221,0.101768147486079,-0.461710444506995,-0.876602988820866,-0.869562435016208,-1.01765762995099,0.427274771766079,-0.0424810041280974,-0.30267543010504,-1.5215655679589,-1.14450268272966,-0.69663167483852,8,"601017ce4f1db9279c1f2b7c"
"751",0.277665074494393,1.0760334140334,0.983516583851261,0.465598411476352,-0.240127617467968,-0.330025456695432,0.711020004724389,0.93800836843572,0.306265364027391,1.79920577515453,-0.124242535845742,0.421099079539061,8,"5bb48501d3be310001c1afeb"
"752",-0.108357703979243,0.183541539734413,-0.223944375008089,0.0685862032591937,-1.18030200091287,-1.80827172629545,-0.356501619176486,-0.0551718146415862,-0.301015206899435,-0.688093854826406,-0.694593596991296,-0.211574917215869,8,"5f8334ffc5245348860b4f57"
"753",0.651157852666558,1.26863385607448,0.733703541105921,0.670723408831698,0.389147952762306,1.3004757482399,1.58157531698953,1.01967743051782,1.39608857155968,0.418422134801292,1.52017432639861,0.761720703848017,8,"6155c3348a41490d84e761b8"
"754",-0.503328992835497,0.487595371337566,0.0648159840045242,-0.159182833469715,-0.654341078934972,-0.617884025569318,0.510285450029975,0.271029321568322,0.320945435227108,-0.640487948747488,-0.756992216365552,-0.466307448653957,8,"5c9e74d8dae4e80016bef814"
"755",-0.0573514508410011,0.218456757456329,0.0613753965088287,-0.229285064669585,0.358140727550612,-0.481165892473123,-0.381733099914934,-0.0855900954704767,0.152580730637582,-1.52202196133485,-0.688114202647513,-0.293621720010065,8,"676b1de2c7e0e0fed8203575"
"756",-0.569148937020843,0.296439195309655,-0.449536742505544,0.362068497233183,-0.111262866359279,-0.198747249832986,0.158303949865913,0.140120815656193,0.424430453904116,0.269357481264154,0.149791065282401,-0.233521534707287,8,"66d035e529e80315f590ecce"
"757",-0.503622070912192,0.0493722406390276,-1.82867688011606,0.536434252956569,0.392692688072843,-1.02868303298565,-0.559797306232849,-0.962205338009563,-0.321868634849093,-1.05787335748666,-0.745119829422702,-0.853253223477122,8,"67c48c29073e1078535e0f45"
"758",-0.51566517010215,-0.00281592743963481,-0.00464914282149677,-0.418529981595585,-0.763644007355097,-0.639475552835759,-0.29465268822723,-0.266087279650981,-0.0223918793332876,-0.149619077951192,-0.440212352699467,-0.617812590201364,8,"67cd5befb1b7418ee4fb0237"
"759",-0.00116168236688704,0.383870856971054,0.0873735324351662,0.40869309191239,0.500394772051239,0.830333786024762,0.5752137660878,0.132016244659821,0.517596836096592,0.310840936010176,0.640943636494215,0.138881812512559,8,"6658c56f3d9230d99c3e6752"
"760",-0.253436954814615,0.61897166068805,0.0603341127985492,-0.324232777648754,-0.422218260755589,-0.412919128629463,0.520590489097332,0.0476315900675376,0.0944632882177401,-0.382657047155037,-0.377566852617422,-0.471657093344593,8,"60d65a056cebfd51ddb8871f"
"761",-1.31169039140823,0.376039902259635,-0.33188019351263,-0.310350947605181,-1.57692466616936,-1.6874050857604,-1.36093301782897,-0.202518531061178,0.383637813703791,-1.05296778426168,-2.14015316365055,-1.37400995539687,8,"611ffc2ea28e21fa33671d4c"
"762",-0.122656950583719,1.32381978391623,0.93903673603784,-0.0131879704520474,-0.569470281523078,-0.358146515976376,1.47555087033373,0.935848213761654,0.386989394107276,0.853818144821245,-0.276355663498074,-0.0822941870841603,8,"62f108ab1d119c891d45ae6a"
"763",0.557923517030166,1.13609034958827,1.00377037787067,0.455195354876164,0.566175574146116,0.0262357527035391,1.49459808259346,0.95957791577158,0.599441117508634,1.08254989841998,0.239184740481586,0.341175482895514,8,"578bb26f6cc44500010448c8"
"764",-0.946407478488663,0.0524010630947591,-1.4062217301737,0.214766937577306,-0.774767745013585,-1.00090201987088,-1.21343128729275,-1.05357094645266,0.143887154167552,-1.328790746031,-1.57941304657583,-1.21118261126857,8,"5a4cc0ecac413f0001e60aa3"
"765",-1.03018128203598,0.467005332797426,0.0473186503491318,-0.473392990869137,-0.431999208170426,-0.847230487905904,0.497207427117298,0.239812069848838,-0.510302377522032,-0.356022835569123,-0.82091492637058,-0.734088663252974,8,"5fcfb1fe79b8060e0662270a"
"766",-1.17140209284925,0.152869704778077,-1.14203770198794,-0.930346022300612,-0.694269062456748,-0.795481953160558,-0.226099979416029,0.186611489334331,-0.228331297952957,1.37492193218508,-1.12437171495867,-0.53539615675408,8,"63cef382de9c155b386c7a35"
"767",0.492111597937976,0.699477754768649,0.454719426699819,0.909122139714803,1.39675245529013,0.245941844970154,0.739976773732406,0.726184907410552,0.212443425085979,0.764312481595886,-0.211173392429144,0.120030750001037,8,"67e7cfd17a7062da8a273fbf"
"768",-1.74691061629781,-0.357259819680896,-1.68641723374457,-0.443148044042594,-0.80587384919343,-2.02930542801552,-0.681489594200245,-1.22535180290729,-1.14335965496808,-1.6860707511444,-1.74089646126047,-1.71145918232473,8,"5d66a051060e12001994813a"
"769",-1.0582330002875,-0.28099298314259,-1.58485824132468,0.0135503242666379,0.043507522455725,-2.02688534380213,-1.99718308516484,-1.15185258447121,-0.25415973890499,-1.77297383928492,-2.21683832420426,-1.69728188613095,8,"5f6e71ea9dd5cb3b2bdb45b6"
"770",-0.626915853962551,-0.426178672332171,-0.469747951548687,-1.16609268280916,-1.20252535177623,-0.374640000194807,-1.27817960219274,-0.313089617490186,-0.898411503642483,-0.203916799358074,-1.2099064502755,-0.589324025781213,8,"5e904f36cc3d6c355bbf48fa"
"771",0.607756585438276,1.07166785340542,-0.258965638353474,0.618564671701495,0.421706878752308,0.824965373917443,1.0208731073424,0.62522452316656,1.26601109710175,-0.544644101131224,-0.463495585608666,0.323065619299882,8,"5ec2fc98891a5214b2574ad9"
"772",0.572379927099072,0.671858603570003,-0.762629829690116,0.570982773898793,-0.126584112464114,0.640678053515739,0.617066356512718,0.379999100034866,0.456928764440936,0.540646840153557,-0.141258550023502,0.310827045883849,8,"668d833768086eaaa243c0ed"
"773",-0.162042188050597,0.76359257650399,0.706201197964673,0.496296870248618,1.09763322988546,0.85169164193254,1.0189362111605,0.696504926658901,0.898795075837673,1.23615046387124,0.677101939700078,0.222752379943312,8,"615dd0f9a1497c3521241dbc"
"774",0.7681934474861,1.36478648977928,1.04200577326357,1.23917377762479,1.50291564601166,1.18024736410918,1.5938449122766,1.0901402634181,1.26006051192075,2.15809780915915,1.59847659077308,0.921862826639506,8,"5e6fabc4f3fe5202f1346543"
"775",-0.262353998385096,0.700560071211712,0.107461932329963,0.324907572316614,-0.10512897350896,-0.361716750407964,-0.293025738286186,0.249898826682872,0.72862530582921,0.865952696615544,0.199273738959926,-0.015342873137641,8,"5a2ef9bbfd28e9000102ee68"
"776",-0.15494711616693,1.1151486415667,0.517326323629304,0.233870175716066,0.673780650875,-0.552709024415125,-0.479538073639314,0.85947468708577,0.904889191380089,0.868457979017441,-0.923956223752362,0.0565628917520603,8,"58713c5e58ca4c00018ce3ea"
"777",0.476978484073049,0.825893502955595,-0.528973180911906,1.0847329032786,-0.192066564696612,0.176857174306133,1.48564886878766,0.743759915002043,1.35049123253874,2.08330356768185,0.743017752682954,0.706175369042007,8,"5bffc3ae4108380001f5cd63"
"778",-0.278215145484912,0.758605777333163,-1.20789132010247,0.253544047311129,-0.449983665831603,-0.0317660112320469,0.564337038372025,-0.120289798951141,1.08312375549801,-0.124991615575212,-0.348921246063993,-0.530064923948359,8,"5db143c6711b3c00180fdea1"
"779",-0.26040344775042,-0.261534875314983,-1.09995490434456,0.260159232820279,-0.410443294066945,0.187164618378556,-0.441420951761259,-0.991675015958353,-0.219073268050269,0.149323344506833,-0.28557144517237,-0.471970671118617,8,"5e7dfc715acd1402882e93eb"
"780",-0.147464605383702,1.15798732123018,0.853951972336565,0.51940236694845,-1.07570790903567,-1.73592226664797,-1.53441622924642,0.57680437039347,0.929477531492067,-1.25410537296132,-2.01033933851745,-0.681953699977158,8,"60748e255c2a885bd682efbe"
"781",-0.689011177226346,-0.191106705527041,-0.585914868652053,-0.504097186767826,-0.759567107441437,-0.142507540017397,-0.419727371436942,-0.613219490915186,0.220344099887974,-1.55753465516078,-0.40281023494461,-0.740808754579682,8,"542bdb6dfdf99b324ea37c3a"
"782",-0.719580011568899,0.0459465072636863,0.0564680940577935,-0.484098335104651,0.00183456786539094,-1.12332344726271,-1.04937741239185,-0.130398573121634,-0.720266101923137,-0.72562489383048,-1.20855962718522,-0.748230233505575,8,"5eaec18fbb7b8901200d16dd"
"783",-1.05556522572019,0.216333635602336,-0.42791788814279,-0.611106322493208,-0.478633713079818,-0.346659058268938,-0.319927503880596,0.121629080666713,0.29714337041435,0.249647600307675,-0.357641914843232,-0.537910007672495,8,"5f589f76666edd016fed5851"
"784",-0.181758939708478,0.544933407192176,0.61953511005361,-0.475756574171817,-0.173869434414513,-0.732102364187256,-0.234164569423883,0.361429305943421,-0.346823343783102,0.198405079139111,-1.08783023056432,-0.273049927469295,8,"5805db219ff6120001a135a2"
"785",-0.175008872961559,0.51592275939278,0.0939289592471822,0.420623540679477,0.509340144411852,-0.162916313770423,0.539916709075502,0.105835209345981,0.458289520697549,1.12433972941371,0.196928569993763,-0.0984452859696018,8,"6071933c3c4ea940e3e2f175"
"786",-0.0401927149900225,0.445807197381708,0.0962226413240564,0.513208888940169,0.515366513316788,0.279925540739881,0.549088312157194,0.150383926212041,0.497733953103469,0.843791652726637,0.226151474728005,0.0944136162735714,8,"5efb35574bdb3e05dfa40b6e"
"787",-0.874990212745582,0.0781825228791918,-0.293748801975555,-0.270521709542579,-0.744744497108146,0.785962862045248,0.525353424279876,-0.261888951300289,0.613675786344307,1.11827284710114,-0.276488761397256,-0.525741290251721,8,"5d6a4c01a0a1950019c05afc"
"788",0.10154510243864,0.99559448815378,0.690419255420259,0.223731609795609,0.772361911254141,0.245489171605684,1.12662131545676,0.707868628421811,0.527176897119297,-0.0906033700649948,0.11246356962421,-0.0527674904145335,8,"6716a80619cd18affe8270c4"
"789",0.175809405603518,0.505115430773417,0.636639710984524,0.489089458312688,1.01602349356978,0.491206797220457,0.593299564767224,0.464116603528967,0.526606718235115,0.332312029457996,0.632460960333707,0.240631321071927,8,"6272f5f3d37c1c9e88c115a2"
"790",-0.610216790856282,-0.250500858315035,0.0276660725523448,-0.0374210960150482,0.611773905814246,0.483154576848861,-0.601911018254539,-0.0258593318255048,0.0566863200807657,-0.10034934587616,-0.560116684075836,-0.274631667073664,8,"6346a82ca20349b42e22ec86"
"791",0.64856657168091,1.0119686272071,0.941139679541535,0.998923589960158,0.182791429833149,-0.0594702291458008,1.09616276752574,0.75049249244341,0.981840689815571,1.17837990517964,0.649110442416083,0.495513195939395,8,"6773b840c558767d3804febe"
"792",-0.0317428049414595,0.152849840699401,-0.474797461470794,0.382939382594754,0.115154523805071,-1.32441014270262,0.0280694599445833,-0.416825054367578,-0.0254550167082326,-1.35923715205806,-1.20785313150315,-0.746520625168447,8,"674b513c550b2d74028f19ed"
"793",0.663498300560485,0.931378134926782,1.00956946210578,1.29612275896177,1.49624988940592,0.853688729017058,0.793398114907674,0.905596951156374,0.716587758881343,1.18208384712202,0.683369964020888,0.499722895195279,8,"612fd7e2ff930c4ce9acfa4e"
"794",-0.506189318081167,0.864705383827044,-0.61362629109571,-1.42799386315784,-1.77403226029167,-0.808495816518464,0.552780988525937,0.377194080746859,0.213698091202901,-1.59305277179255,-1.70028493101659,-0.802972989877145,8,"55f42b6a32af740005170bd0"
"795",-0.394886913722596,0.353755343469776,-1.31149311742777,0.312534953554377,-1.19462852559445,-0.487807369982822,-0.361232997700531,-0.480022411460076,0.303295818577948,-0.774696939438398,-0.905091057626857,-0.875416279873678,8,"666495712bc047e006f503b2"
"796",-0.530232529675735,0.455014853746997,0.281946156049695,-0.41354567311593,-1.22217864639249,-0.690495806175737,0.833617630653569,-0.00722117173874192,-0.36624679530763,0.421292289653901,-1.15129223116291,-0.616533512832889,8,"58d107ff2fc72000011f8d0e"
"797",0.717498604697365,0.910480252285087,0.759179396675847,0.651167411296874,1.39270197681216,1.41393683052,1.57125091878234,0.973239426127255,1.12103924504317,1.58130571140339,1.5597438406196,0.874337280523747,8,"5b7a360589bc2f0001e60363"
"798",0.432192254736257,0.992148901676713,0.705958185542093,0.461519179776226,1.12244935334836,0.85410293094619,0.785078862005971,0.803252385349377,1.04162865185482,0.60074811225005,0.295679301887749,0.421956824829156,8,"59ee263d0fb3a90001bd9e27"
"799",-0.366048916963232,0.91308793801781,-0.142893332066519,0.559617599229467,0.730395426612937,-1.42125251361934,0.0564439857620094,0.205530751351011,-0.453370004219907,-1.63046377004883,-0.216409982069956,-0.898008273674145,8,"66ca2d90ab22cf378a032c83"
"800",-0.762172700226378,0.80286201428224,0.141059496102668,-0.820978010322294,-0.244237114742137,-1.69667348714227,-0.236411663833201,0.486367841839155,0.100756295042709,-1.49866585278806,-1.17022781938731,-0.600461112113157,8,"66f4208475ec557757cbc6b0"
"801",-0.642933389219064,0.204736002384846,-0.46894140279128,-0.116831129508845,-0.152106513794978,0.161488179480203,-0.341283877953607,-0.247038912487919,-0.140867989424995,0.569462001910274,0.0969557808734312,-0.313362093876158,9,"5ee5defbfe74a3000d106f51"
"802",0.117399871334324,0.425702851655015,0.623808718341783,-0.530511826838918,-0.108373458996635,-0.581666195524389,0.756083084029863,0.362634455632839,0.176258814497821,-0.588948909738676,-0.193090826551587,0.128193958457934,9,"5ea00067d330db1ac58c6163"
"803",0.573708328250067,0.50445896251655,0.971260488833355,-0.0867506100752226,1.22484935481854,-0.149735451298987,-0.182669158184723,0.547516495497218,-0.101862893933605,-1.22096462566806,-0.624866297609388,0.0153579337482752,9,"5d34862748bf98000146b64f"
"804",-0.0699727622363856,0.160872784495656,0.030591759738616,-0.167345139637639,-0.684405225940989,-0.111593926424173,0.260232227803169,0.0514215963745979,0.282973087096048,-1.53999597716594,-1.07950412180677,-0.374824601309491,9,"67059d99d1093140330a3926"
"805",-0.600294886324504,1.22808932701417,0.703142537567533,0.309722914168655,0.750731090274036,0.271363647190452,1.06119658841086,0.9562924223752,0.989476194356853,1.28569287530954,0.652281726542347,0.110146018929277,9,"65b67ca8930e8f5dbfa8d4e6"
"806",0.122752707651981,0.0743220118097017,0.211770151521272,-0.452027810950456,-0.39866734944313,0.426088392037258,0.94472468217099,0.579442524651451,0.654640150741623,1.00273690544052,1.44805269082056,0.706883176583665,9,"5bdcdbe6ee652a0001eff5f2"
"807",-0.535787784660799,0.158507203593188,0.101658902546312,-0.399291536389942,0.371693924201616,-0.936212629128022,0.345548313815099,0.0710601448974792,-0.262924582110351,0.797776568058726,-0.242082812696304,-0.181981168801539,9,"644805884189b40893adfa53"
"808",-0.384351612090696,0.166514111345711,-0.448748409108786,0.639858721009268,0.0777409909269183,0.45557998052522,1.39639956044153,0.207170573954206,0.84860943617009,1.55582707599774,1.15921903454292,0.381554780456795,9,"572bcdbb34b25a0010ddd977"
"809",0.597441781081966,-0.279598770622155,0.97092685866239,-0.885031840688418,-0.178375522752897,-1.90762011836321,-0.723811649660806,0.387062553643406,-1.85729773924657,-1.6100235815142,-1.04412562751923,0.198120765910239,9,"58f669cefb4d7500014af69b"
"810",0.624147090366551,0.270818687387014,-0.151476840867365,0.0546540764618289,-0.394167888598781,-0.65590530059,-0.503120922930255,-0.124142058732381,0.102431443202721,-0.376619641505764,0.587776044648578,0.403880992505589,9,"681483783a042ecec50bfb17"
"811",0.818842919608012,1.14733627729711,1.01861906368711,1.23992705852678,0.972297938975037,0.183261400305421,1.40049872343085,1.04465304363022,1.13475533154655,1.01333099569643,1.53665699500377,0.897122606280246,9,"5bce39ceb8bc680001c67555"
"812",0.517115520163706,1.00567083852374,0.714495759665734,0.558270680123771,0.886099577424309,0.0111371558019279,1.11124798430351,0.719533994015605,1.02981646072186,-1.43358756572772,0.568902332158546,0.180859297248154,9,"676055469b245b53e81358d0"
"813",-0.418911365910595,0.180517383140589,-0.384252109435967,-0.518459962449458,-0.23750923664038,0.94756929558127,0.986386398803198,0.44446232560187,1.02291681103533,1.26828669615654,1.1188309834742,0.436771504567406,9,"616413c53aace889a0f13c3a"
"814",0.444144887084736,-0.0261277217142132,0.325838026193529,0.224427904307319,-0.674786431123249,0.699724745658192,0.807689353351149,0.376516836468925,0.542673015113874,-1.22150091614039,1.28089912235914,0.313530019619676,9,"63f77a5dde1ea03305e119e0"
"815",-0.0988000869897971,-0.214419349184487,-0.676746974763397,0.0558069365664698,-0.374022509075763,-0.721730785052495,0.450595479414146,-0.0361586861723879,0.985440116423965,0.857463073934594,0.616567839728134,0.286239742963683,9,"6441355901a65102aa751a95"
"816",-0.0349964961851399,0.995824926472278,0.909432425530071,0.225824233950906,-0.276689833879166,0.253474136712302,0.611780614306313,0.592434307808762,0.041990674232055,1.71750577688628,0.189545231259464,0.0683153336279409,9,"5e6ce118673e50000c303890"
"817",0.0236483624381055,-0.0625339946315754,-0.692724439890559,0.419090483365365,0.460644831392853,0.830349056697385,0.539479584524152,-0.0732126487101664,0.44071564958042,-1.46738858061168,0.581159908657248,-0.00613824016343219,9,"6012d27152fa5e09eb6a29e0"
"818",0.500206268217027,1.05215951733651,1.02588005308451,-0.51580775898697,0.409499865926617,0.496518428253984,1.40744463143349,1.01045216832804,0.693595389362858,0.618561433233594,1.08048386692595,0.655834952521882,9,"6765c89950709393a7cd865c"
"819",0.590697637274841,-0.684531734502777,0.0527833447219048,-1.22326572903704,-0.809319472120426,-0.255828544687359,-0.975786553209275,-0.474940628123536,-0.417776912885724,-0.395120676256446,0.603812242613703,0.550663531091749,9,"587625efdb3e720001e233fb"
"820",-0.0524731173806642,-0.00477933903544648,0.10441209536258,0.20075711217917,0.78252348906591,0.290196740262042,0.0324620088671457,0.107567691026424,0.695714361583942,0.834784518510817,-0.112547573749333,0.137626833625927,9,"5d3821f0ddea5a0001757f93"
"821",-0.144002409663264,-0.0997541913827681,-0.183073935791939,-0.462572653939803,-0.468394150676604,-0.0128505409046723,-0.0147832088842119,-0.211275061703715,0.312214886674626,1.12092358241379,-0.165759398119472,0.0752284307669716,9,"5c32636f2c45d400014b69d2"
"822",-0.132267837095298,0.429094777292131,-0.389552132118907,0.435735203327041,-0.122115999302268,-0.293970219621328,0.0428819508707787,-0.0280620776730389,0.391654851461742,-0.399912529248845,-0.285140796242694,-0.282607610044655,9,"5ea03ed29cb1f00672af3eda"
"823",0.81007980908471,0.123347352230257,-0.551900126706053,1.16977186807449,0.35140312726928,1.69232886572519,1.5107299585385,0.650808996612468,1.37070330098403,0.0426601219900528,1.54859360123883,0.888741669897087,9,"62ea8c1711b57e420d3d6805"
"824",-0.605980889135103,-0.201443665770263,-0.642487054045592,-0.845741114426637,-0.136356696189837,-1.53844930215333,-0.920663959760435,0.0288510607245198,0.0739698365748443,-1.65715984839038,-1.33885380696661,-0.865420678600232,9,"59fabb7e38ed430001be6965"
"825",0.7300749718024,0.858879820786182,0.278239161785982,1.03258672686664,1.42671443471278,1.29311790994972,1.08233103789635,0.872092052067566,1.42011398833074,1.58157636372109,1.57443119965866,0.897720884189444,9,"60fdee023c5189fa0f6cbbf9"
"826",0.210804903191893,-0.262866305593529,-0.65503323868692,-0.311788509909081,-0.475811450516728,-0.29781993214572,-0.769349964563496,-0.21207398493686,0.045654439585001,0.409871240727827,-0.336729267006073,0.0274956362688883,9,"6719280d44c996e04f9a5475"
"827",-0.558516312187866,-0.76714641834598,-0.314781893537902,-0.370408117069955,0.0157726660206062,-0.457285193127217,-0.383265490389338,-0.611890042566647,-0.497332057763014,-0.438145021848877,-0.303817797761932,-0.410425673137679,9,"671d3690dc5df6d004cfb65e"
"828",0.20397417114585,0.0274993867975284,0.644672396318548,0.0502861718550327,0.245464038341119,0.583018101136648,-0.314074506229361,0.347746213824041,0.206677970675484,0.858521741748205,-0.106239506095393,0.355399405532925,9,"659c067de92634488b349626"
"829",-0.933238230671925,-0.700103410494864,-0.798626652899659,-0.813212167141363,-0.336422840691,-0.916931268323736,-0.492735539636741,-0.664137012058528,0.0974774882651434,0.196304828079189,-0.326054646060426,-0.507726351239844,9,"5c48b35ca775fb00011f2314"
"830",0.619174955327042,0.708860632203598,0.969319960159833,0.769817636515707,0.30060099833463,0.935025155266174,1.40501975139791,0.934636479821845,1.32032517315976,1.74530765069016,0.688522061162423,0.605619582674918,9,"5c00fefa4c14cf00019cc374"
"831",-0.884986100378748,-0.627255947654516,0.0260255737464513,-1.80346213653778,-1.06264311919572,-0.928532845034189,-0.95374928388429,-0.190875517242747,-0.47237212792332,-0.728838085735794,-1.23948701499711,-0.672205108224888,9,"67db2ea56e3dd10aeebf61ab"
"832",0.725941040534836,0.56077603751808,0.602675550496325,0.826380733780894,0.597110449622329,0.933053531683804,0.946433281692752,0.195862568795278,0.823051304009671,0.331341169222947,1.48297771606274,0.580191744206807,9,"5bf87090e250e40001ab4233"
"833",-0.286744641921972,0.148922893155063,-0.161866032584086,-0.147627581206847,-1.95799973637807,-0.269313417413544,0.133911177853102,0.119638597896167,0.424940192402953,2.05703131235673,1.34755574053051,0.409629676308316,9,"58ff31a1d10e2b000108579e"
"834",-0.322575557214969,0.268706099990511,-0.687615991009732,-0.154232175211145,-1.36519849196636,0.464784741751847,-0.189759889792619,-0.0347542792183936,0.30433341632042,1.68491139248556,0.16745225208046,-0.0176458415100842,9,"67f8c966e81fca013fa2407a"
"835",0.0769519235469197,-0.329353533810281,0.120130509083224,-0.066018976043266,-0.728037083820991,-0.34275874146271,0.625533364467976,0.37698870951939,0.625854421902957,0.317231957208122,0.526070639421818,0.27623785308488,9,"6158efbedd66f692c944fd9e"
"836",-1.56258343827614,-2.0926838492203,-2.62784965267878,-1.49764215466421,-1.59722622414055,-1.8248708024839,-2.51350200553753,-2.68324644219434,-2.1754543690671,-1.78924907850746,-1.37384527810699,-1.56033234338475,9,"5dbf261c3b89f23ccd3007af"
"837",0.208775614545573,0.482584178122748,0.376247706281478,-0.26721456349998,0.0635694814739442,-0.574823231389291,-0.238429258611147,0.119113166094783,0.0628628324932727,-0.313450149719888,0.533577025665222,0.157990430039473,9,"5d07fc124e753800168ccafe"
"838",0.597921650592135,0.122626063442812,0.740145783338393,-0.000556548538030286,0.144473101313956,0.710319994746508,0.59410158705675,0.815635623436372,0.896156443730915,-0.582964700360849,0.664635488486464,0.651233779835356,9,"5c2e322b86f8be000162051d"
"839",0.461055372832354,0.915907647220311,0.249184500780282,-0.252923628248804,-0.39773072472812,0.108648269273133,1.2595736248676,0.915437934462012,1.19781197245046,1.52721657500235,-0.062941067550576,0.619096725302735,9,"5c63e773f9b6300001c9ce20"
"840",-0.105892386442664,-0.00417965701458623,-0.14508364050358,-0.455012674169941,-0.443785605332126,0.879781788072927,0.541636729047612,0.0402000097147779,0.432534712081835,1.16704773878998,0.630767947286037,0.253976859200246,9,"57a7326516a091000112edb2"
"841",-0.526065870998586,-0.446615828934301,-1.47314866507824,-0.173401431801459,-0.903852560695348,1.75349153030336,0.946281777374507,-0.0677416981695477,0.770883975415895,0.55376252207343,0.224407586746382,0.0295892487663315,9,"6078421a82b88488a16a2b1f"
"842",-0.774580090268318,0.406573369094972,-0.722752442493812,0.17521443216086,-0.749119031085695,-0.8712385254639,-0.250370081734596,-0.186981312138057,0.487635985812398,1.7633004524086,0.59339362403986,-0.0222110619574809,9,"63f79c4cffb2e2a2ed84f060"
"843",0.130056380944032,0.688813912773304,0.582901082789151,1.11764777513064,0.663289110999786,1.17790864324837,1.01656965685462,0.465719826616172,0.644444813321129,-0.515156849867133,1.40406668795124,0.220511933674838,9,"6319ff03df1e7848122f18b1"
"844",-0.523874753619662,-0.0400366447684327,-0.725516405884267,-0.503839246126451,-0.823983758041828,-0.927854306735384,-0.141968273758294,-0.121307335339878,0.47021643331892,-1.23471466003028,-0.762783354783433,-0.453749708238961,9,"6671dd249cbc9ee43e8c4c20"
"845",-0.589902377939536,-1.43255142886094,0.674940487548788,-0.723104882901928,-1.018874625718,-0.747416543983134,-1.90056034340913,-0.432488064382199,-0.373002568835005,-1.57297777135986,-1.46906247620892,-0.43201910415944,9,"5ae0c7d4e0feeb0001caff2b"
"846",-1.17693761344254,-1.29869369957268,-1.41958321460868,-1.51135355346422,-1.48876585555928,-0.270592242005156,-0.429800380676758,-0.953255198041433,-0.00870634280781068,-1.22953390766514,-0.384319164539101,-0.569329805717261,9,"5c1fdc85e622c10001ece52a"
"847",-0.356104006881809,0.350045516406224,-0.492259084188792,0.179628810635061,-0.741690173967751,0.319342686039412,0.53327019000522,0.0169406702847457,0.452434858745749,-0.047899882796737,0.589399953831272,0.0120514009758712,9,"55d621bbdb6a810013fa0ea0"
"848",-0.34462866772023,-0.559194028470315,-0.310191466305043,-0.735181269804837,-0.62761073329199,0.166755798569531,0.40586548554447,-0.494806992626494,-0.250357234390192,-0.339534804955703,0.141976602639121,-0.207799852138212,9,"5b7f17a7338a93000155a36d"
"849",0.79041423184614,1.34293918028811,0.972655354834603,1.18175522224641,0.420910009458309,1.58376478936438,1.59856012044912,1.04299855906262,1.45961793652061,0.797432200518481,1.15385200510488,0.677206819611006,9,"665ee374604d2c5d4d858efd"
"850",0.194886632718479,-0.437045235166106,-0.36838873800861,-1.73152767757686,-2.31512365114867,-1.27288844142046,-2.18811399071022,-0.307594283766436,-1.65003489585252,-0.231324448732089,-1.23420236896303,-0.226451773156507,9,"63d13ca3a2e69ec8e19569f2"
"851",0.617444888351687,0.828891734973831,0.98450376018009,0.20619959447453,-0.0920597081794554,0.277157805267208,0.154178206408637,0.962725950694563,1.18499666493153,0.134383436957652,0.290422431060974,0.681666395285212,9,"5a4563211ba496000102a703"
"852",-0.184692940805737,-0.211905958340727,-0.696894351355801,0.42637511599599,0.456850185237184,-1.44837216562109,-1.30069430302555,-0.449428576311052,0.242680119619171,0.20852658818567,0.499971167786093,-0.056779512720261,9,"5a0c4184fe645f0001e9f5dd"
"853",0.482987583348639,-0.370508221234232,-0.14591554689213,-0.0117932332563726,0.0930602777121317,1.80570144744593,0.669522297501265,0.0434069188059,0.529909771479361,1.18691028850907,1.11861895560383,0.709702759476818,9,"61502dee7a3a5468adbb2222"
"854",-0.177416442954251,-0.464763278274121,0.361879780327161,-0.668130430567342,-1.18638969566396,0.724245114599326,-0.870807080310226,0.194593976288364,-0.186020309374086,1.49280629722389,1.00130333026295,0.582650262451332,9,"5dea82ebbe656d1aa3b18fff"
"855",-0.287504516996048,-0.834881671053349,-0.4400229977051,-0.312576439512903,-0.67501391364548,-1.31035894447452,-1.37520884981642,-0.255251016494353,-0.939871457644408,-0.134743274807235,-1.04636872539036,-0.0882244181845098,9,"55e56224c70c7a00112a6565"
"856",0.0941338911316382,-1.30292462448342,-0.0227724104027476,-0.394514058975317,0.600053306481505,-0.701319717341987,0.267442836061156,-0.685153846499715,-0.862545708936817,-0.7594380177208,-1.02025194699768,-0.220903491386854,9,"5b5b758d36c4720001ca3e1c"
"857",0.142989718177745,0.646198091245428,0.112439102294699,-0.00981562622160368,-0.172244053235883,0.788368940326154,-0.228374015089073,0.306594698385785,0.650261629271926,0.771161938825735,0.203582044026156,0.114692412802001,9,"5e7d790c0d34ae3fef75c74e"
"858",-0.787087966999244,-1.03076886304079,-1.23536754771669,-0.837002684728045,-0.84313672140492,0.748031757049712,-0.406846774501286,-0.360635741977546,-0.0640647341542382,-0.95592971192126,-0.64356252983302,-0.377189995739256,9,"5b5f15f2fc072a00017da73d"
"859",-0.296520262308841,0.104064864603902,0.155953949667215,-0.6500797707759,-0.196264718752248,0.301849234272329,0.535213102633388,0.337453453280473,0.390283314104708,0.898382225413348,0.227104704011659,0.236731687139141,9,"61096a6ab244ccee2220a180"
"860",-0.0106621675423342,-0.869788044092584,0.23891613328694,0.966899920109795,1.05237961361268,-0.946749889846738,0.795370674923151,-0.250022063776605,-0.312786161537779,-1.64240879452427,-1.85128916240307,-0.608189091575811,9,"67dc687bd93f2802388b5117"
"861",0.504829378428976,0.798187946475868,0.625513926843775,-0.219165358677461,0.0823367177799113,0.146318158208844,1.29542571460696,0.324089861636688,0.24394142757818,1.4183400757084,-0.139269788071959,0.269287154021222,9,"6792527b8fe8cbaf58ba5ce8"
"862",0.879120278242562,0.850036496399308,1.01784970782128,0.975270100540208,1.435306713631,1.76231869706178,0.849012621897213,0.999983890937364,1.17199545684459,0.405122930776579,1.22926172193402,0.888008126928221,9,"66b73f9ba035651170b94c76"
"863",-0.632576411239489,-0.469040987099429,0.0557496392022526,-0.199540170917231,0.27832257962486,-1.00006612158561,-0.914451831613903,-0.167395443717887,-0.331507026834005,0.103511825392174,-0.425259758688104,-0.437769894808682,9,"5c5225d8a163ac0001721f01"
"864",0.4120237237006,0.575636575181598,0.551849620496915,0.135578669849858,-0.0875245890192149,0.759760791855461,0.317105873927242,0.130867972398857,-0.104091648241473,-1.06900062194119,-1.14901406092464,-0.481496761267555,9,"5a55c8d276d1c60001aadcb0"
"865",0.913880939105229,1.2296894176158,0.98256210903646,1.3751282573444,1.51067197570591,1.76165386455047,1.60827037022408,1.0392201258963,1.43619082563993,-1.34234295980622,1.49529978507007,0.602914202768124,9,"5c927effc719fc00157df08d"
"866",0.856785260049319,1.07261986327653,1.00341932296085,1.34381798387791,1.4997273566633,1.78890507994063,1.59285110233068,1.07428057714412,1.46361808034149,0.649486746627139,0.819083430404257,0.742323270686578,9,"66742448a766391b65261301"
"867",-0.0231092241653171,0.245586440174495,0.0563893193991951,-0.0999816531383267,-0.583745031628632,0.864939952043693,0.557024821729437,0.108599314968043,0.68938429992173,0.30927846963515,0.613723680962763,0.181103982074473,9,"673c7b03b31efbe21edd1f8a"
"868",-0.0222016558574756,0.165190116173506,-1.140573184723,-0.37578976507093,-0.500585254151303,1.11606003504518,0.3506946960491,-0.134099879289021,0.418770369000255,-1.46329458324401,0.557702063687002,0.00281025844297609,9,"6772bf59213734a33706f56c"
"869",-1.58592593574639,-0.868144508120118,-1.727680514004,-1.42774071954863,-1.26281886255937,-0.937891317844204,-0.722702522404581,-1.62519687963144,-1.34454675500809,-1.39854597041858,-1.65921704988151,-1.40281907531985,9,"665f15bd40f2986ef89e898f"
"870",0.588331774937933,0.714919500330314,1.00440962679809,-0.0971039862886727,0.663650356185993,-1.45431077239551,0.675207891544782,0.798178852846609,0.639381436481627,0.262538155952781,-0.186278128553382,0.394802990725484,9,"58f4a7947b2e410001c2edde"
"871",0.768268939519909,1.1711902719577,1.01024746649354,1.13123338287819,0.882101376950783,0.972378224539223,1.55442729571795,1.07937840317585,1.42135423490767,1.8083266605158,0.802665191195591,0.807481169072018,9,"614b2ae5644dcd015db6fc7f"
"872",-0.239220272502564,0.407711736934036,-0.121644758893794,-0.0742030824758086,0.152830799094728,0.830898340151522,0.490225872988836,0.223357641021877,0.716699077450292,0.313153036280683,0.591115556638482,0.0411307051742328,9,"6447e6a899705301d5a145dd"
"873",-0.0264013111618227,0.0987277686848892,0.0945062433096138,0.350869559891817,0.482714012352403,0.763879375947632,-0.306661386793069,0.0130279701449721,-0.0382636170269062,0.536599495295526,0.622677906782754,0.1697819125731,9,"60a00380a43a4ac3e0a1c66a"
"874",-0.610484870362601,-1.65527448884353,-0.913607953904998,-1.32912400811088,-0.928009932175616,-1.85739171343708,-1.55473265787068,-1.51087086961805,-1.23376113080178,-1.09499122018107,-0.840198842150407,-0.748367697644397,9,"66bd34a1066b96d70f43a006"
"875",-0.186967219402958,-0.477240316743444,0.0524138019138099,0.171661602354112,0.464759060981134,-0.463087376468026,-0.547591172517521,-0.242858406335071,-0.120901821766144,0.23662606392292,0.965204027896844,0.226710030875885,9,"66d9cd06e207a93377f7820e"
"876",-0.667361875166117,-0.0317120696927071,-0.71563569541127,-0.0661895199647877,-0.103471307747366,-0.358498179491015,-1.01352101138058,-0.402689484724377,0.174180456893045,-0.0901625722950916,-0.322763107491921,-0.490793464264065,9,"64136f616f4202871d6bb12e"
"877",0.40243609951128,0.214733729236414,0.835194197444112,-0.567799212222419,-0.509462896990585,0.594686236013134,0.520705192138283,0.238063736458932,0.344349706760148,-0.343468915808008,-0.624732229627678,0.0708616377700901,9,"5ea1870060261003807ab29f"
"878",-0.621579011664414,0.41835605181552,0.141686681906564,-1.23097963918824,-0.666638133053584,0.0293100447263464,0.936350902692686,0.378830867707785,-0.410766306604418,1.25245877780782,-0.890433905703973,-0.647470790576575,9,"67a36295836566498f2a9c4d"
"879",0.0660661832275704,-0.197278745189041,0.0850217444042876,-0.339317814269513,0.0533491184240002,0.67392405099264,0.162991436994271,0.0260914265789075,0.657015687975835,0.519320241913053,0.588864118224864,0.207404756402825,9,"65aea1ad4ec9136d74dc5095"
"880",-0.0679045798705925,0.429774476596648,0.137952620292891,-0.410110326911462,-0.21700829836956,0.846872555569909,0.600490936049486,0.367026035916618,0.48678647766462,0.868013955871232,0.617771902698002,0.253618740221858,9,"5a4aaa1866e7880001de64be"
"881",0.596082350942526,1.10625640031277,0.261802432343395,1.24724978856393,0.851212378593553,0.865823883894313,-0.407156803095301,0.776339941063242,1.11475642563278,1.25682758566955,1.51692281352943,0.795555881285757,9,"5d1290103b20b0000102e8e3"
"882",-0.511408740540692,-0.724689234889558,-0.453781700569509,0.0634961037064196,0.689361544553543,-1.759881891215,-1.99728138620249,-0.650483554726961,-0.0126788952101677,-0.00978205223999814,1.26784397752977,0.00957608487550385,9,"601aca6d72f5e8390087349f"
"883",-0.302348652750872,0.257878629016012,0.919113960496402,-0.120010090300281,-0.0637743261356086,-0.0659755338790128,0.07836270964264,0.765395871543103,0.582758430935624,0.293359698005171,-0.24151205692376,0.0190829101256019,9,"56b0e4d16399f9000ad8d48f"
"884",-0.591171493746871,-0.27201596838439,-0.79777054122067,-0.751016020365201,-0.557558085417323,-0.984533712729823,-0.854043266541105,-0.709216356047837,-1.04289963660622,-0.529643342409956,-0.87616678521624,-0.764888040868657,9,"5c3e3905c061930001b5e89d"
"885",-2.3512484699064,-1.49124892693653,-1.85167844622778,-1.372587523644,-1.50614688191113,-1.5489032144297,-1.54714612279298,-1.85184889562339,-1.53169094860616,-1.66482225044572,-1.75684761457465,-1.77167632831546,9,"58106d17a513590001b1ec9e"
"886",0.7344803275962,0.916744878061359,1.01515751417122,0.833249329965728,1.14927700570203,0.903562833589778,0.686672647811123,0.969854473264487,1.19135631845447,0.972465878154128,0.734336339693591,0.686613023371807,9,"57d02eeec6c5ed00013fac58"
"887",-0.109556370387309,0.275429695276593,-0.148923213299682,0.124431961701484,0.419325325858993,-0.680628667452525,-0.634876872582439,-0.0245849402184688,-0.045259742020101,-0.328349597803516,-0.261229602944142,-0.151338329866839,9,"62fb8bdc220ef731de457e05"
"888",0.491033697164229,-0.335778481867132,0.0733323555933829,0.80353808266963,0.361268214229842,0.0181840443328576,0.455981798227863,-0.00326056624723437,0.10909448235609,-1.00773208496626,0.577677959325575,0.238261338402098,9,"65ba583255c36ad851b19b4c"
"889",0.818651925039254,0.563648835355091,0.684513615399943,0.373127978312546,-0.281818298243732,0.252399220789686,-0.279305827046887,0.532458718531968,-0.0258325800334578,-1.43054613838605,1.36717266136492,0.64521570116226,9,"6007421356226920359b5f3e"
"890",0.758681688624331,0.446880016014885,0.689987742488424,1.18881770579306,0.6663752650919,0.131218060111441,1.03369479926897,0.566279938474271,1.22719524919406,0.648931669507728,0.736933608682903,0.661062686412611,9,"672d2977ae54935ef84a2b74"
"891",0.276202165606815,-0.0724552716127273,-0.0775660209635795,-0.259434429789992,-0.190271522872204,0.140933429092143,0.410687394883739,0.222497984835105,0.793856987006298,1.20599125454871,1.46255395909045,0.723844002985042,9,"5d20f6cbc1dc1c0001162dd5"
"892",-0.189807910676853,0.50225592568661,-0.665482329839585,0.422568088009203,0.470200538946329,-0.364727473708005,1.37096135645996,0.018212252760587,0.208527836592646,0.217063520352263,-0.249273242508639,-0.291164237842405,9,"62d59b380be0866cf039e0ee"
"893",0.0287355852572363,0.80146978078826,0.266999015260706,0.0810911017257699,0.940764874993121,0.683765549354466,1.05245337912574,0.851222105755518,1.10346048508846,0.624459405942544,0.680025859455372,0.379521315680564,9,"5efc7dad191f66024d26cd86"
"894",0.806236781479397,0.849262018935791,0.892552135234255,0.856354087136472,-0.767266362990412,0.70709490898852,0.739737205323439,0.747111871789155,1.24526838981968,-0.809803736228539,1.03370990197163,0.553939679705927,9,"5f3ade361d75be1c1d974926"
"895",-0.231167688788497,0.371046356047458,0.0827391049341768,0.3857474496925,0.499964918492306,0.451710929616613,0.195094836710675,0.079233377212636,0.346607491276473,0.594837695975557,0.596609182770323,0.0104509529279628,9,"6694f651114152694e96d7c4"
"896",0.277933966713452,0.981244276212055,0.277855336246315,0.631210743564333,1.36289408501781,-0.818011704929767,0.134075176617782,0.774905122672991,0.903854388177763,0.342150943571478,1.38200459458546,0.48087693424224,9,"63ea4b5592211a79471c9deb"
"897",-0.217275855890422,-0.681317312898183,-0.98033541852605,-0.528483048338075,-0.616328072767045,-1.50194254276224,-0.149882223574077,-0.440036501808863,-0.564785230171074,-0.442983063064333,0.445795053280388,-0.0308521036958197,9,"59ccd702faf42e00012b68f5"
"898",0.622713649536845,-1.1878799018718,0.795944697798989,0.0252998931967801,1.21027972866743,-1.54303016302116,-2.21552743828517,-0.729095754021739,-1.25963016015225,-0.468293002046158,-0.165934099349423,0.345205467970402,9,"68109d22b0ba84c17333ecab"
"899",-0.136543161957201,-0.322013092005248,-0.379895836020633,-0.421580643856803,-0.84705064936865,0.827854157814333,-1.05759403738432,-0.0164579210833498,0.405890420451987,1.46687356621292,0.601508612839295,0.337440831188538,9,"67252ccdf91cf97c0989172d"
"900",-0.604278188651522,-0.391404414093128,0.0119607217701371,-0.0672660948245374,0.224623972328049,0.209478794288388,-0.260269034960939,-0.238127147403107,-0.0597956061882989,0.021590316620624,0.504655104611228,-0.233265124836078,9,"6658b14931847f8a05c3d266"
"901",0.6907199727626,0.237959673870282,-0.0881017573651716,0.13722024895159,-0.0937179032241249,0.985289372556053,1.04746781244541,0.201358095076492,0.785392650439764,1.43111929409293,0.793178525654499,0.78979310193869,10,"5c7cf2bff2fe9400019295d7"
"902",0.982825522697106,0.901138735918498,0.98428688184306,1.34744249256734,1.5063137478607,1.79540801857246,1.57748094727011,1.03558900993319,1.41470474527676,-1.32457781898326,1.55269633048072,0.789088357548464,10,"570157c6917228000d8d4b6a"
"903",0.244740127490291,0.393589516083965,-1.44954980509668,0.128328039032092,-1.52563621616581,-0.349968837172802,-0.763713815413871,-0.402675952353955,0.28254166717155,1.39095306539236,-0.0767321306848482,0.410508210930324,10,"6659e2efdb732dbd7f707a98"
"904",0.130013110890515,-0.180307466114995,-0.435616932666794,-0.154356292170453,-0.106056651929465,-0.0750001048489682,-0.0440635180419575,-0.356950747053933,-0.358533846289248,-0.683955646663506,0.142899884077969,-0.0772687038184776,10,"6765db00a847d25603e7ac52"
"905",-0.134893238842176,-1.09257006969725,-0.988132700620345,-1.52862408493342,-1.89747244800792,-0.137971251734996,-1.72684768684541,-0.633809374028174,-1.32537111396662,1.02793250774361,-0.640473125904501,0.205835911330135,10,"5cd310705882710018e544b0"
"906",0.783170199916808,1.16936351989876,1.05322917028486,0.655207830234742,1.17223341223648,0.872989414937512,0.695428370156583,1.02970250774671,0.715718707832785,1.5269201796414,0.79769226171928,0.862582568553961,10,"60465205820f850f2dc6a810"
"907",0.737854387055708,1.05038369903779,-0.25147660840118,0.926504903611754,0.775590564853613,0.952772110951445,1.4429170223721,0.822125896295511,1.36283024512374,0.0936569488063689,0.72369126011524,0.587694325148074,10,"5f25d3c98418832b5877a713"
"908",0.453230720202026,-0.330141837547669,0.504944335663184,-0.207684947838638,0.107122557479402,1.19616302340154,0.110011281922533,0.629114188245432,0.0899452630456638,1.18168686212421,1.10141689256012,0.816409759105676,10,"63ea4d64095b3286433ed52e"
"909",0.705848731952674,-0.382158050051873,0.437749611296504,-1.35965527812886,-2.22444866364423,1.55811221676948,-0.426433195034426,0.603163852930258,-0.474673648338377,-1.28749779203352,-1.73884840962711,0.376748023943629,10,"56aa2ab9402d62000c7096f2"
"910",-0.150864917487103,-0.507198670814354,-0.92210177044433,-1.10666314090788,-1.41843933999306,-0.0735259818605848,-0.900920987794473,-0.259946579089424,-0.0494058845131844,-0.666903182771355,-0.339954605163773,-0.00677891004065483,10,"5bfc25a8a082ce00014e3310"
"911",0.778089225470114,1.454055841404,1.05371591476485,1.36898942912206,1.52932918731199,0.156722782251911,1.54923043248994,1.12718952194258,1.43789252145243,2.16134052119685,1.5923460899939,0.961556901954322,10,"664f3eb579003f55b717e215"
"912",0.237669189148333,0.507975270732924,0.597927754360556,-0.687201447039056,-2.0569093027521,-0.036020387733139,-0.247135762562771,0.165961327522009,-0.376209267729808,2.0412986459976,0.637400481619805,0.598970053385369,10,"653e666cc034dbb89a5b83ce"
"913",0.790837245481145,-0.0697893995605269,-0.15251068854264,0.604104622582217,-0.108012078314613,1.73599797875954,-0.27941382500119,0.0707823875459102,0.840939592325742,0.312842234308592,0.372991934359447,0.699727843575005,10,"60e3452eac7b129147019f7e"
"914",-0.140010444755129,-0.0545328664561278,-0.263580442501715,-0.751630021027914,-1.33743095494244,-0.374508558408236,-0.442897397208749,-0.404009963147529,-0.35299572960179,-0.426650473783472,-0.698811239696446,-0.217611754017227,10,"5a56222f8e6259000175b271"
"915",0.155468830577984,-0.495388600858081,-0.00421191069335786,-1.16494348286667,-1.06572452382887,-0.602928533927438,-0.623202716728853,-0.507051127202481,-0.233744593578858,-0.676145937286389,-0.252499319644439,0.0588199821281373,10,"59d8d3aeea41450001ec79b0"
"916",-0.0805048921829172,0.304975170729875,0.688138627038508,-0.368128605053889,0.39795932670443,0.787813102007333,0.220023785192591,0.578016297558418,0.246560645873667,1.49019144050254,-0.130796558068351,0.240745230626445,10,"5e4c511d056b9c0ad9b6fd24"
"917",0.0365633974459979,-0.154958895909241,-0.601088355563985,-0.221644522678598,0.305533370926313,1.41636262094569,0.228241255059873,0.304387753779724,0.383483857102957,0.882443084144913,0.680007718965757,0.446069660205908,10,"67334911eb1de6dd02fc126a"
"918",0.0737121449961067,-0.666850593904069,-0.472231551078729,-0.979652380065758,-1.16908572607199,-0.598801235149166,-0.860839428097615,-0.501006504473787,-0.628813284660784,-0.244395976507216,-0.355323948149855,-0.106262490531769,10,"587249a2e9cb31000195ed09"
"919",0.787177886029843,1.07715675696693,0.528272720036723,0.0589831023630083,-0.342338858891345,0.871181514579502,0.670883212761368,0.90184836651623,0.627244048651752,0.314138921971108,0.715759927066013,0.783844645224983,10,"66997253a7964f557fc770e4"
"920",0.219999518406267,0.0967019045347899,-0.617765780332877,-0.0962748347064933,-0.234560683662599,-0.0460815851069065,0.385697234772333,0.118758947255975,-0.126737475496765,-0.0261687075554646,-0.580861612183703,0.149379213668781,10,"676534967437d57344ec2046"
"921",0.784654492858213,1.16243122550695,1.03753901684563,1.01840746751239,1.1396522785214,0.990449970775116,1.45109973066912,1.07005185261285,1.20907364891961,2.16010053785808,1.6056022032378,1.01971031553346,10,"5ef1bb10c673fd7d2d14e439"
"922",0.73553591744202,0.292377853454933,1.01613515020997,0.817210944175512,0.885538368480858,0.614373364955637,0.235982357693063,0.893317879772999,1.04212993082805,2.09635060149995,0.797259827048455,0.97056334375104,10,"5c4a061161db8c00015e4fb0"
"923",-0.116689153127498,0.387759009130934,0.0828267970166729,-0.00440834890965955,-0.362377625459129,-0.0442704249166827,0.0347479313278508,0.0533583607641252,0.183983762440457,0.843881791219488,0.555494265900257,0.0856346950133642,10,"60b8f2c365ec36a3395896b6"
"924",0.352554044656502,-0.288561109389736,-0.59238780559362,0.105708434131257,0.391275056749915,-0.0166450473962536,-0.381010628621524,-0.0484322592207191,-0.248122442390762,1.41933240116674,-0.0876096765095812,0.459651340755269,10,"5bf7290ed5ec8200015d07e7"
"925",0.435379441377268,-0.00325037828805184,0.0928859793087212,-0.00844060150294877,-0.237806585756485,0.0305070607128316,0.411768319650293,0.164993482380594,0.304940248808922,-1.61193801050455,-0.792293476106569,-0.281807616901091,10,"5e4feb8037713502e9ed364b"
"926",0.660050083040385,0.366843912590548,0.985251365685311,-0.904895567267669,-0.754128790256745,-0.0127531632746246,-0.20725697472196,0.643861929787233,-0.113106030727963,1.19311003331393,0.261290526408341,0.813403275934851,10,"601171f52ffe110619bc0d93"
"927",-0.389330644332548,0.173241299912812,0.640631273252282,-0.592111476853304,-0.433570004252766,0.572768880565873,0.528854680928302,0.358756646639188,-0.218472089629716,1.76746797853999,-0.102644881156118,0.220286143789351,10,"5e61f36dc7061b0c396928f2"
"928",0.532237601634689,0.379281609400081,0.533207866277714,0.388157025620174,0.475094800278577,0.0599121703979957,0.958791324316056,0.84038195707331,0.562347725438905,1.46222196517175,0.737046558915979,0.807169763263007,10,"5ba3be96258e340001cebb06"
"929",0.641535384555935,-0.253347455207374,-0.372875990331155,-0.812095207527246,-0.914009892072528,0.912526617534501,1.13124520568392,0.15388596138916,-0.591982037801936,0.522056714587207,0.694869996601372,0.754979812098774,10,"62ff3d3ee03b44e79bb2d479"
"930",-0.171610151120589,-0.494940341173634,-0.351966154513281,-1.38576441040524,-0.609536252748031,-0.252157609644231,0.314733749300893,-0.130273069276261,-0.824123423362959,-0.330208578156911,0.495784849267384,0.110579319962489,10,"5ea0613bef1e880130b36f45"
"931",-0.67496235679742,0.0370488186927593,0.0120950651153635,-0.125813372428178,-0.392771097893021,0.368015719823508,0.110582047319109,-0.0915786562585099,-0.281148982135416,0.274726805714828,-0.217338619094369,-0.267965177990379,10,"66f69dcc061074dacb886b52"
"932",0.783616701051085,0.738662622683803,1.04232996803121,0.809537536310538,1.39526257031701,0.743081377182192,0.147364457182957,0.846677667637884,-0.520008680098522,0.3108895369183,0.703020719390184,0.675051447956808,10,"5caccbc4976d010014b9cd9d"
"933",0.692659618778891,-0.359909433305513,0.357663636828101,-0.223768572723093,-0.229195390189919,1.69807685793418,-0.691801890676957,-0.0377200538711246,0.234010613165675,1.73606815028246,0.0386596542056148,0.784060555677833,10,"66c764bb87f9e57e31bb6901"
"934",0.306282311014494,0.504867189628824,-0.903166193666532,-0.341288514737796,-1.0324497966362,1.68337556250812,1.24608168968109,0.253238494783259,0.189930346918752,0.267450004581102,-0.482389268330974,0.299409415802991,10,"677658eb18c1cf6e2a53a01f"
"935",0.43496958472102,0.512398119110218,0.232269233255826,-0.288547601057923,0.105489830896825,-0.552899183262366,0.52159968511376,0.573557030702511,-0.23936136202147,0.512231920604115,-0.488722130726492,0.409091069394884,10,"57278abae386b9000e3f1d58"
"936",-0.16959291473656,-0.808483389747083,-0.652483231081375,-1.24114967678718,-0.355012518899696,-0.958189678243561,-1.34798709508091,-0.445048047584768,-1.19301153430827,-0.0298788649333206,0.511098993606196,0.217169541308428,10,"5f119d6034b87902fdd7d772"
"937",0.166003102726581,0.096697939532065,0.0913546892807468,0.242541716357718,-0.125970785228926,0.590634882589611,0.0464784791107369,0.0351005734310578,-0.184851656546354,0.530427926064968,0.6308451373936,0.301769768922333,10,"6760580a076f255d33dcf1ae"
"938",-0.079731773188328,0.638867967923861,-0.377407189058604,0.135489829726534,0.426756980050846,0.795002343912572,0.593338617062085,0.0638077241150329,-0.00955476195115075,1.17115863782904,0.648435007210874,0.155127385801723,10,"5ea9a6a68db51d0dfd2edfe2"
"939",0.534703310323486,0.285874307919226,-0.659874912935126,0.834373132723141,0.446929862758911,0.827315637269131,-0.292403391688775,-0.252565455303225,0.603469952374439,1.37304542864955,0.679732294908925,0.372347219785174,10,"6772a1d3faf7d2c4cd4e9f61"
"940",0.442197807582291,-0.4803365820949,0.961165656563338,-0.258166643224773,0.932065876519192,0.947131690876674,0.557955663041803,0.587633619084377,0.441922012425471,0.614733005152464,1.44016097577665,0.737651735673242,10,"5c5948299adbca0001ce9fd1"
"941",0.353169368803627,0.542607929500062,-0.0170125720000972,-0.0869402342051627,0.631768259596911,0.421802493342609,0.607250280866747,0.36647267690202,0.63294364077867,1.49130011677524,1.44214471399922,0.599145976704069,10,"65181d02b39c0df9f861bdf7"
"942",0.416088766102192,-0.876827188431866,0.130274393142813,-1.20801931832196,-1.20313097876315,0.0562403780493943,-1.20436089908541,0.00731904062734132,-1.270401484808,-0.443763886799776,-0.973926080197841,0.379148821272446,10,"5dd2d8126ac608000a330132"
"943",0.813840980287573,-1.03382888944711,0.90540907615604,0.754936665436743,0.464879979645309,0.861780557000542,-1.22604396359601,0.343681931448355,0.269699530796581,-0.295181233867017,0.704263910510425,0.841314614053733,10,"63c80a427dfa1305502df5a8"
"944",0.841180031814184,1.34557923278387,1.03545734861632,1.36201425193032,1.51832407233349,1.84191862809065,1.62801996762053,1.12366722320682,1.55459395720536,2.19105324740082,1.66307470515908,1.03557147671671,10,"614b90050a269c27f4746a37"
"945",0.677532651606411,0.106303245685871,0.101163026151768,0.473156964865133,0.227849227664727,0.335317898554174,0.976522654627206,0.156159449119498,0.438660257982108,-0.627452405573616,-0.126981539728813,0.289251951808332,10,"6659f66a90c067aa84c591c0"
"946",0.807175174907933,1.27455111815402,0.961551072211854,1.37227864765749,1.50343088981291,1.1162478391978,1.5500086492907,0.800638150563594,1.41979060341023,0.895871720923582,1.15483140781452,0.674250805129502,10,"59bc25620ac77f0001f05574"
"947",0.717941107480958,-1.02566522484125,-0.653035857065881,0.263139647429129,-0.879433627224198,-0.433576572741286,-0.0184324787377537,-0.270697035918534,-0.0702837799786019,-1.50882378385408,1.36522823989011,0.664770782840222,10,"66ace3e7ed907ed66befc17c"
"948",0.615231777936905,-0.185555053181814,0.981894585478204,0.990575205258839,1.46414861160491,-0.153788872766823,0.646816285973316,0.742580079814331,0.565949364995053,0.252501749978135,0.659442429779009,0.485619527980536,10,"66ba62aba868595bbef88f10"
"949",0.490525959009579,0.723754708866971,0.236348727763669,-0.719281830016002,-0.74228904303147,1.2547824502191,0.32888027632011,0.787618373343189,0.56802866728827,2.12031536201385,1.16627128787079,0.97545040565952,10,"5b3b3de3c49ecb00010a92d9"
"950",0.519756569322721,-0.677683718567173,-0.0887202714736343,-0.851811700769631,-0.409272326507543,-0.548464553202245,-0.741563904133471,-0.40299424652266,-0.987050447447205,1.06316902034726,0.985405313557572,0.682878777785335,10,"5e35cdd13b22bc5789b14d86"
"951",0.779260546772143,1.18185357669164,0.489449343571612,0.793298592345881,1.11005463436743,1.19290766803907,1.19322625394564,0.946021996600272,1.08899189124707,0.108957496335098,0.735418594743293,0.618117421885915,10,"577a0a7aadbc7500015d2479"
"952",0.421343612151499,0.42264086459199,0.178014981945327,-1.13239027427019,-0.656169836078852,0.322688640011881,-0.793208568565037,0.177672036375208,-0.965758544354005,-0.34234209025127,-0.212473682882187,0.295526091774169,10,"55c913d1fdf99b526d9b8351"
"953",0.552702078252072,-0.686264044166421,0.625634341666122,-0.701736892359741,-0.251016797315226,0.0649253447356396,-1.1647705231139,-0.135738789508951,-0.0404826691158348,2.01940023288105,1.462395612565,0.926718430286068,10,"63ea4a7fa7d709c8e7887a93"
"954",0.594807115038209,0.315985134312163,0.127411616254802,-0.151950308122363,1.19551507702858,0.043272178489567,-0.0367880136983688,0.724232756081727,0.330435166257553,2.04842667486511,0.393115401932749,0.853227903744343,10,"678d546682a87625e18a9261"
"955",0.229513953958519,0.0112163385155225,-1.93379845006727,0.791429850998067,-0.899890051515667,0.234648569824236,-2.05957943255123,-0.421799449632428,-1.5194710540445,-1.5918035834016,-0.185324905894784,-0.0553083413648491,10,"676aab7b2cc431a72abd35f5"
"956",0.403158173097338,-0.237700958859209,-0.0775818488014735,0.107780616001795,0.634028511885277,1.11141420963247,-0.304513390276916,0.0314463700530708,0.512428866912615,2.04463857293808,0.766210464409482,0.688641237289682,10,"60f5df9db9380d875c320307"
"957",0.771749573751097,0.824060154677338,0.98287740512534,0.965058770845502,1.17789577469178,1.12849941940657,1.50508018408765,0.795730637893354,0.535791973018929,1.30022676278316,1.14433629826367,0.783999629856277,10,"667839cf0ea802be4f9e2398"
"958",-0.171923173588854,-0.312225127032927,-0.719122541364438,0.154958612524255,-0.655805700748498,-0.764817662566132,0.295298556383912,-0.170791446785977,-0.249055333081516,-0.722513554397552,-1.09256272988989,-0.36582535027032,10,"5fc7694c36033201e9defeb7"
"959",0.487077171669906,0.50910313262395,1.04387940887537,0.178509378257264,0.835548342573535,0.271423287931416,-0.137318444811925,0.835023207713896,-0.0846344178349906,2.06699190701179,0.718557977299929,0.791861812388778,10,"6053e01a6a8e8516ba7d47a7"
"960",0.661892625784935,-1.38612790162809,-0.973354659531022,-0.46406213313193,-0.349084229454946,1.10031394979271,-2.0521068464065,-0.749107665129655,-0.581191377217472,-1.55747691932149,0.264713354071299,0.457774911818471,10,"66d442e4967ef7ed4b0c4383"
"961",-0.379902667144164,-0.560253172596639,-0.699379347990556,-0.602278240292092,-0.58026183659124,-0.100838899144633,-0.904060421723751,-0.377559199415777,-0.539752675324249,1.08404952862675,-0.210611635832066,0.0181319909989481,10,"60719f4b18e2b30c9e5a562d"
"962",0.354524442965967,-0.985991544016897,-0.036534458280715,-0.114850823128037,-0.211366619990816,-1.81929116015653,-2.31770184737879,-1.03193608559948,-1.10918008908163,-1.60131247811605,1.19545347958964,0.124958826673128,10,"5e8c81b7d1ee09010f479a4b"
"963",0.858126790261147,1.01635453592432,0.73647317025023,0.717955326127957,1.05035354603034,1.78920873732845,1.58266952666561,1.03474625236419,1.27218799553088,0.354539589257467,0.816166992516657,0.807197014719173,10,"58d3c932f7a08b000176cd5d"
"964",0.524548050561118,0.894749854406302,0.160217259584408,0.86550239310367,0.314314371649843,1.42526380576614,0.919103450224623,0.455359494735578,0.659204003255106,0.896357956973723,1.13599616963364,0.540584545902024,10,"5fe7bc4ec39215684de426f4"
"965",0.74288465389522,0.0624213749121349,0.221463567020612,-0.221609109032747,-0.386226719736186,1.401798074353,1.35327289433913,0.763977362301915,0.56024893832516,0.331545010592125,0.732599260772414,0.855362467894115,10,"57acc170c6bab4000172a42e"
"966",0.18856050627359,0.135964895708655,-0.607834055549412,-0.989595124862528,-0.185798139578034,-0.0272497433194274,-0.000996877656595874,-0.0730714463082518,-0.184576460663071,0.859953240818815,-0.102142826546206,0.378224983325235,10,"66fc249f1a0bd45900b10444"
"967",0.693142370483482,1.04237967062357,1.06662677082904,0.542588074170002,1.03727166478202,-0.818793968344125,0.481631678301326,0.99907131317286,0.478366843608531,1.77520363719003,0.371108074019012,0.778291928717216,10,"66dd8fd2905d609d29ccf008"
"968",0.361703258610809,0.919164712528139,0.395929820009092,0.42500549363004,1.25788665848888,0.616828001479714,-1.66544117018021,0.285574724298167,0.818181447868805,-0.963548366531376,-1.16436138485574,-0.527042908669661,10,"6413bde82572af834c41ba64"
"969",0.671935277842183,0.199747264383621,-0.155752137288735,-0.145904088119947,0.370257877782389,0.877748374332769,1.28618198657945,0.159096649792621,0.433537459025815,-1.16640976456335,-0.121962172627836,0.262373441444558,10,"60a265fa5eb65e4e5caf297c"
"970",0.729068086526135,1.22649284278691,1.02185134813281,0.618039551345652,0.142265481571206,-0.118091665599486,1.5002773810495,1.07394735692674,1.32553970282739,2.14342631745158,1.5359381627338,0.998914485983866,10,"655e1678dd2c966d4754ecb4"
"971",0.69585759984262,0.777784318857949,0.743533797689202,-0.472386074484425,0.0166755695600728,0.780271259640605,-0.0125480751341106,0.695175737929491,0.475552992200263,1.4674868917707,-0.422924182089906,0.703451683073804,10,"57b5ce3c42195e000159f781"
"972",0.327837870910954,0.114909987068564,-1.15598132939601,-1.00563901376911,-1.44239903269053,0.83242157924427,-0.705816533358014,-0.263476068806039,0.251943755525128,1.7356611577165,-0.43778848539577,0.451397901797655,10,"653927811b00d4a0036cb7ab"
"973",-0.0530868404621884,-0.394380165160494,0.0414602319681614,0.0250615947634827,0.217586536411046,-0.643405612297001,-0.453825859184573,-0.2616702807732,-0.416100392202917,-0.885081722576288,0.160386398738513,-0.0444442509409883,10,"673a17c693f3e23c48322390"
"974",-0.198166463187996,0.285567461678991,0.0719341479714076,-0.115611923316632,-0.198538138950338,-0.834130178250444,-0.283610162497205,-0.0434152065661114,-0.61455805287413,-0.710119637985982,-0.731001663449364,-0.440444015608124,10,"62c1741ab93bab98ecfdb990"
"975",0.400568210355576,-1.3605786441899,-0.500626376353663,-0.554064767137323,-0.646258472458119,-1.04160424404068,-1.69162990768039,-0.882823916431116,-0.761715823804052,-1.6768524795063,-0.381979844183045,-0.11328558160007,10,"5d31c201c88f0e001a4c3cb3"
"976",0.194890551333241,0.358936300306804,-0.481070149910215,0.310429634335085,-0.418719236296918,0.869795022870921,0.43940469394261,-0.154489606033768,0.647188012689496,1.14461483867726,0.302028911564553,0.205017799492997,10,"6170285eeb901b0a802a2361"
"977",0.802444093698718,1.1995572071535,0.517873058003233,1.31993795650393,1.47814849583234,1.78420028267521,1.23044713060039,0.954165204101546,0.890765408737862,2.15705749876969,1.6384085674853,1.00223485446862,10,"6526ca3a7e8af960de678715"
"978",0.435535911136068,-1.3848332082012,-0.884850384831027,-1.12713441934185,-0.443402434945849,0.765278303844257,-1.79902268595516,-0.690311270188627,-1.19555090264637,1.34298857423867,-0.125615275995978,0.538351058694809,10,"609d81679bcff493c7d143de"
"979",0.466537318418524,0.688251253392227,1.04709502584419,-0.435814058898529,0.0608816884686544,-0.0609264319493041,-0.265720081372619,0.88961258382608,-0.156178922718497,2.06044216121621,-0.0568591709651384,0.757271280427762,10,"5f4822c87200c92c9ef20bb1"
"980",-0.201139760036411,-1.49490795204935,-0.370081292143369,-1.36455818972015,-1.52458417493519,-1.27924042893971,-2.37526114122581,-1.26758554559144,-1.3501628426134,-0.740887399550065,-0.68538586531658,-0.184220208356712,10,"66e2abbef5fe9e10f5bff804"
"981",0.671403987943461,-0.276891564755856,0.117570821819323,0.103697770813604,0.164315736364697,0.3980294105338,-0.378533738766447,-0.0738581286714168,0.277961950576717,1.18091643251983,0.75033852359677,0.767955259998237,10,"5eff6492814d8101d8ca4bcc"
"982",0.363141942975756,-0.53606774237431,-1.30349810779319,-0.300587401134158,-1.30477642101272,0.891413824588851,-0.051086493183705,-0.781362894618594,0.308419361928562,-0.663552098860188,0.577016708174267,0.166503955763645,10,"56d84fd94a9be1000553c1d7"
"983",0.765671995217177,1.21288303485851,1.04854107503975,0.524660851932489,0.887646085218371,0.902691215130761,0.703455522125652,1.0494065470437,0.998162015829834,1.88042493021002,0.806936882555329,0.903424366942215,10,"62b44f66a16d45783569fad6"
"984",0.322592490637243,0.166134673399705,0.0792428716510753,0.455726217290619,0.753559683792445,1.52293172458222,0.93271443586578,0.0795504940198331,0.692074003454068,0.340990868561863,0.371256084580787,0.404401522508487,10,"59a40f8f514a2200017e69dc"
"985",0.527284877767468,-0.0715543098632114,0.0532167399517124,0.1794034007129,0.435302703196548,1.69240868266187,0.94322095363506,0.127565803570561,0.480897709408767,-1.17481823579715,-0.103960259499795,0.207696750827937,10,"66be7c2b8e62080ff8341d96"
"986",0.0624593546743829,0.733819211041743,0.219449069594462,-0.733598207459386,-0.759880230088341,-0.89247979683083,-0.851397574303736,0.297363757764879,0.341432285987077,0.877485114961716,0.611288562164513,0.462628591070994,10,"67ac6d4e1c47b47fc496335f"
"987",0.647954858001974,-0.197757371173999,-0.396826890432114,-0.192755585184413,-0.241836528479547,0.851589612214303,-0.33863352866601,-0.0615364184478792,-0.0882112673578849,0.263157076800042,0.68272787177959,0.631759342930143,10,"5ea07fc202b8bd05bb59bc38"
"988",0.809817961836839,1.12862342337196,0.982238324222925,0.602893407986923,1.36391258120481,1.12323683360731,1.52014883621322,0.759595718282931,0.833582268044646,1.00537836581523,0.88143854979074,0.767591685525019,10,"6641059cdec71f7b7d5a5e2b"
"989",0.630588461804194,0.854788304715014,0.998318124296914,-0.791050814832908,-0.0949369838361297,-0.426236735428334,-0.326405766736181,0.539355096085018,-0.616725636305093,1.71189523021418,-0.839076736414561,0.585024284128041,10,"577e3a5025cb71000128727e"
"990",0.841180031814184,1.34557923278387,1.03545734861632,1.36201425193032,1.51832407233349,1.84191862809065,1.62801996762053,1.12366722320682,1.55459395720536,2.19105324740082,1.66307470515908,1.03557147671671,10,"5eac3c1950fecd25d2d6d5ed"
"991",0.793229902779774,1.16521542854776,1.01270048126641,0.457674039663579,-0.0395653737525385,1.7590599937916,0.732680638875077,1.00960140975891,0.917120540686818,2.15091051265267,1.17975816822251,1.01885402382042,10,"5ed0ff79d782b5000bda8eca"
"992",0.158678755397504,0.170646690595523,-0.395249055332248,-0.217105059137035,0.0362144304347152,0.673485197147327,0.785149412095952,-0.0877520825305699,0.439057435657818,0.837593127524351,0.284621265640516,0.196611035277345,10,"6106de06a5309fd394a1d97f"
"993",0.853795282592095,0.506292895715329,1.01732525271553,1.32212876247832,1.47052232860976,0.447916335099515,-1.44232943229849,0.819122351178366,1.24577689995664,0.101536975293005,0.795877358681642,0.813324962277124,10,"67403de187ba0c277a19a258"
"994",-0.225252759092805,0.429548439920182,0.348737911181458,0.165153155735843,-0.110307895451703,0.490770983568664,0.444735702205429,0.171931201257011,0.487812542436703,1.15060697235067,0.633409495860314,0.150996380761392,10,"5cebd58ade266200191eaf7d"
"995",0.109358331966533,0.176651163215427,-0.496648791582593,-0.0792098184746568,-0.903232724009869,0.572280112909992,-0.348541192793103,-0.299953534676083,-0.00912256157715112,0.496928591473266,0.179783321790747,0.120497977639068,10,"5adb9688e0feeb0001ca9622"
"996",-0.064628410759183,0.325094491191518,0.0999865442834344,-0.249975779525585,0.0602912631830025,0.822879826624122,0.0991802236936964,0.102594617240973,0.461044533702413,0.882750532849378,0.632880828688642,0.214359646739124,10,"66784c32524d51faa546901b"
"997",0.573578217605134,-0.726729896127393,0.121529571245732,-1.28794030310035,-0.668960261449587,-0.0711900188036736,-0.58487479273244,-0.23969623831641,-1.0970413346323,0.791020391841451,0.245583195367604,0.690568094737665,10,"67744dd5d793cc3d79ba38fc"
"998",-0.482417298583248,-0.60570070841795,-0.81512543408658,-0.465621192282425,-0.293316994948625,-0.109762762461261,-0.467163834516794,-0.860555878921378,-0.464821528459632,-0.162241314815415,0.0261289957889282,-0.447826181285,10,"65537e14439274fe5036b4d2"
"999",0.907955639791853,1.23886732393583,1.01905002959762,1.02054227107495,1.45345182929581,1.80624321810044,1.6122206252976,1.10064887638093,1.45951222061306,0.138904179095875,1.59335689917682,0.89027339801041,10,"6134870de78084193e309662"
"1000",0.328476392208963,0.0799533718552516,0.298107659072921,0.136032353384286,0.427737273262744,0.830503093552183,-0.21631109860602,-0.0977727842635313,0.449846152319216,1.17797233243622,-0.00463614566665206,0.430437044303012,10,"68a5eefd236f1c08d08ffce6"
"1001",0.0967860922438999,0.68631720901148,-0.540321472017864,-0.649742709202645,-1.49612188410851,0.835465757603298,0.26223189192467,0.576788731821997,0.278704094469801,-0.782325927276967,1.36164285201419,0.516739443941923,11,"677c1d9dfa8c2311e7c89659"
"1002",-0.117897080642068,-0.68117684238018,0.123277078165145,-1.24606389722491,-0.528136577943153,0.05577608798864,-1.53467597091277,-0.143730990073997,-0.430884696930725,-0.06550918215169,0.171016377555033,0.201823104474964,11,"5f3e6a07e06e71069f919082"
"1003",0.690979687322466,1.03183661950607,0.945904687000003,0.108101864851082,-0.284965431596864,0.971116632582745,1.40836183525384,0.791107366794367,1.14778287642417,0.986636617913713,1.46216088782783,0.736217028245117,11,"5d8878251f684d0001737c56"
"1004",0.473797180338191,-1.50168890100143,-0.782802954274503,-0.506050932600979,-0.106387456672223,0.2809035326917,-1.28982664408473,-1.16457761506013,-1.39462044392972,-0.734467435894486,1.30237759608811,0.310871403125713,11,"5dc71b96d210e45213e92359"
"1005",0.298100782792312,0.431177529028805,-0.10420405051926,-1.23942372467597,-1.38516665300422,-1.78307102998457,-0.334729419058735,-0.044043485292062,-1.20754028453606,-0.116421781203317,0.803662995352667,0.316251286938341,11,"59ce4b5519d3170001b1d4cb"
"1006",-0.151633146039574,-1.05819265677695,-0.739975531020893,-0.421041816967584,-1.07350202770765,-0.580791620155307,-1.25731121333276,-0.602381485776798,-0.89957224785976,0.184625781306098,0.507962416983283,0.160534693771866,11,"616829767ddec9e42886501d"
"1007",0.240128843010424,0.575043390146313,0.719906981087633,-1.1560639558312,-0.803455700922309,1.07621371538511,-0.948732476669315,0.716703352756141,-0.194174095200444,0.357612279349564,1.04380693478454,0.6929508499254,11,"5ea578e2ac4413000be218b9"
"1008",-0.403416790664293,0.211922096539828,-0.0569825591009398,0.17563344008611,-0.334878685470547,-1.94943629806402,-0.129541217946758,-0.724373614078809,-1.58180863023235,-1.68921998731441,0.161893871409626,-0.972865312761211,11,"6156fef09d1ab07148870099"
"1009",-0.0272222267062713,-1.24112203691835,-0.505651242152439,-1.60695322897591,-1.26965805213604,-0.859107243650156,-1.80109870324648,-0.995628804499557,-1.20538466898793,-0.702378186309977,0.795899970079445,0.0177521909037273,11,"55ac3198fdf99b6de3b68b23"
"1010",0.527234761288242,0.240478836590839,0.140250346104115,-0.294213898192152,-0.420757040168753,0.912824350929164,0.459501821769803,0.314499771288375,0.706650041781548,0.32467890463679,0.700411301125976,0.623431677536884,11,"637f7d10665738cfea163256"
"1011",-1.23043876405491,-0.6928522252432,-0.804312754169704,-1.2852731466999,-0.946849116690711,-0.820995593960494,-0.982939781438572,-0.658397094150939,-0.730608914820921,-0.723588304563019,-0.0264501125193611,-0.583903004629773,11,"5e81ad7cb706bb88bc5c2fc8"
"1012",-0.52479663690707,-1.03131259934848,-0.815738344804715,-1.18392626281272,-0.624179300779295,-1.00191191938083,-0.570466950927877,-0.91336762249851,-1.18047845645365,-1.61733510581516,-0.394872021751323,-0.513686249147505,11,"6644b22e26557e73d19ff30d"
"1013",-0.38705682853282,-0.745394817951634,-0.739285229616037,-1.33192036074769,-1.4192551153963,-1.11891554813143,-1.02679572299233,-0.736604580321738,-1.32882678820617,0.844892073059956,1.28452400298694,0.269354172549268,11,"5f75d01a857e4e27a575f7ca"
"1014",0.341831950848498,0.358152429613006,0.46663994080046,-0.13802811670469,-0.616417851939015,0.040490828156872,-0.268747771824128,0.698393176221893,0.601946559369015,0.348440760750442,1.39420212898167,0.728814740724549,11,"5f3d6f7010ad88124f3906e2"
"1015",-0.733573889141106,-0.97978459079697,-0.540544559256939,-0.632290894465368,-0.530767908650597,-1.33155817933056,-0.577042872630145,-0.670966185365462,-1.12915043178035,-1.66576936340268,-1.98293875299859,-0.903726768201962,11,"574aff1b5bef980007af2745"
"1016",-0.054365641059644,0.250464621136023,-0.0846049258704079,0.467392005278092,-0.616490234896828,-0.934702738850725,-0.748470583535493,0.0661975335470969,-0.52878981361841,0.880468475095785,0.904114879914406,0.280716710534888,11,"6717d0f52cc5e0a7f13b596a"
"1017",-0.422319459316417,-0.499450066827392,-0.553403156647354,-0.475704240638212,-0.277263976254343,-0.108501871500728,-0.460503425838936,-0.80874662120637,-0.582734409483337,-0.140059168405686,0.452425264593179,-0.333692992107323,11,"644940c6c6b71b43c2f0d552"
"1018",0.259383485119973,-0.0793571378905103,-0.115372198867762,0.414751794585466,0.499596485067011,0.923069472853224,0.545005692212904,0.0548091978633854,0.521734999218869,1.18104199299647,1.12325035107321,0.506554735762972,11,"6756e98b064a0fa2dd7793d4"
"1019",0.0708173854688581,0.21612762743695,0.611489131476937,0.335634497263757,0.194118970047581,-0.0576327580541086,-0.336793945240988,0.0648402818867096,0.1685392807165,0.255697972435789,0.933402910089829,0.100137771887399,11,"59a734ce0c87a000017481ed"
"1020",0.596173061651377,-0.654549014810402,-1.49963540224214,0.354456283168915,-0.141257174112961,0.290614560215813,-0.563839684323755,-0.922543144473306,-0.146972510076468,0.185752931036321,1.45603968200047,0.56473885222205,11,"5ae870c64357bd0001c57edd"
"1021",-0.529662760792939,-0.762989730545858,0.0280855433784277,-1.04865038355758,-1.12289825630367,0.550004399318505,-0.777719110401653,-0.19421462493304,-0.418045197167804,0.488194807527854,0.482356542051021,-0.00923226245369949,11,"5a777c418fe2dc0001057b4f"
"1022",-0.682315099669131,-1.35997938194075,-1.06181373402118,-1.81966029692436,-2.10645865989175,-0.828578278030563,-0.704907929944664,-1.03426043279493,-1.33067896935373,0.143405417341858,0.393375157637556,-0.200693606858628,11,"558bb476fdf99b21155f2dbf"
"1023",0.0147953898093399,0.80417774459065,-0.0819153142616046,0.401719091217371,-0.292125925119148,0.891198423212295,0.920003543089094,0.61180030258384,0.876787717377592,1.5501949099984,0.693981498708534,0.421443849036142,11,"66636514bc4749ad83a2adc8"
"1024",0.0518946351746385,-0.0255774908488415,0.075674813086599,0.0994436682626191,0.249272105671799,0.831752434335957,0.539103781385141,0.0179565612925573,0.208574999194632,0.248522703971946,0.563757713152741,0.0597649446926272,11,"5e2781b465f174000af6a754"
"1025",0.380400113158049,-0.489687738955608,0.0770173315540254,-0.397007196917492,-0.698027323604558,0.0220677230268845,-0.3163177514406,-0.204772659158448,-0.34040273159129,0.858458184855574,0.967197374508635,0.537092439367343,11,"5885129a6907b40001de425a"
"1026",-0.112708029632597,0.881442639541691,0.661339318691144,0.338127801699922,0.283750620979013,0.0418826587611616,0.989371462564333,0.626262050467238,0.309637991972215,2.06272993328664,0.962384765823472,0.269805515978489,11,"63d021639b090bcb4ece2e73"
"1027",0.415544817128869,-0.199692218368722,0.13384603166871,0.456402216442673,-0.531171088753342,0.948307169820889,0.546545557413404,0.318512642928022,0.412954869189276,1.78252839534347,1.04621793961761,0.68463258467813,11,"5ec28db2622c500632dc95bc"
"1028",0.491191805135086,0.671071654424954,0.668133027043652,1.17672093188209,0.609049077539007,1.11809445077423,0.274708846043151,0.664209457243099,1.21317751800032,1.76373194168073,1.12364789308172,0.608948034300044,11,"66e7381b679a09a5e859d755"
"1029",0.433051156861252,0.163953568884314,0.0231698666440627,-0.900312791347639,-0.109923863927024,-0.378090423403764,-1.31081961971256,-0.768114789292509,-1.10016680243609,-0.623676309975422,0.589647135267597,0.232718903385965,11,"5e80e70d3c00ce7d6fdb69ef"
"1030",0.646604927740956,0.0112900917021805,0.361738935114233,-0.389483812398578,-0.227175097326339,0.912444019944116,0.157194328209222,0.166218359420998,0.447397537714203,1.17370279843648,0.673669318421471,0.732871553748804,11,"5c89510e12c937001745a2ed"
"1031",0.590438915681218,0.483766617756653,0.0760557491288518,0.766763473862188,-0.116510182055348,0.802891484668719,0.337993820187432,0.116193258641108,0.283986848965431,-1.45523732537004,0.619854731638339,0.264787692810346,11,"6655e3832dcc68a1d2ee9229"
"1032",0.29066673049102,-0.81533331823536,-0.367158622275178,0.336660791384116,-0.432059855625983,-0.162804541930031,-1.13432725609182,-0.0217482237862781,0.0834154489390606,1.08174550251069,1.30522163183693,0.526632073995664,11,"5e283f576dbb560114ac7714"
"1033",0.380459135864313,0.383572927828156,0.475568260805869,-1.17837476176073,0.800079239751952,0.418002105919617,0.854020406644885,0.476912094619199,0.15626811984111,1.48439257509544,1.46791230949064,0.763035952660399,11,"5bd2a0799afb5b00015be460"
"1034",0.0846483879553327,-0.340879278448635,0.095771499919725,-0.42070592052905,-0.432923180761803,0.627050023058967,-0.253610355551579,-0.0211579780611519,-0.267426713758759,0.844369119030939,1.0046764791571,0.494614551086455,11,"667a7ab2a6179deb78e9dd1a"
"1035",0.743953896792375,1.1991927783734,0.816989852714712,0.823284231151151,1.12641971953217,-0.0283265838402275,1.47838102358186,0.995758337386375,-0.00344708011192423,0.558318008585336,-0.0656460302579853,0.516495723648267,11,"67293edc2ff48428040a39a5"
"1036",0.15111041354661,-0.691931518258223,-0.808574301486841,-0.472663345703861,-1.08070540375597,-0.357172705573495,-0.128438014694596,-0.861218634090418,-0.710400046807117,-1.31132669050271,1.22798749943348,0.0372432064326214,11,"5a9ad69adbdb470001eee577"
"1037",0.820397171905799,0.690273366095572,1.02830154381499,0.922527168428387,1.44788872995624,1.80625650856618,1.55731239963305,0.993636072814263,0.704118791388989,1.52695249328525,1.61453216701042,1.01411759468794,11,"597c4133cae3340001135a72"
"1038",0.252173830344007,0.547309987685728,0.93294510291213,0.37580789715729,0.545106505091837,-0.011811498284806,0.566497193864129,0.631744175079659,0.359771930412557,0.322115703824786,0.635792168683009,0.386232202381822,11,"5c5c8b70758f310001ed429a"
"1039",0.843642081999291,1.17518618865036,1.02968032277773,1.24466891298253,1.49946859151572,1.84502306160525,1.61324945520518,1.09926266615579,1.51949081077571,1.86366560433069,1.65008599070273,1.02423397989228,11,"669a67432f97ada112dd9c21"
"1040",0.0662024776859362,0.472701629569092,0.038166599924251,-0.0293130517515126,-0.199035552306155,1.06596900608869,0.350617454391558,-0.0307260638265538,0.580887649949706,-0.0819337353815096,-0.565077971603621,-0.195714965234558,11,"63d9d5072e083033fc895df1"
"1041",0.436310764759566,0.00334624643759565,-0.413581440553352,-0.42247958611085,-0.2559536990317,0.852462583686524,0.529383948980263,-0.0499552742360335,-0.359234993776425,-0.595993858327985,1.37715436981869,0.459190856700267,11,"676058418c08c71e4bb7cbd1"
"1042",-0.532076708439041,0.10741535040389,-0.771852308726545,-1.24634836650569,-1.41080672633403,-0.709657577836391,0.284778453563982,-0.763389769403688,-0.688043944727783,1.05881656650328,0.437098724397748,-0.301162745442752,11,"676556ccb7aac9ede13d73c9"
"1043",-0.145025903297464,-0.216223572367562,-0.212248402781707,0.711681439637187,0.533488217695407,0.778301340048304,-0.338140366574144,-0.115998159752299,0.185250578169621,0.869228549892295,0.212811523503212,-0.0524519388816004,11,"5c0430c71a20110001e9b05a"
"1044",0.0163769883192406,-0.34198707304133,-0.751660674880499,-0.543668985184374,-0.579744247206909,0.73504029262315,-0.532387843086633,-0.779984004792783,-1.0041635207961,-1.22816814809037,1.34991147018698,0.16093203892226,11,"5fb3c41de0ad7503ae17b2e9"
"1045",-0.0920913285753246,-0.380767264277566,0.0706465639317038,-0.423132926211701,-0.577521226164324,0.74359344568304,-0.728159398268794,-0.0711174382516242,-0.303493799330967,0.790139742452459,-0.179959593036214,0.143092883483701,11,"61664028d0451f1bf8b9b031"
"1046",-0.119417852891056,-0.223963074564031,0.0409576410512061,0.292168831079216,-0.11527437570365,0.238383133937268,0.359189823002406,-0.056239063432765,-0.384309295686063,-0.35652227711303,-0.277544689198205,-0.219443564348827,11,"5b244233a7cee100011d6924"
"1047",-0.855901927930612,-0.519641496462923,-0.514443533368366,-0.524064258391657,-0.285445549668356,-0.502779122363955,-1.20594611960899,-0.672648671623821,-0.479680959049491,0.212867376260444,0.0498199593896204,-0.410641083058617,11,"6310a5c786d2abda637997c0"
"1048",-0.0141863336524487,0.459627502903167,-0.0454696770285503,1.00249309545672,1.08862621625694,0.988026451468647,0.917840630083833,0.543566362579931,0.893971533475438,1.20996841346478,1.03434305235876,0.315349280085247,11,"5c81240b11142e0001e6f947"
"1049",-0.527859548910613,-0.31762530271723,-0.942375623654525,0.0049796868106622,-0.203494923222894,0.227103312110165,0.0985777029992618,-0.222688033605857,-0.40227625502267,0.807599817696118,0.139406428682323,-0.1092662549002,11,"5e25b203b02857804cec4633"
"1050",0.750567928246794,0.766709782567509,0.803178415216101,0.0817982118665652,0.480717449587383,0.0616067047112665,0.724168634962576,0.932239368909579,0.721718890309964,0.345505738807064,0.705215915417645,0.781069358100986,11,"6319fb454895b1f094ef301e"
"1051",0.605036438870095,0.894748686296452,0.686524136002451,1.20004913328222,0.64937198041646,1.05855073008547,-0.192839957032278,0.513201635490913,1.17950242872294,0.364636487979178,1.13409855936666,0.571411522136195,11,"5dd164969c84d81de0b1beca"
"1052",0.8259864901254,1.38152108257186,1.0399847047623,1.36527649924126,1.52209432750223,1.08632717941049,1.5907125834691,1.12135640357745,1.49327328489022,1.87803509961628,1.62232447411837,0.97987017221633,11,"62a3b97d41ae082b602e815b"
"1053",-0.0397028388254413,-0.351022176903056,-0.163766242024054,0.356981409198612,0.482326530631119,-0.02818871846234,0.460224442736655,-0.0374672995496047,0.106336086223074,-0.957812559686099,0.130085068897235,-0.0615855090123841,11,"60d39788423219f2cbb65a2f"
"1054",0.0712077713652923,-0.41434474950468,-0.0146665728622292,-0.0735351305701322,-0.517663076323076,0.795710235519877,-0.404089458358813,-0.515149152405615,-0.29455833565163,0.845420425086423,0.592629608390839,0.146874667307795,11,"577eadd282f7f90001ee685f"
"1055",-0.410631510721424,-0.139124088744096,-0.190733377896736,-0.0601661776204949,0.098933901327137,0.619723832386347,0.67539425042197,0.125931660791065,0.196171577077279,0.819311853314102,0.215541796958046,-0.0391471034057768,11,"677684d2ba006ab232d28bd7"
"1056",-0.177114750148844,-1.07589246302981,-0.150527704669967,-1.36462977995417,-1.6160631058572,-1.08571252287213,-1.02037343813883,-0.175333005824797,-0.531350246052335,1.06592024904135,-0.58588422248011,0.284929757175041,11,"67765cb5eae26d06c3116c3a"
"1057",-0.0532905185877325,0.127946706599118,-0.0962176015218655,-0.0153369817344142,-0.502248105522492,0.184179299002538,0.534126730278026,0.300149801270171,0.464866224392158,1.43459659151941,0.647012202683641,0.397784411074977,11,"56d84c584a9be1000a535f9c"
"1058",0.579025377361585,-0.364555026254413,-0.125430365832646,-0.326523810981987,0.0907989130036186,0.0391591597148512,-0.669628129315899,-0.299037442869858,0.0313217762442217,0.25690286178669,1.40316963433111,0.617576531947854,11,"66aa58515ca83f7f36edbe30"
"1059",0.0102224692813833,-1.21546816018022,-0.0409131750610257,-1.24294105343017,-1.40558107076671,-0.698690480578417,-1.54274465650733,-0.75534602694196,-1.31487861405778,-1.58714214330048,0.0301111412201646,0.01140653777772,11,"59d949cf8fd07a000184247e"
"1060",0.0288038186176122,-0.133902014664132,-0.164534803177468,0.192863379987428,-0.66325061925624,0.722135907278338,0.513214066772177,0.0666264446130077,0.705253174599606,1.19918962848582,0.707704947364374,0.459804978305761,11,"66bb63dab2b110041a61af00"
"1061",0.0291032581702037,0.00117469693282451,0.34398949599497,1.25584311354649,1.46153270185117,0.0568681013765146,0.608395333576908,0.0373440288127165,0.865864132142196,0.932198543316815,0.705890224953192,0.22936484188081,11,"672541915a9a5ac8b878a28e"
"1062",0.438327528034,0.0703659350759552,-0.295351791492745,-0.64989391233478,-0.0706635963242881,0.782259262868371,0.110776652383987,0.434069266378582,0.864407670746177,1.77812410642061,1.51727128816476,0.965993530425047,11,"60e97cc8cfc0ba33080d90fe"
"1063",0.48351292575289,0.497744674705028,0.399649147088482,0.300780312439127,0.472319215223428,0.784461436979213,0.190789525343288,0.173296769459618,0.132739545650896,0.0196948131799617,0.283415348534372,0.269801011554023,11,"589ded250da7f10001de7954"
"1064",-1.56361676807751,-2.19209946747966,-1.49716416193437,-2.08398379075907,-2.41913977275888,-1.80550641439175,-2.50331042142077,-2.05154590279105,-2.31731968961546,-1.07957380533138,-1.31389887097032,-1.14221347201304,11,"5e58eb74b22c130ee6e6c8c0"
"1065",0.71869070142602,0.123723986818063,0.173661797130312,0.775934858993915,0.259661566547166,1.24157435052984,0.9770648249719,0.515285214749375,1.28708942036626,1.22464858822949,1.5382800551761,0.889994167684494,11,"62eaa4c0e7bc348d10ebb8df"
"1066",-0.850112654976499,-2.13588832670448,-2.43581060068813,-1.8043629208521,-2.39025033927926,-1.82691102715182,-2.44327946118734,-1.88462332880813,-1.92617091674225,-1.64917702641684,1.07099181774074,-0.320334322472213,11,"5e16e7b7c76aa6c8613f2477"
"1067",-0.869113698932577,-1.0837519574771,-0.0166866653365853,-1.29107451534685,-0.84761791469902,-0.544433692984753,-1.37011852248198,-0.569882574043596,-0.854979398186243,1.09054549550116,0.1362734787455,-0.119008102203207,11,"5ba60abd9629a90001b36fdc"
"1068",0.807928036419249,0.586110017124852,1.03741559047821,0.958426293098682,1.44687644917663,0.875363707115554,0.751366823692632,0.891282125915393,0.040771058808996,0.933879773531203,1.53869781384152,0.93112744200344,11,"60902df5016ec448d594cf8b"
"1069",0.466863985297631,-0.0682456580158864,0.165046152397665,0.686462250178308,0.272928590325032,0.841116213608949,-0.316854136934461,0.0815501906042866,0.23996191429517,0.82837878045903,0.683318098382089,0.4966028079118,11,"5e441953790b7129dea4f81b"
"1070",0.67217384318026,0.186633698785881,-0.0989243480425051,0.210238196121478,-0.143039511436406,0.141949815025252,-0.338121250263325,0.0390396912156089,0.0635952042154337,1.17893353682069,1.48703788660231,0.845565949464538,11,"6655f13e04490671e36a8dcf"
"1071",0.330693139447813,-0.311089761167067,0.303156171525434,-0.264382489100056,-0.260836498016828,0.496645538408501,0.464094349479649,0.0361539110640659,-0.592197890271059,-1.23609108102749,0.578004253940016,0.277332909297689,11,"6315faf8288fc830449ffd3d"
"1072",0.037587651656637,-0.167015888880387,0.328581082373026,-0.0472098081721005,0.308640746837029,-0.0878760156838322,-0.395621690494208,-0.130240012987735,-0.223241129072124,-1.47198546356558,0.894869175308223,0.0903066008904269,11,"5a9fe0026219a30001f55a2c"
"1073",-0.242152752393995,0.308710399976172,-0.629562487726879,-1.81940672273492,-1.78122330753533,-1.47120201617799,0.0714343878544537,-0.155831227119953,-1.56462211955751,-1.33455100161973,-0.379014900599844,-0.288027395667275,11,"63874670685f244f8d4e93ff"
"1074",-0.166737822841972,-0.0790155907364701,0.588041558941886,-0.143850239095368,0.15729340557834,-1.29564524623336,-0.352162522986132,0.00957433706972573,-1.22997307359639,-0.983556869967717,-0.332622403508173,-0.219018952218656,11,"594e2bb7a402220001d84067"
"1075",0.199420403834674,-0.835993123397987,0.0792014875999436,-0.422215881298377,-0.441380860264667,0.450473235786715,-1.77599708498157,-0.271467211332326,-0.622134161835822,-0.355456179878183,1.27506548685936,0.35885864969956,11,"66c715bdcfed428be15f400d"
"1076",0.653041995815662,0.0114226385783898,-0.0359109114409798,-0.132200084454792,0.0180040763189377,0.35588349579219,-0.0924401016997974,0.249788050756695,0.163993860267495,0.297204261744535,1.43052752743451,0.769778878765021,11,"5b119f161e55760001b9daac"
"1077",0.309447525331271,-0.384012742479137,-0.968030014262899,0.381076382407277,0.11473664160337,0.698103601971757,0.468593624856498,-0.488088610573088,0.263162470656942,-1.2168611111367,1.39802914951902,0.280735265888936,11,"5c2ebf3e626018000134986f"
"1078",0.698247222194955,0.99238639298934,0.55102643744765,0.204958023321753,0.501238428364673,0.737629896131915,0.790023511432662,0.900343518724362,0.686405875888988,2.12718849349598,1.5499314607142,1.01796970141181,11,"5c4e38f4d3a5e300018363ba"
"1079",0.00715370552725744,-0.33002863293946,0.627960756990092,-0.335485383966244,-0.174386684259,0.175481018588139,0.468035187324091,0.288883035328047,-0.648532446689553,0.583441584122537,0.621952375570255,0.406420468422503,11,"5a47c383e074d600013912cc"
"1080",0.234124342517318,-1.39405175182963,-0.985149439038539,-1.27724027369765,-1.70977488423466,-1.08194817043649,-2.1873113695528,-1.0328510130077,-1.030586846115,-0.0964067367377277,1.25214186140717,0.451758802008033,11,"60fc47a77f054a5c6b167d70"
"1081",0.631665043804844,0.94131888427426,0.435928362942488,0.944190254670565,0.0661403374119913,0.511624489336056,0.601846954507708,0.381571077746874,0.28096096435717,1.73662127996885,0.689941886197624,0.519935355733896,11,"66914783ed9646ac1537525a"
"1082",-0.111201774949569,-0.858433337933086,-0.00499349903092987,-0.55496405654527,-0.271949072139501,-0.343630646583016,-0.61357859265552,-0.520783736801714,-1.02909572294252,-1.24980448137993,0.051019841383531,-0.14245341689025,11,"5993260f4f3a820001fb39a7"
"1083",0.267776190794738,-0.345875802814867,0.101015910905969,0.291326543833432,0.156782203160462,-0.908449844391184,-0.43986054025627,-0.135855146013351,-0.59767480476505,0.159832963550203,0.465944713070035,0.0954325125926,11,"657065aa0c153f5a01470d1b"
"1084",0.674678347747771,1.33524132442818,0.766218805689211,0.98283944695306,1.44162952483971,1.14932967354561,1.591268887684,1.01370795390572,1.08850354374498,2.11722252868994,1.18845825003326,0.736248363826383,11,"67110a0f39facf3288e299e3"
"1085",0.738714440704906,1.00838822113497,0.7613177365211,0.623957969662854,1.38046066033779,0.992477861580949,1.52955574461185,0.796468544874556,1.01332903368275,2.14693419185437,1.61422684147477,0.972593569985814,11,"5fde8fc3c0e40a651914c261"
"1086",-0.628767224985713,-1.85190499940295,-0.900969627924763,-1.39654635535927,-1.25525528659233,-1.18954653636249,-2.28524548417279,-1.70779121997084,-1.20307241067763,-1.32438756803958,0.773561578761376,-0.371542787634937,11,"637f7c9a658dbd7bcdd9e1ad"
"1087",0.413522439581587,0.648876180398984,0.143626462794259,-0.106535977758824,-0.168604411529565,0.050947111253072,0.55107127128525,0.162394065376417,0.255201914844059,1.18155368511085,1.41924061196543,0.562132293739911,11,"5de501e6eb1b0a48a1c1af31"
"1088",0.647374955350544,0.275391619115176,0.636313002399861,-0.315139092675679,-0.191172331470089,-0.239220158435803,-0.109577282375022,0.11994874435592,-0.394125839918816,-0.605227870570476,1.33530090032562,0.518392486356836,11,"60cedc739316634c0630f80f"
"1089",-0.0447255041953315,0.454282372238163,-0.0818900436422014,0.292752305192934,0.498061773445059,0.876498206847814,1.09918081664339,0.478534255788794,0.451114255018424,0.876736968992779,1.04905488504935,0.292501230703849,11,"636cc5fa559ec4d93e272972"
"1090",-0.320803188306817,-2.09642473706477,-0.610030869964807,-2.17881883757734,-1.31936104453506,-0.584369696351042,-1.90395017409403,-1.54780621137728,-2.15091664270892,-1.11108204301886,0.376480036432306,-0.19211331769297,11,"5d9750fe74d24900145633a7"
"1091",-0.050475885649763,0.31831395601525,0.0620218499773263,0.203681075369052,-0.337705123673331,0.76315228506263,0.542313691441776,0.0601859208486439,-0.1710948873294,0.260572799614128,0.162173700816562,-0.00702662143870016,11,"63e51ccb431bed8154fc6aae"
"1092",0.356616633456647,-0.723313926364838,-0.922074048010076,-0.12987155745604,-0.257497057104546,0.469663489978913,-0.908892400974417,-0.593099584949055,-0.221763600946965,-0.682833788259856,0.553640031341711,0.200036337623707,11,"59142b45ef024b0001c54c33"
"1093",-0.492237422590263,-0.930272914968193,-0.765585960976933,-0.90384548821041,-0.682870241171599,-1.49482056630794,-1.04713333854256,-0.977720647600188,-1.04792803472644,-1.37729162479734,0.311748953842656,-0.496143889452476,11,"66c4ed68df042675aa0b3143"
"1094",-0.317992331089502,-1.96197937861352,-0.0854604309780579,-0.893264644656895,0.582254274040122,0.25275034497321,-1.34193795810994,-1.1712807545705,-1.70701115180813,-1.0857911974295,0.5044755912889,-0.135763419901322,11,"66f46a8682979653eadb837f"
"1095",-0.116314473721965,-0.63141073438129,0.592407773075261,-1.3647508502438,-0.94274181625805,-1.17778371867064,0.355236580750274,0.00108316973366342,-1.12881398737512,-1.63550476268166,-0.487147842155696,-0.36943256158772,11,"613a4c8c7e9c6c51894b82a6"
"1096",0.0139660331389636,-0.120291155362592,0.0712050059678567,-0.987148702742214,-0.345542193302868,0.728592221334828,-0.471300540964996,-0.232987059173651,-0.70825730872263,-0.00189299355636537,0.566817728055334,0.169952110900402,11,"5e38617987cb0602fed6d8b1"
"1097",-0.334673508999147,-0.599679609976022,-0.497966343716132,-0.730215638456746,-1.06935362935069,-0.14818276637997,-0.950417489475546,-0.549670417325149,-0.338947490988298,-0.100302926343304,-0.273281111483183,-0.154207892970024,11,"673c6b25770ca42d0a44973d"
"1098",0.41364548770107,0.759340527812542,0.534535025774928,0.342635177536668,0.736572403143924,0.92174547350289,1.03114635561374,0.883418752319151,0.663194866377599,1.02125085369742,1.53132168800971,0.823120005462003,11,"59e7276d5de9b000017ed1c1"
"1099",-0.711227037785649,-1.06963217251189,-0.703669171107692,-1.44149070405203,-1.16366422767939,-0.634460715764537,-0.23769290643887,-0.287179855418971,-1.19635238955417,-0.0778747120700732,0.0769823319921599,-0.0141421391917174,11,"62e96a0fedf3eba36804ff8f"
"1100",-0.00675257841999799,0.199022280925278,0.0842233771457528,0.399956417997787,0.496655862446738,0.821269952876237,0.198370959940372,0.0831260947356558,0.491296688827982,0.302842768282034,0.635026216966656,0.154893036383794,11,"6658c4239af9537eefdfbcc9"
"1101",0.206275528148039,0.340840826474189,0.387653450827319,0.584078601857058,0.755738150991712,0.890060367805799,0.579762476740519,0.199648836086116,0.698279109223225,1.20443545783337,1.06612078202507,0.419442349605584,12,"602c0fc2eff74b4748e9b41e"
"1102",-0.381955158809283,-0.693994088165722,0.0516178414951619,-0.621717118732806,-0.469586920482572,-1.01143072072409,-0.49228468868524,-0.19767762733194,-1.1735595148478,-0.723858762514933,-0.3850950833764,-0.303381056852839,12,"66b5172c8f0bd3b23ce66c22"
"1103",0.449566175128166,1.21191114282464,0.73894792858315,0.957592714498517,0.111150475775323,1.75707945003004,1.23086188450947,0.956216320987537,1.05684762437003,1.2697750712521,1.53433258558936,0.732622760167102,12,"5b14161e30d562000155e871"
"1104",0.373054316058171,0.109614440482249,-0.268449379106363,-0.105171461841322,-0.418774921286593,-0.0453365640207352,-0.308744673758176,-0.629563937362661,-0.543862285826292,-0.0136117235056676,1.35025164155273,0.280458016039993,12,"6016f0e16f7aec8af4152aa4"
"1105",0.239662207852144,0.161377331484034,0.437387581607719,-0.440586553224333,0.617062370165828,-0.62264375223797,-0.858541173949645,0.0376138255058483,-0.628196578443453,0.216243866396702,0.543552957355557,0.357802684674202,12,"60537fdcda0ac05f1c59c57f"
"1106",0.330532495612758,0.1705221646004,-0.10588409121877,0.307461839668923,0.666650816750007,1.37200021103314,0.597700899840365,0.31965186459933,0.306911972527297,1.1955367955341,0.410795042813209,0.550659653281759,12,"56ca3e3237d66c000c59a891"
"1107",-0.0701021738688811,-0.106236427842636,0.0379059536964566,0.784192614320255,-0.0281251224368961,0.782835246766564,0.502050878375644,0.0257714971290486,-0.259781450058899,-0.570567164391215,0.632235748763193,0.136129446414833,12,"56b78f11e77ebe000cbefe79"
"1108",0.625394965767669,-0.318852817929831,0.907323103296768,-0.364840214836374,-0.372996911139694,0.0584076592581492,-0.260329507189695,0.299301854604141,0.0768689510284613,0.533146948920343,1.38574145968707,0.768112398488634,12,"5e57e67bb836e0000d222062"
"1109",0.753122057168358,0.0451288890199411,0.0210002335823243,0.518550342872517,-0.311399850261998,1.24372505964009,0.988880577513775,-0.0162840507627002,0.511446377662803,0.0264002827692493,-0.0253146635172163,0.471003443564507,12,"67606435e524c975cc59d26f"
"1110",0.0279434675844574,-0.0368418141843532,0.122933735744986,-0.126591122510992,0.413361078378546,0.648196799606885,0.51804672376367,0.124905157564094,-0.0526548321962747,1.19874191652428,0.726761132394848,0.47575121652386,12,"6658ed45f69162ea286e4e3a"
"1111",0.502112980751184,0.670898027742808,-0.128882555151246,0.468249753818958,-0.343029520836431,-0.48063824850319,1.39200671855289,0.299412190793645,0.64281794421471,-0.352953017511816,0.495025720054837,0.100947489580629,12,"672111a93b42bbbd07014d9c"
"1112",-0.355135142363179,-0.0569594823611473,0.085444923783309,-0.241103388215977,-0.176598931854841,-0.872721546973275,0.436945400610945,0.00354574619847581,-0.340499247028869,1.11421905270551,0.52214580617937,0.0308201674017161,12,"629e10bc2c72cfafd3b0aa30"
"1113",-0.390192994662123,-0.282186623241617,0.0225060039252466,-0.460449999012674,-0.118728979558846,-0.7183180633622,0.0414204466845412,-0.270977737884525,-0.21072931152519,0.195459643064821,-0.296940068437624,-0.2805383255924,12,"59ef022eae9f950001d84a43"
"1114",0.467254551057517,1.00821115426658,0.489141999890896,0.957729845968419,0.898723503439187,0.938721567480914,1.41234416431408,0.660662542987993,0.742708229788805,2.10698103057936,1.52116768208852,0.675423679866491,12,"65c347be7d456f4e0902823d"
"1115",-1.57684082867923,-1.87814183885732,-1.52427013967406,-1.77977531917188,-2.17372918022443,-1.42895139998638,-2.32011857433454,-1.80652887209094,-2.02182532306349,-1.75385951927559,-2.15027330980299,-1.46693404182889,12,"614ad1d11ebbb70be136b832"
"1116",-2.27614994025576,-1.56414137852431,-1.30848281319859,-1.67185832382331,-1.7559750229218,-1.66627997443263,-2.02504040431119,-1.80030224940361,-2.15348835944894,-0.818129523754736,0.656551896320501,-1.13421394647061,12,"6773d42d35be03a65cf4b3e1"
"1117",-0.120364124672039,-0.00914406049033701,0.0879244551737126,0.241130937269406,0.146673989624949,-0.611331101912906,0.0678127798244977,-0.0294249027843482,-0.671672883674976,0.281523405777963,0.158542920658268,-0.0415882362159927,12,"6658d84e36a39b239367aed9"
"1118",-0.147096410647291,-0.875385725152498,0.358590782967503,-1.20334943189655,-0.524912947155587,-1.47293216243063,0.222451572633033,0.00118784388027565,-1.67409079768409,-1.62021789179148,0.300073037761984,-0.170791929030238,12,"5f84e472052cf81ae5752252"
"1119",-1.66191944649603,-2.34425731673726,-2.64501578678906,-2.36807961549368,-2.53450892104221,-2.03055432636038,-2.55419584151894,-2.7519596614651,-2.43396746279158,-1.823678685899,-1.50678270557386,-1.61526358206015,12,"5e84629868b86400086cce3e"
"1120",0.183275167426237,0.475278051203087,0.85395763515361,0.217212892612487,0.167187425361464,0.484485493169821,0.547081716349065,0.304926095558914,0.483085516622404,1.16674469427651,-0.102999428648089,0.228744911118879,12,"5a5a4bc8e0cf3d0001267426"
"1121",-0.0337254740453889,0.21972967251854,0.346284428247781,0.0564751049756532,0.20842807265167,0.271151117295917,0.180735969592556,0.21255094625829,-0.0161309405530953,0.305821649214013,1.34835527657763,0.277869258673775,12,"56a91395119265000c6e13b7"
"1122",-0.0724841964979418,0.650435524904067,-0.204386908909447,0.809255103965282,-0.247569316766573,-0.141126129031813,0.0521811522408795,-0.0423431309462438,-0.570715269452707,0.230563138636863,0.502948954824735,-0.115314145505747,12,"6303c0bf11a5be642b52830e"
"1123",0.83655174157765,1.29481604454537,1.02195738416627,1.34630862115022,1.51369630207998,1.80028385437432,1.61722803136798,1.0763446927174,1.28660837741916,1.29299035984151,1.60010985627316,0.87996363109111,12,"6030cf35e7fec0f5c6d201c5"
"1124",0.180538220152808,-0.166721665282246,-0.121620299606636,-0.45204278657649,-0.257309393462367,0.158466233513114,-1.10211751615602,-0.0985035324207221,-0.291959592870975,1.13767607270763,0.974630577205592,0.501915692222785,12,"6027b5f61ad4755b926babfe"
"1125",0.7225133558571,1.11081386288064,1.00305019160879,0.445526135211119,0.766610760630249,0.30010581991591,1.12304176186553,0.794729722743015,-0.0281441048053581,0.335112091241217,1.43092124934751,0.654391276803806,12,"60aa5894c3afdc6292cf383b"
"1126",0.402313238262764,0.300437318894431,0.891852121492634,-0.734557951572916,-0.730073372120549,0.73755280563121,-0.183532892133419,0.370928484128967,-0.272598273870956,-0.312144910795096,0.106367190983995,0.224176018214925,12,"615d4346d08006682817bf83"
"1127",0.818436782327883,0.957177427245884,0.70321019693638,1.22983185135118,0.938035756547357,1.76534993455507,1.19526825229028,0.731442369029091,0.920694511561851,0.634106737275652,1.54690274502757,0.763180601590262,12,"6093e78e30fb90f291b261f9"
"1128",0.414557056149615,1.07688761669168,1.01290660166694,0.354283266779679,0.767270640794694,1.79083898022004,1.5921425836098,1.04041508580052,0.920630732469166,2.17572788885154,1.58586111543014,0.871983439778559,12,"6266bb8a00f77695fea1ecb0"
"1129",0.51214109330104,0.838328516106883,1.01172886925447,0.0772445144058787,0.456365003755688,-0.743545554039298,1.21353186708392,0.987466786382651,0.902503115767868,0.352080952146535,1.00619543780212,0.661820354331845,12,"60f20aac9a3cd813c94175b4"
"1130",0.404388130790519,0.68976853376244,0.463233696036685,0.141367108670996,0.223860944770316,-0.30888618838008,1.04257843424842,0.630227500223986,0.214254033574548,-1.4542736871738,0.881645845667244,0.245660699818547,12,"66800c32331345ae34d25cce"
"1131",0.719939685444994,0.509609710098012,0.66391927981617,0.547602205599908,1.14319714299711,0.947327700682584,1.32830545022344,0.355506752156863,0.606111940817154,1.21489578610966,1.14714163937198,0.72280054063527,12,"62eac867210f0e2e8d322d44"
"1132",0.188558237106405,0.099642943066351,0.109831232541387,-0.491352250330298,-0.461926927938483,-0.0722034857476799,-0.257738403680492,0.0209873595276993,-0.317495285750069,0.239762329923544,0.20560918932997,0.224862889398194,12,"5f6ba6c02e4b9c0f364b990e"
"1133",-0.682992336914765,-0.479573236341303,-0.289732247120775,-0.753275162632385,-0.516818836399841,-0.769601216616011,-1.82524919344139,-0.555581747887579,-0.608812205154019,-1.56964290829097,0.312293328268504,-0.537852562126403,12,"62682277645054f5802459b8"
"1134",0.0328674876772458,-0.629672673984015,0.0123751517148462,-1.39939299362559,-0.872087035863081,0.0149579428935405,0.375916265180327,-0.416980509015058,-0.479575102771817,-0.0415730441266251,0.602937891125782,0.306101114001983,12,"571bdaa76b0894001362f780"
"1135",-0.287393113444427,-0.178852614826022,0.0978464985393869,-1.78998999701344,-1.92232348167844,-0.874448724976753,-1.7862786140643,-0.108609021012033,0.014354151679585,1.45710729398382,1.27935509203206,0.466268304368191,12,"64a192250c9ae684b340206d"
"1136",-0.264947322138947,-0.376578272876635,0.110791235018209,-1.35368337748737,-0.840694441391872,0.162670598046161,-0.395220317791426,-0.0512306622583193,-0.879433593582357,1.18142945788491,1.38334178932308,0.515861334216724,12,"681b72a2c71900147281b597"
"1137",0.756237328968135,1.38585848039743,1.04732361895455,1.32395864693768,1.52129617529134,-0.323343573731533,1.50803619021898,1.05643029147154,0.802687630936538,1.17726604712021,1.50119584648203,0.77443732676411,12,"57c74977b23f0e000182dc3f"
"1138",0.448160423390724,0.371224841604434,-0.291787932469608,0.0872896116004143,-0.356448469678581,0.739685560176058,-0.212603563752549,0.596752895345859,0.998014734940251,1.47451678887621,1.46996044305228,0.862897248130245,12,"5d8125f63d05eb0001731115"
"1139",-0.0949475310648085,0.533632136413436,0.0867065627002085,-0.301286850901221,-0.199398845573947,-0.322064706281053,1.00376465392712,0.13608330320709,0.141125844453357,-0.280003788305555,0.520927937721933,-0.0296122203910722,12,"59479251f236120001ecf9a2"
"1140",0.455955666416557,0.405954229386767,0.319007751500627,0.334526557846965,-0.101899104920482,0.856685765448515,0.456030205191,0.162892832198358,0.51169744212548,0.289049213790256,0.643643333013021,0.349661623310302,12,"67fc2265467c0ab6f8114ce2"
"1141",-0.395894770103031,0.166070969185909,-0.489567129519148,-0.588103070433838,-0.0160747462656962,-0.619082755049935,0.719011361492022,-0.140285081532243,-0.199549469883961,-0.655684188969587,0.0356699412471486,-0.335677102749415,12,"6658b6838e28e3383feae335"
"1142",0.767990127665196,0.509595278325501,0.970699050797173,0.487314932121541,-0.539686485433173,0.140532933585256,1.29597746025455,0.810071353339318,-0.731948353487852,-0.0188558372482871,1.39084975290831,0.760018593742624,12,"5f8ea1044999a9000ae5a0e9"
"1143",0.322154991907455,0.468216551510175,0.338945537516426,0.152064475913093,0.268103583951645,0.532425729153474,0.566140874503944,0.170291857991204,0.492419434590254,0.551453721624866,1.04083309091453,0.344588110888606,12,"6688fdb39a34a967bc0b7d36"
"1144",0.189878695608724,-0.245457735445698,0.0993974911426617,0.423178552014609,0.489626805284684,-0.488654295701464,-1.48857795788331,-0.0937340829177382,0.445630225741308,-0.088012750440627,0.540039536919806,0.185082318517434,12,"6658b6f46af4776cecc98676"
"1145",0.0375349894490304,-0.403730787474326,0.708652103593718,-1.25042275979289,-0.859099188105149,-0.902905175124795,0.422190263071132,0.470323641474481,-0.826814630506582,0.74424963956326,-0.667364152108467,0.144155602287055,12,"5af2a03697a14300017d2ba4"
"1146",-0.171273624327425,-0.227849741316843,0.0431094077268781,0.3085040207795,0.758333524084494,-0.914292571703918,0.452002557928251,-0.222247207085336,-0.207464915174315,-0.44807224397402,-0.0125009737115944,-0.42058568575693,12,"615ee0fda41fd9819b36a345"
"1147",0.655523922598867,0.45273886870906,0.904198150798522,0.0214725435193334,0.265490884468623,0.574124700765467,0.550405479214059,0.287536225662788,0.088485965683208,1.17911752634513,1.05818949020898,0.660968853647835,12,"6277fb597942c07d74b16b98"
"1148",0.100617719439758,-0.152168636204946,-0.179922639263624,0.232611934561359,0.259593776192934,0.84218215264584,0.535460612745147,0.0492258335468525,0.0921461955148192,0.271721291256239,0.586900382915152,0.155270141041752,12,"634813a4c6504dfca1a5f58f"
"1149",0.750788073540449,0.255449284437386,0.710352641526428,0.901290343446032,0.940913034671766,-0.314022531282028,0.525798373478041,0.598266384233451,0.211252301075109,-0.264619837065511,0.660647010575628,0.594078340925533,12,"673e52fc0c248822d47e03ed"
"1150",-0.191093059355014,0.0681268645426705,0.854895798838723,-0.904545346355103,-0.24254566903937,-0.399160053047411,-1.14009197044422,0.0851779577642639,-0.946216697783655,-0.623024573225112,-0.261557298965024,-0.018703806023029,12,"5b9ca13a06114100010699b8"
"1151",-0.238817050470517,0.10998701285813,0.273204623626411,-0.0445259917456208,0.21762256435759,0.192513517465237,0.360531244642298,-0.322306151365183,-0.165947356957558,0.450212001744305,-0.269582456540633,-0.362728820182862,12,"6661b3bccfa516ea302f4556"
"1152",-0.10684020641149,-0.352798447168412,0.0610981845858992,-1.09737668541331,-0.809043149320572,0.772022026412178,0.481814456934378,-0.0552894436313289,-0.728230432535341,-0.634876699893247,0.504026971360823,0.0511017542324414,12,"6773d7aa19c6135fee11ae7c"
"1153",-1.26606111387375,-0.972935620990173,-0.854025151504977,-1.05924806138136,-0.585209525151173,-1.67840666715947,-1.69158671461336,-1.07079008540979,-1.39097280879228,-1.66869563806259,-0.196300860672088,-1.10769683024694,12,"5d301a7c9f79cb001cdcbc91"
"1154",-1.03110103624,-1.89057731949536,-0.788301530742832,-1.54475849058881,-1.43903869254449,-1.04509874386414,-1.59547537557523,-1.93934719798468,-2.19914543654442,-1.71767100690451,-0.923726409564646,-1.07156164712962,12,"63c530b1ddee335e5e62c017"
"1155",0.378736533316186,0.00400486361626582,0.480259247130407,-0.0145595093382772,0.349938838635755,0.181464707443243,0.540624931712234,0.547539954964026,0.324154615433112,0.692511464940301,1.47485690443442,0.801001654326056,12,"5f57be602095072bb238a7ab"
"1156",0.697662975452097,0.615472029043717,0.973061753114789,-0.278281088610249,-0.0963977667512315,0.920766487893804,0.996480512666847,0.733676564643545,0.428900355975265,1.21888599065733,1.08073932877576,0.836099245399532,12,"5c86f9ced810a700169ddfe7"
"1157",0.208675561899827,0.085130146605907,-0.385137523010093,0.120093000037725,-0.630090694745387,-0.789865032061553,-0.285881920174993,-0.0784888836352005,0.0688996061780876,-0.0237392271141388,0.957304883864164,0.305043326265658,12,"5a75b131eea3d300016ddc70"
"1158",-0.304497055587195,0.0038851960325856,-0.248117109522379,0.016980688964887,0.406996380653654,-0.0224729602396251,0.0820864311913005,-0.390501682917527,-0.204430064300643,-0.652466965854327,0.0852087701886374,-0.341358450604554,12,"5acd0749a3ba7a0001b50834"
"1159",-0.206546636853415,0.214917695651599,0.183933652378906,-0.594595549963043,0.00643475894188932,-0.66775770148833,0.489502251944321,0.408080779976931,-0.687437149648124,1.0711756732756,-1.02209038586053,-0.0804019790947914,12,"59d66ebb8fd07a0001841f5b"
"1160",0.379117917723426,-0.242037702148781,-0.16083566524807,0.0188890141514355,0.310657643461601,0.0699645973810204,0.562978735714445,-0.237959697010947,-0.2484877031755,1.11180025398786,1.43003457736283,0.538523766161014,12,"66d339846ddb5871646d198c"
"1161",0.637240995183179,-0.715798612854169,0.730423328949186,0.601627209468031,-0.253453800164604,0.0147085054174823,-1.24187454854117,-0.564581210551332,0.0702794266312602,0.852897209409057,1.01569034541071,0.554980283460673,12,"63c5514d060f9b8e66cab38f"
"1162",0.699524806038491,0.0483595234757359,0.33730406237229,-0.0809418018991311,-0.377446048263565,0.710810553075924,0.519410259195099,0.174426400598677,0.445783389951511,0.297170129655283,0.699709234519539,0.651689610322309,12,"63174af7d57182f9bf90c094"
"1163",-0.189048533233893,0.444825637669082,-1.63230800102058,-1.01925153821187,-1.7591816783534,-0.804869845621751,0.022364181595723,-0.0188373843093622,-0.367272906991246,-0.666248494524014,-0.329570533468983,-0.101712529071288,12,"56296779c8ffc200055134c9"
"1164",0.342477483462139,0.366620422107827,0.737376938246181,-0.806213306859264,-0.457035395564359,0.504600808764093,0.580371163629528,0.764393608682352,-0.56515183550833,-0.0413609796993646,0.973492203052037,0.637480078417687,12,"58404fd8ad98e40001ce915f"
"1165",0.338866211200088,0.0529853317484777,0.625936843927445,0.223705781044197,0.488617134207242,0.296411281352733,0.875175564848825,0.432945936488205,0.079729022290175,0.285036188346354,-0.144756598729294,0.366786233986736,12,"55ad5706fdf99b649ca5a47c"
"1166",-0.119372849412186,-0.624289804799762,0.58069899249535,-0.414383966268016,-0.3860108806295,-0.295426479740901,0.309530623302197,0.127380555241706,-0.928224015691812,-0.928626928600791,0.425753413356298,-0.0386894316664765,12,"60adebdc89324b1cb4822215"
"1167",-0.0651245380098218,0.36783454433649,0.59797491782374,-0.213548492669803,-0.910489795406509,-0.966148838122372,-0.7666160890976,0.0972644507350658,-0.0979195064982056,-0.623932260702079,0.446920769885845,-0.0131570112340799,12,"59ad8df15e7f4800010eefc9"
"1168",0.00768343578604944,-0.271738644044687,0.29739664446707,-1.5475496852449,-1.55773512312401,-1.53025701965355,-0.914830561152139,-0.482570368611411,-1.41767409470418,-0.448471519917326,-0.346026713476939,-0.153398708860396,12,"57dfd6a98e00270001b437a4"
"1169",0.459575867621361,0.986110855682392,0.980092623427167,0.472841736078313,0.782493533158996,1.79485958786542,1.57053953944155,0.8744151757519,0.916556419414667,2.15796900304263,1.57878434542053,0.82238873656855,12,"6569e71e2dc4cb2ac7e49e89"
"1170",0.0842788054847271,0.56246220567519,0.943452861403649,0.421421546237471,0.886456325190255,1.36560509604809,1.03488936595139,0.773532638743038,0.641877742496974,1.24572016973308,0.730735525829587,0.456007134394981,12,"5f01ce19f3984631df5348e4"
"1171",0.33470089559265,0.392611222368128,0.868283487292699,0.080900770657259,0.21083586584884,-0.903021471932226,0.463300470606431,0.215167266423457,-0.0782044426664897,0.202183376310732,-0.257865236819201,0.0246059034797641,12,"6765e0b23439a746f96737b3"
"1172",0.63284346407646,-0.834138431827972,0.926011292955538,-0.153414893218467,-0.336020513255399,1.19774093575464,-0.206358265870638,0.591886679792369,0.393890040409176,-0.0698091523282678,0.592394312567481,0.642701961813192,12,"6131d40d3c3dd0126971b773"
"1173",-0.0738117788167527,0.338718039219792,0.110874985453086,0.0806293600026494,0.435184552673099,0.219090997829558,0.523417670435844,0.117876277721389,-0.203742066744317,0.812698115259305,-0.153151188885798,0.038160217531726,12,"5c7018a5e165d10001e8aed2"
"1174",-0.231793849783579,-0.267315129571299,0.0671271294697256,-0.500193014719258,-0.243117775838695,-0.12677760785245,-0.283097849922917,-0.127249318950207,-0.620639788974416,-0.140667997252292,0.0703914323972668,-0.211352508985569,12,"5e1e319cac30fa19d1e131fe"
"1175",0.166257175910335,-0.398761925217955,-0.4626807082309,-0.384606062732228,-0.47598636867232,0.289888462181794,-0.401245834480578,-0.284845894450097,-0.338020797069977,0.216114394141599,0.16686088617533,0.207061890810388,12,"58a4fafd66e4640001c53199"
"1176",0.692927681495503,1.26923867127436,0.549659344413168,0.922744983492904,0.899015305178343,-0.587865107463017,1.47004388522232,0.906680145533983,0.0154634318233364,1.18257891643198,1.45296944027759,0.74369204818964,12,"5993576fbf8bcf0001ab6762"
"1177",-0.992282583291051,-0.688333932025272,-1.35106743717558,-0.872001011007168,-1.97590803215196,-0.788576647756548,-1.01406624326067,-1.10898335456878,-1.73217784199255,-0.507371896019468,-0.0631740120138082,-0.73967998443609,12,"67767a56178616c325f4cb20"
"1178",0.575139496115723,0.289537682280556,0.10916967782288,0.278374219432355,0.0851998553062336,0.357305027526638,0.996135339518358,0.195566344230458,0.463913349604319,-0.565055124572482,0.679897368108154,0.467040582593527,12,"66646364b821e70655b52218"
"1179",0.527451342097546,0.41163364887979,0.848110826426912,0.406627944754987,-1.06969007220193,-0.0328564498685954,-0.252230594652289,0.206869573130674,-0.179370249056168,1.16750790076807,0.668644268036866,0.614343001581463,12,"572faa2cad131600100169b5"
"1180",-0.531186193326904,-0.00292914244832684,0.094551650300849,-0.546514860197722,-0.185547316925994,0.512266596292128,0.518702338539115,0.148400997573518,-0.63363728646842,0.88211057719895,-0.295281875998603,-0.175438933937422,12,"601ef2ade61f3d3b81e80624"
"1181",0.636231743886396,-0.68681246149564,-1.2691177982564,0.077561525578159,-1.18287522509043,-1.8084767951214,-2.0909179850489,-1.08890646711878,-1.44383386063733,-1.59062319406477,0.875233672326851,0.378560395323298,12,"5d68c8aa40524c00189e8ac2"
"1182",0.635760661518373,-0.216178006277036,0.181991219185083,-0.294058478526814,0.00810191427066385,0.0510956269044925,0.111690705775402,0.216239599768583,-0.262714536916071,0.277415354409774,1.41104049336125,0.764218688475541,12,"6234a3d5cd2f63c705e5842d"
"1183",0.317847794280475,0.442102313206196,0.702494290600533,-1.117781698074,-0.314476008414353,-0.241012411576338,-0.0568236327888617,0.587103298100396,0.0628465275139118,0.265384797519906,0.523441468641335,0.393277966980367,12,"5c23615d70d93a0001202ea2"
"1184",0.0983404512306942,-1.09984798772818,-0.262728921285428,-0.852181116969667,-0.880461849120467,-0.983150672527687,-1.94481963246444,-0.913246089694027,-1.01670000101812,-1.35554005431151,0.413785369247863,-0.0290930300334105,12,"5bb7abf3c190e20001e5c2c8"
"1185",-0.180365975065455,-0.740407218178166,-0.506215063310815,-0.00359060118108172,0.386897901731982,-0.575492761131548,-1.21058659819024,-0.574029255368948,-0.0768004170189537,0.193533226318721,0.17263129220028,-0.0498489306668559,12,"66a3b3a3bc1615cd02211cf6"
"1186",0.762942071363373,1.28854288918974,1.05390517038153,1.10540876380714,1.48738565633889,-0.0634452138270523,1.52377485849728,1.1047717045846,1.37399630918359,1.83008314500844,1.56725843768985,0.944883673057821,12,"5d352f8bb02857001963539a"
"1187",0.731980874063792,0.220645467597862,0.965390856976725,-0.383932187799094,-0.388066542900099,0.855617580921737,-0.277942959669593,0.540173166079465,-0.152381867648213,0.978168004869693,1.47796018175621,0.978979954578143,12,"5ec99f86f5c1124c0c518fa9"
"1188",-0.191734270537907,0.368724454833892,0.67950599050368,-0.388515651204806,-0.481272368949478,-0.600411375444064,0.00796547169571054,0.608556443986543,-0.487346983067226,-1.15827911918706,-1.02391630508912,-0.0890150216627135,12,"56fee6f704254b0010ffe6ab"
"1189",0.364725454859387,-0.358845136724833,0.399870349090701,0.131379021651662,0.177950887596664,-0.390026260638412,-1.0608719728346,0.0176480248815649,-0.568119907206529,-0.0339235780549258,0.297134242315672,0.502067712098465,12,"616d5c54f2953f6447f27402"
"1190",0.108845680539628,0.0178862253047667,0.370434846138178,0.109485132014514,0.466025624914584,-0.0522194690407345,0.4888444864105,0.0552717009677514,-0.146074787463003,0.204474845922534,0.101735832030732,-0.0433845736877716,12,"631f1127e0b115d141506b75"
"1191",0.642368447432502,0.551747775587495,1.00997490263816,0.564385251384202,1.18862520444662,0.415768440341761,0.746650759897954,0.855898477891148,0.814675266460444,0.620281142948914,1.41285656084209,0.646114753691163,12,"66b7b52a9798fd79dd189339"
"1192",-0.150207913785685,-0.208180090728087,-0.530128515175373,0.133966879621726,-0.19301453443151,-0.958287800989371,-1.31577169504186,-0.617080740873226,-0.146554419729843,-0.123286119015291,0.141642379997013,-0.138258126574408,12,"5e39e1e2c8aeb01fe7aca4b6"
"1193",0.159590955451717,-0.0997417256357063,0.11015716365439,0.292334650012167,0.4739666548478,-1.79018866196344,0.363331393842737,0.0208770773730832,-0.877197934669195,-1.23497027140448,-0.274564565536824,-0.0367520699629615,12,"59b555702a78fd00010b86d4"
"1194",-0.0102203848292709,0.366136004498018,0.10841485952525,-0.203154697445902,-0.132272254494771,0.508160143326916,0.537767461943098,0.127387937219476,-0.182597731583176,0.86099208403035,0.653182085612403,0.299692268917105,12,"5c5898e49fcbc40001dcbc42"
"1195",0.260361617758756,0.655400213813451,0.989966312504018,-0.0114169804523593,0.359220276814786,-0.850013918098313,0.462865359208264,0.841513651795858,0.190595377439327,-0.536935475103915,1.32951042734274,0.486061407791076,12,"59710ac7b174180001757d6a"
"1196",0.264545346322252,0.345868987584541,0.0965442332147686,0.412114176943227,0.489975158538184,0.884262377437262,0.554290707321614,0.0594562953957056,0.546164930373374,1.21455710035809,0.768374899857558,0.499618412968892,12,"647f87dfe5161fce9adc1b97"
"1197",0.494833134869206,0.0787184725405154,0.655580720619801,-0.308880475595467,0.131674792486714,0.78305189793581,0.163620703000593,0.329050507163225,-0.365911045685447,-0.59559229426347,0.610686336088753,0.427376507672977,12,"5c377642bc6444000133aae9"
"1198",0.637405087618083,0.402065035898768,0.499425676261503,0.168306073974696,0.495284031712807,-0.496451707028684,0.902809178449135,0.61664682588575,0.208349542008704,-0.343356542283536,0.941993064303496,0.518254877887628,12,"6100105892a2248ae5d48498"
"1199",0.502155707340509,0.348081017443387,0.116998774817593,0.267976056852309,0.457803407579185,1.13572164780723,0.569697311954145,0.242048252306587,0.304620277515852,0.242911929253815,0.275762039419728,0.382880587295185,12,"5b72d8042aeef10001972da0"
"1200",0.857669217787715,0.277580529249632,0.990990986600564,1.23207582830134,1.16332937591267,1.80200549280979,0.411334288524315,0.874104823621686,1.15253765691605,0.989577128973876,1.59163711158859,1.0245027160657,12,"59dfb372d838ae0001850662"
